{"abandoned": 1266, "merged": 11065, "new": 464, "pending": 464, "review_time_days_avg": 19.691936159486712, "review_time_days_median": 2.81625, "submitted": 12795}