{"abandoned": 5, "merged": 81, "new": 8, "pending": 8, "review_time_days_avg": 21.671042857142854, "review_time_days_median": 16.5602, "review_time_pending_days_avg": 148.09631249999998, "review_time_pending_days_median": 135.24854999999999, "review_time_pending_update_days_avg": 139.48803750000002, "review_time_pending_update_days_median": 135.24779999999998, "submitted": 94}