{"abandoned": 14, "merged": 236, "new": 9, "pending": 9, "review_time_days_avg": 3.7343407407407407, "review_time_days_median": 0.8884, "review_time_pending_days_avg": 17.902699999999999, "review_time_pending_days_median": 23.257100000000001, "submitted": 259}