{"abandoned": 6, "merged": 53, "new": 9, "pending": 9, "review_time_days_avg": 13.18290909090909, "review_time_days_median": 5.95235, "review_time_pending_days_avg": 125.45971999999998, "review_time_pending_days_median": 25.215299999999999, "submitted": 68}