{"abandoned": 2, "merged": 15, "new": 2, "pending": 2, "review_time_days_avg": 6.498233333333334, "review_time_days_median": 7.4547, "review_time_pending_days_avg": 38.288249999999998, "review_time_pending_days_median": 38.288249999999998, "review_time_pending_update_days_avg": 0.91965000000000008, "review_time_pending_update_days_median": 0.91965000000000008, "submitted": 19}