{"abandoned": 1, "merged": 8, "new": 1, "pending": 1, "review_time_days_avg": 32.46686666666667, "review_time_days_median": 30.207, "review_time_pending_days_avg": 42.412700000000001, "review_time_pending_days_median": 42.412700000000001, "review_time_pending_update_days_avg": 42.383400000000002, "review_time_pending_update_days_median": 42.383400000000002, "submitted": 10}