{"abandoned": 2, "merged": 43, "pending": 1, "review_time_days_avg": 182.56663333333327, "review_time_days_median": 191.99009999999998, "submitted": 46}