{"abandoned": 5, "merged": 95, "new": 5, "pending": 5, "review_time_days_avg": 2.8298625, "review_time_days_median": 0.66905, "review_time_pending_days_avg": 93.893624999999986, "review_time_pending_days_median": 99.978350000000006, "review_time_pending_update_days_avg": 71.305849999999992, "review_time_pending_update_days_median": 59.077200000000005, "submitted": 105}