{"abandoned": 5, "merged": 81, "new": 13, "pending": 13, "review_time_days_avg": 21.671042857142854, "review_time_days_median": 16.5602, "review_time_pending_days_avg": 104.96496923076926, "review_time_pending_days_median": 105.7563, "review_time_pending_update_days_avg": 99.631646153846148, "review_time_pending_update_days_median": 94.690399999999997, "submitted": 99}