{"abandoned": 60, "merged": 488, "new": 19, "pending": 19, "review_time_days_avg": 32.77889999999999, "review_time_days_median": 10.6663, "review_time_pending_days_avg": 277.58402666666666, "review_time_pending_days_median": 302.62139999999999, "review_time_pending_update_days_avg": 250.33762666666669, "review_time_pending_update_days_median": 289.69479999999999, "submitted": 567}