{"abandoned": 40, "merged": 230, "new": 11, "pending": 11, "review_time_days_avg": 17.794550819672132, "review_time_days_median": 2.2272, "review_time_pending_days_avg": 94.937211111111125, "review_time_pending_days_median": 65.177000000000007, "review_time_pending_update_days_avg": 65.842855555555559, "review_time_pending_update_days_median": 31.319600000000001, "submitted": 281}