{"abandoned": 5, "merged": 110, "new": 2, "pending": 2, "review_time_days_avg": 18.031579411764703, "review_time_days_median": 1.8802500000000002, "review_time_pending_days_avg": 134.83814999999998, "review_time_pending_days_median": 134.83814999999998, "submitted": 117}