{"abandoned": 3, "merged": 26, "new": 4, "pending": 4, "review_time_days_avg": 8.18594375, "review_time_days_median": 4.31615, "review_time_pending_days_avg": 49.952399999999997, "review_time_pending_days_median": 59.759500000000003, "review_time_pending_update_days_avg": 32.563025000000003, "review_time_pending_update_days_median": 34.499099999999999, "submitted": 33}