{"abandoned": 213, "merged": 3078, "new": 34, "pending": 34, "review_time_days_avg": 3.0236761676646653, "review_time_days_median": 0.2398, "review_time_pending_days_avg": 92.526011764705885, "review_time_pending_days_median": 58.851650000000006, "review_time_pending_update_days_avg": 53.288158823529407, "review_time_pending_update_days_median": 18.903849999999998, "submitted": 3325}