{"abandoned": 12, "merged": 454, "new": 2, "pending": 2, "review_time_days_avg": 43.654117142857146, "review_time_days_median": 9.0364, "review_time_pending_days_avg": 70.513500000000008, "review_time_pending_days_median": 70.513500000000008, "submitted": 468}