{"abandoned": 6, "merged": 139, "new": 13, "pending": 13, "review_time_days_avg": 10.060985714285717, "review_time_days_median": 1.6699000000000002, "review_time_pending_days_avg": 149.95076153846153, "review_time_pending_days_median": 201.67769999999999, "review_time_pending_update_days_avg": 137.38795384615383, "review_time_pending_update_days_median": 191.8827, "submitted": 158}