{"abandoned": 15, "merged": 447, "pending": 7, "review_time_days_avg": 104.63545769230767, "review_time_days_median": 95.30930000000001, "submitted": 469}