{"abandoned": 1, "merged": 302, "new": 4, "pending": 4, "review_time_days_avg": 76.32167000000001, "review_time_days_median": 5.94345, "review_time_pending_days_avg": 39.870899999999999, "review_time_pending_days_median": 46.531999999999996, "submitted": 307}