{"abandoned": 40, "merged": 422, "new": 9, "pending": 9, "review_time_days_avg": 22.06057346938775, "review_time_days_median": 3.076, "review_time_pending_days_avg": 99.287714285714301, "review_time_pending_days_median": 85.244900000000001, "submitted": 471}