{"abandoned": 34, "merged": 245, "new": 5, "pending": 5, "review_time_days_avg": 6.37353623188406, "review_time_days_median": 0.9426, "review_time_pending_days_avg": 77.219559999999987, "review_time_pending_days_median": 54.287199999999999, "review_time_pending_update_days_avg": 71.239540000000005, "review_time_pending_update_days_median": 54.266300000000001, "submitted": 284}