{"abandoned": 5, "merged": 81, "new": 8, "pending": 8, "review_time_days_avg": 21.671042857142854, "review_time_days_median": 16.5602, "review_time_pending_days_avg": 148.710375, "review_time_pending_days_median": 135.86259999999999, "review_time_pending_update_days_avg": 140.10211250000003, "review_time_pending_update_days_median": 135.86189999999999, "submitted": 94}