{"abandoned": 1, "merged": 35, "new": 3, "pending": 3, "review_time_days_avg": 53.03986666666667, "review_time_days_median": 3.9379, "review_time_pending_days_avg": 85.025300000000001, "review_time_pending_days_median": 85.025300000000001, "review_time_pending_update_days_avg": 50.665649999999999, "review_time_pending_update_days_median": 50.665649999999999, "submitted": 39}