{"abandoned": 27, "merged": 268, "new": 3, "pending": 3, "review_time_days_avg": 11.312865789473683, "review_time_days_median": 1.8154, "review_time_pending_days_avg": 21.009933333333333, "review_time_pending_days_median": 19.7986, "review_time_pending_update_days_avg": 9.4945666666666657, "review_time_pending_update_days_median": 4.9420000000000002, "submitted": 298}