{"abandoned": 10, "merged": 45, "new": 6, "pending": 6, "review_time_days_avg": 9.216717647058823, "review_time_days_median": 0.99095, "review_time_pending_days_avg": 9.4741500000000016, "review_time_pending_days_median": 8.0865000000000009, "review_time_pending_update_days_avg": 2.5426500000000001, "review_time_pending_update_days_median": 2.6619999999999999, "submitted": 61}