{"abandoned": 1292, "merged": 10637, "new": 480, "pending": 480, "review_time_days_avg": 14.779522813315932, "review_time_days_median": 0.89485, "review_time_pending_days_avg": 105.49895968586375, "review_time_pending_days_median": 68.505200000000002, "submitted": 12409}