{"abandoned": 204, "merged": 3011, "new": 33, "pending": 33, "review_time_days_avg": 2.9450822871348628, "review_time_days_median": 0.2504, "review_time_pending_days_avg": 108.04329090909091, "review_time_pending_days_median": 93.709599999999995, "submitted": 3248}