{"abandoned": 1, "merged": 144, "new": 1, "pending": 1, "review_time_days_avg": 0.19813333333333336, "review_time_days_median": 0.2213, "review_time_pending_days_avg": 2.6116999999999999, "review_time_pending_days_median": 2.6116999999999999, "submitted": 146}