{"abandoned": 5, "merged": 138, "new": 11, "pending": 11, "review_time_days_avg": 10.243430909090911, "review_time_days_median": 1.8345, "review_time_pending_days_avg": 165.15774545454545, "review_time_pending_days_median": 197.22569999999999, "review_time_pending_update_days_avg": 152.49324545454547, "review_time_pending_update_days_median": 183.07570000000001, "submitted": 154}