{"abandoned": 13, "merged": 78, "new": 6, "pending": 6, "review_time_days_avg": 2.1693666666666664, "review_time_days_median": 0.3058, "review_time_pending_days_avg": 93.716120000000004, "review_time_pending_days_median": 63.343800000000002, "review_time_pending_update_days_avg": 64.049160000000001, "review_time_pending_update_days_median": 60.618299999999998, "submitted": 97}