{"abandoned": 7, "merged": 11, "new": 1, "pending": 1, "review_time_days_avg": 22.064533333333333, "review_time_days_median": 30.1796, "review_time_pending_days_avg": 27.816800000000001, "review_time_pending_days_median": 27.816800000000001, "review_time_pending_update_days_avg": 2.2082000000000002, "review_time_pending_update_days_median": 2.2082000000000002, "submitted": 19}