{"abandoned": 200, "merged": 3396, "new": 38, "pending": 38, "review_time_days_avg": 4.178343151298114, "review_time_days_median": 0.8998, "review_time_pending_days_avg": 94.257757894736855, "review_time_pending_days_median": 78.270549999999986, "submitted": 3634}