{"abandoned": 4, "merged": 42, "new": 1, "pending": 1, "review_time_days_avg": 11.311040000000002, "review_time_days_median": 4.1637, "review_time_pending_days_avg": 102.78579999999999, "review_time_pending_days_median": 102.78579999999999, "review_time_pending_update_days_avg": 6.7081999999999997, "review_time_pending_update_days_median": 6.7081999999999997, "submitted": 47}