{"abandoned": 208, "merged": 3698, "new": 34, "pending": 34, "review_time_days_avg": 8.626231228668942, "review_time_days_median": 3.0426, "review_time_pending_days_avg": 46.442712121212118, "review_time_pending_days_median": 16.6692, "submitted": 3940}