{"abandoned": 12, "merged": 76, "new": 8, "pending": 8, "review_time_days_avg": 19.59809411764706, "review_time_days_median": 7.2355, "review_time_pending_days_avg": 127.16803750000003, "review_time_pending_days_median": 106.93205, "review_time_pending_update_days_avg": 57.275174999999997, "review_time_pending_update_days_median": 17.121299999999998, "submitted": 96}