{"abandoned": 2, "merged": 20, "new": 3, "pending": 3, "review_time_days_avg": 21.343671428571422, "review_time_days_median": 0.1311, "review_time_pending_days_avg": 320.41430000000003, "review_time_pending_days_median": 320.41430000000003, "review_time_pending_update_days_avg": 207.26974999999999, "review_time_pending_update_days_median": 207.26974999999999, "submitted": 25}