{"abandoned": 1307, "merged": 10746, "new": 483, "pending": 483, "review_time_days_avg": 14.689911072335041, "review_time_days_median": 0.89715, "review_time_pending_days_avg": 107.31370415584404, "review_time_pending_days_median": 71.839600000000004, "review_time_pending_update_days_avg": 58.350010389610404, "review_time_pending_update_days_median": 30.045400000000001, "submitted": 12536}