{"abandoned": 9, "merged": 397, "new": 3, "pending": 3, "review_time_days_avg": 7.115138372093021, "review_time_days_median": 1.9167, "review_time_pending_days_avg": 8.0290333333333326, "review_time_pending_days_median": 7.8571999999999997, "submitted": 409}