{"abandoned": 5, "merged": 529, "new": 2, "pending": 2, "review_time_days_avg": 17.528474285714285, "review_time_days_median": 1.5313, "review_time_pending_days_avg": 134.63310000000001, "review_time_pending_days_median": 134.63310000000001, "submitted": 536}