{"abandoned": 11, "merged": 50, "new": 13, "pending": 13, "review_time_days_avg": 10.644491176470586, "review_time_days_median": 3.82495, "review_time_pending_days_avg": 149.03661538461537, "review_time_pending_days_median": 76.009200000000007, "review_time_pending_update_days_avg": 118.87674615384614, "review_time_pending_update_days_median": 71.541899999999998, "submitted": 74}