{"abandoned": 2, "merged": 17, "new": 2, "pending": 2, "review_time_days_avg": 11.710171428571428, "review_time_days_median": 5.3892, "review_time_pending_days_avg": 223.33529999999999, "review_time_pending_days_median": 223.33529999999999, "review_time_pending_update_days_avg": 222.54874999999998, "review_time_pending_update_days_median": 222.54874999999998, "submitted": 21}