{"abandoned": 8, "merged": 30, "new": 6, "pending": 6, "review_time_days_avg": 4.506578571428571, "review_time_days_median": 0.56165, "review_time_pending_days_avg": 66.756500000000003, "review_time_pending_days_median": 67.969300000000004, "submitted": 44}