{"abandoned": 7, "merged": 120, "pending": 12, "review_time_days_avg": 34.50324782608696, "review_time_days_median": 3.0854999999999997, "submitted": 139}