{"abandoned": 12, "merged": 454, "new": 2, "pending": 2, "review_time_days_avg": 38.189375000000005, "review_time_days_median": 7.041300000000001, "review_time_pending_days_avg": 71.739149999999995, "review_time_pending_days_median": 71.739149999999995, "submitted": 468}