{"abandoned": 31, "merged": 232, "new": 8, "pending": 8, "review_time_days_avg": 6.242028571428575, "review_time_days_median": 2.01, "review_time_pending_days_avg": 60.508042857142854, "review_time_pending_days_median": 33.251600000000003, "submitted": 271}