{"abandoned": 4, "merged": 42, "new": 1, "pending": 1, "review_time_days_avg": 11.311040000000002, "review_time_days_median": 4.1637, "review_time_pending_days_avg": 95.159099999999995, "review_time_pending_days_median": 95.159099999999995, "review_time_pending_update_days_avg": 36.903799999999997, "review_time_pending_update_days_median": 36.903799999999997, "submitted": 47}