{"abandoned": 2, "merged": 154, "new": 2, "pending": 2, "review_time_days_avg": 13.660316666666667, "review_time_days_median": 8.26245, "review_time_pending_days_avg": 197.31479999999999, "review_time_pending_days_median": 197.31479999999999, "submitted": 158}