{"abandoned": 20, "merged": 56, "pending": 0, "review_time_days_avg": 47.29163333333334, "review_time_days_median": 9.991150000000001, "submitted": 76}