{"abandoned": 57, "merged": 336, "new": 25, "pending": 25, "review_time_days_avg": 4.841525252525252, "review_time_days_median": 0.0497, "review_time_pending_days_avg": 193.35116249999996, "review_time_pending_days_median": 238.67435, "review_time_pending_update_days_avg": 170.15472916666667, "review_time_pending_update_days_median": 180.71035000000001, "submitted": 418}