{"abandoned": 34, "merged": 453, "new": 13, "pending": 13, "review_time_days_avg": 3.1730141414141424, "review_time_days_median": 0.4971, "review_time_pending_days_avg": 95.799407692307696, "review_time_pending_days_median": 92.701899999999995, "submitted": 500}