{"abandoned": 213, "merged": 3097, "new": 36, "pending": 36, "review_time_days_avg": 3.0982595139300484, "review_time_days_median": 0.2397, "review_time_pending_days_avg": 88.242988888888874, "review_time_pending_days_median": 52.327300000000001, "review_time_pending_update_days_avg": 53.185674999999989, "review_time_pending_update_days_median": 18.191850000000002, "submitted": 3346}