{"abandoned": 25, "merged": 473, "new": 3, "pending": 3, "review_time_days_avg": 10.767329166666668, "review_time_days_median": 3.0408, "review_time_pending_days_avg": 42.777166666666666, "review_time_pending_days_median": 17.719799999999999, "submitted": 501}