{"abandoned": 12, "merged": 128, "new": 2, "pending": 2, "review_time_days_avg": 44.92790294117648, "review_time_days_median": 10.60715, "review_time_pending_days_avg": 71.726950000000002, "review_time_pending_days_median": 71.726950000000002, "submitted": 142}