{"abandoned": 37, "merged": 279, "new": 8, "pending": 8, "review_time_days_avg": 4.497313636363633, "review_time_days_median": 0.2752, "review_time_pending_days_avg": 104.48234285714284, "review_time_pending_days_median": 12.744300000000001, "review_time_pending_update_days_avg": 103.56422857142857, "review_time_pending_update_days_median": 9.3641000000000005, "submitted": 324}