{"abandoned": 15, "merged": 500, "pending": 3, "review_time_days_avg": 1.9845988281250007, "review_time_days_median": 0.8284499999999999, "submitted": 518}