{"abandoned": 1357, "merged": 10945, "new": 457, "pending": 457, "review_time_days_avg": 14.715115326708847, "review_time_days_median": 0.9194, "review_time_pending_days_avg": 113.08971491712721, "review_time_pending_days_median": 77.509550000000004, "review_time_pending_update_days_avg": 65.281945580110431, "review_time_pending_update_days_median": 37.802199999999999, "submitted": 12759}