{"abandoned": 6, "merged": 53, "new": 9, "pending": 9, "review_time_days_avg": 15.26393157894737, "review_time_days_median": 6.0307, "review_time_pending_days_avg": 124.65081999999998, "review_time_pending_days_median": 24.406400000000001, "submitted": 68}