{"abandoned": 28, "merged": 327, "new": 16, "pending": 16, "review_time_days_avg": 4.440290140845071, "review_time_days_median": 0.15875, "review_time_pending_days_avg": 84.206418750000012, "review_time_pending_days_median": 74.159050000000008, "review_time_pending_update_days_avg": 60.764824999999995, "review_time_pending_update_days_median": 38.170450000000002, "submitted": 371}