{"abandoned": 2, "merged": 24, "new": 4, "pending": 4, "review_time_days_avg": 59.784076923076924, "review_time_days_median": 12.1183, "review_time_pending_days_avg": 58.420733333333338, "review_time_pending_days_median": 62.401800000000001, "review_time_pending_update_days_avg": 57.062366666666669, "review_time_pending_update_days_median": 62.401400000000002, "submitted": 30}