{"abandoned": 86, "merged": 1545, "new": 8, "pending": 8, "review_time_days_avg": 4.646811467889905, "review_time_days_median": 0.3092, "review_time_pending_days_avg": 79.273562500000011, "review_time_pending_days_median": 73.415700000000001, "review_time_pending_update_days_avg": 31.042537500000002, "review_time_pending_update_days_median": 8.1380999999999997, "submitted": 1639}