{"abandoned": 4, "merged": 13, "new": 4, "pending": 4, "review_time_days_avg": 8.968018181818183, "review_time_days_median": 5.6485, "review_time_pending_days_avg": 20.781924999999998, "review_time_pending_days_median": 23.103349999999999, "review_time_pending_update_days_avg": 9.2505749999999995, "review_time_pending_update_days_median": 7.4900500000000001, "submitted": 21}