{"abandoned": 6, "merged": 39, "new": 1, "pending": 1, "review_time_days_avg": 7.5890666666666675, "review_time_days_median": 0.4781, "review_time_pending_days_avg": 94.238799999999998, "review_time_pending_days_median": 94.238799999999998, "review_time_pending_update_days_avg": 65.720299999999995, "review_time_pending_update_days_median": 65.720299999999995, "submitted": 46}