{"abandoned": 2, "merged": 11, "new": 2, "pending": 2, "review_time_days_avg": 181.11366666666666, "review_time_days_median": 10.9387, "review_time_pending_days_avg": 20.004300000000001, "review_time_pending_days_median": 20.004300000000001, "submitted": 15}