{"abandoned": 5, "merged": 37, "new": 3, "pending": 3, "review_time_days_avg": 6.759242857142857, "review_time_days_median": 0.9522999999999999, "review_time_pending_days_avg": 12.556466666666665, "review_time_pending_days_median": 11.0364, "submitted": 45}