{"abandoned": 5, "merged": 178, "new": 9, "pending": 9, "review_time_days_avg": 35.23437142857143, "review_time_days_median": 17.0082, "review_time_pending_days_avg": 179.32073333333335, "review_time_pending_days_median": 180.81560000000002, "review_time_pending_update_days_avg": 140.50115, "review_time_pending_update_days_median": 75.238200000000006, "submitted": 192}