{"abandoned": 62, "merged": 624, "new": 26, "pending": 26, "review_time_days_avg": 3.4826889558232934, "review_time_days_median": 0.6719999999999999, "review_time_pending_days_avg": 79.080938461538452, "review_time_pending_days_median": 48.850049999999996, "review_time_pending_update_days_avg": 56.566034615384631, "review_time_pending_update_days_median": 40.414900000000003, "submitted": 712}