{"abandoned": 40, "merged": 423, "new": 9, "pending": 9, "review_time_days_avg": 18.639277586206894, "review_time_days_median": 2.5198, "review_time_pending_days_avg": 101.51317142857143, "review_time_pending_days_median": 87.470399999999998, "submitted": 472}