{"abandoned": 3, "merged": 77, "pending": 0, "review_time_days_avg": 236.92394499999995, "review_time_days_median": 301.87080000000003, "submitted": 80}