{"abandoned": 86, "merged": 1546, "new": 11, "pending": 11, "review_time_days_avg": 4.636185125858121, "review_time_days_median": 0.3067, "review_time_pending_days_avg": 62.543354545454548, "review_time_pending_days_median": 32.412500000000001, "review_time_pending_update_days_avg": 26.837663636363644, "review_time_pending_update_days_median": 6.9459999999999997, "submitted": 1643}