{"abandoned": 110, "merged": 654, "new": 8, "pending": 8, "review_time_days_avg": 2.875014418604651, "review_time_days_median": 0.3502, "review_time_pending_days_avg": 74.223887500000004, "review_time_pending_days_median": 72.385300000000001, "submitted": 772}