{"abandoned": 11, "merged": 49, "new": 14, "pending": 14, "review_time_days_avg": 10.34912424242424, "review_time_days_median": 3.7447, "review_time_pending_days_avg": 134.15637142857145, "review_time_pending_days_median": 67.750200000000007, "submitted": 74}