{"abandoned": 2, "merged": 50, "pending": 0, "review_time_days_avg": 174.89062894736844, "review_time_days_median": 177.18464999999998, "submitted": 52}