{"abandoned": 26, "merged": 317, "new": 15, "pending": 15, "review_time_days_avg": 4.503800746268657, "review_time_days_median": 0.15875, "review_time_pending_days_avg": 78.023080000000007, "review_time_pending_days_median": 64.242000000000004, "submitted": 358}