{"abandoned": 63, "merged": 990, "new": 13, "pending": 13, "review_time_days_avg": 2.2711578207381358, "review_time_days_median": 0.1776, "review_time_pending_days_avg": 45.916638461538454, "review_time_pending_days_median": 6.6673999999999998, "review_time_pending_update_days_avg": 11.011569230769229, "review_time_pending_update_days_median": 4.1120000000000001, "submitted": 1066}