{"abandoned": 142, "merged": 847, "new": 9, "pending": 9, "review_time_days_avg": 12.443295081967216, "review_time_days_median": 0.2625, "review_time_pending_days_avg": 221.76224285714287, "review_time_pending_days_median": 247.09110000000001, "review_time_pending_update_days_avg": 89.370442857142848, "review_time_pending_update_days_median": 99.632400000000004, "submitted": 998}