{"abandoned": 11, "merged": 50, "new": 13, "pending": 13, "review_time_days_avg": 10.644491176470586, "review_time_days_median": 3.82495, "review_time_pending_days_avg": 150.08403076923076, "review_time_pending_days_median": 77.056600000000003, "review_time_pending_update_days_avg": 119.92415384615387, "review_time_pending_update_days_median": 72.589299999999994, "submitted": 74}