{"abandoned": 214, "merged": 3108, "new": 36, "pending": 36, "review_time_days_avg": 3.091908023598815, "review_time_days_median": 0.2383, "review_time_pending_days_avg": 82.701019444444483, "review_time_pending_days_median": 49.838350000000005, "review_time_pending_update_days_avg": 47.290263888888894, "review_time_pending_update_days_median": 20.247, "submitted": 3358}