{"abandoned": 6, "merged": 177, "new": 4, "pending": 4, "review_time_days_avg": 6.69451304347826, "review_time_days_median": 0.61905, "review_time_pending_days_avg": 116.77074999999999, "review_time_pending_days_median": 111.87754999999999, "submitted": 187}