{"abandoned": 40, "merged": 227, "new": 10, "pending": 10, "review_time_days_avg": 18.639277586206894, "review_time_days_median": 2.5198, "review_time_pending_days_avg": 92.287537500000013, "review_time_pending_days_median": 71.053699999999992, "submitted": 277}