{"abandoned": 37, "merged": 274, "new": 4, "pending": 4, "review_time_days_avg": 4.647562352941173, "review_time_days_median": 0.2945, "review_time_pending_days_avg": 214.57416666666666, "review_time_pending_days_median": 211.20699999999999, "submitted": 315}