{"abandoned": 6, "merged": 60, "new": 3, "pending": 3, "review_time_days_avg": 11.472470212765955, "review_time_days_median": 2.3152, "review_time_pending_days_avg": 24.196000000000002, "review_time_pending_days_median": 2.4214000000000002, "review_time_pending_update_days_avg": 23.473533333333332, "review_time_pending_update_days_median": 2.1053999999999999, "submitted": 69}