{"abandoned": 49, "merged": 151, "new": 11, "pending": 11, "review_time_days_avg": 4.730732653061223, "review_time_days_median": 0.685, "review_time_pending_days_avg": 60.431900000000006, "review_time_pending_days_median": 25.831900000000001, "submitted": 211}