{"abandoned": 40, "merged": 227, "new": 9, "pending": 9, "review_time_days_avg": 22.06057346938775, "review_time_days_median": 3.076, "review_time_pending_days_avg": 101.47022857142858, "review_time_pending_days_median": 87.427400000000006, "submitted": 276}