{"abandoned": 4, "merged": 40, "new": 1, "pending": 1, "review_time_days_avg": 18.1997375, "review_time_days_median": 5.0418, "review_time_pending_days_avg": 185.59309999999999, "review_time_pending_days_median": 185.59309999999999, "review_time_pending_update_days_avg": 185.59270000000001, "review_time_pending_update_days_median": 185.59270000000001, "submitted": 45}