{"abandoned": 57, "merged": 324, "new": 23, "pending": 23, "review_time_days_avg": 5.359529545454544, "review_time_days_median": 0.046450000000000005, "review_time_pending_days_avg": 193.66856363636364, "review_time_pending_days_median": 287.7362, "submitted": 404}