{"abandoned": 35, "merged": 460, "new": 12, "pending": 12, "review_time_days_avg": 3.981266666666668, "review_time_days_median": 0.5199, "review_time_pending_days_avg": 103.05773333333333, "review_time_pending_days_median": 109.4328, "review_time_pending_update_days_avg": 75.383341666666652, "review_time_pending_update_days_median": 61.450699999999998, "submitted": 507}