{"abandoned": 5, "merged": 81, "new": 8, "pending": 8, "review_time_days_avg": 25.28103333333333, "review_time_days_median": 16.5983, "review_time_pending_days_avg": 140.67751250000001, "review_time_pending_days_median": 127.82974999999999, "submitted": 94}