{"abandoned": 110, "merged": 651, "new": 8, "pending": 8, "review_time_days_avg": 4.1055285714285725, "review_time_days_median": 1.2949, "review_time_pending_days_avg": 69.652875000000009, "review_time_pending_days_median": 66.389800000000008, "submitted": 769}