{"abandoned": 6, "merged": 56, "new": 4, "pending": 4, "review_time_days_avg": 11.608511627906976, "review_time_days_median": 2.1879, "review_time_pending_days_avg": 17.749100000000002, "review_time_pending_days_median": 7.7675999999999998, "submitted": 66}