{"abandoned": 37, "merged": 296, "new": 21, "pending": 21, "review_time_days_avg": 4.117122177419356, "review_time_days_median": 1.13155, "review_time_pending_days_avg": 33.866447619047619, "review_time_pending_days_median": 21.506699999999999, "review_time_pending_update_days_avg": 24.229847619047622, "review_time_pending_update_days_median": 13.4221, "submitted": 354}