{"abandoned": 35, "merged": 460, "new": 12, "pending": 12, "review_time_days_avg": 3.981266666666668, "review_time_days_median": 0.5199, "review_time_pending_days_avg": 100.10471666666668, "review_time_pending_days_median": 106.47980000000001, "review_time_pending_update_days_avg": 72.430333333333337, "review_time_pending_update_days_median": 58.497650000000007, "submitted": 507}