{"abandoned": 62, "merged": 606, "new": 24, "pending": 24, "review_time_days_avg": 4.436962500000003, "review_time_days_median": 1.05365, "review_time_pending_days_avg": 76.668566666666678, "review_time_pending_days_median": 52.827500000000001, "submitted": 692}