{"abandoned": 1, "merged": 31, "new": 4, "pending": 4, "review_time_days_avg": 84.76360000000001, "review_time_days_median": 6.4485, "review_time_pending_days_avg": 44.521999999999998, "review_time_pending_days_median": 51.183100000000003, "submitted": 36}