{"abandoned": 29, "merged": 596, "new": 10, "pending": 10, "review_time_days_avg": 6.249454000000002, "review_time_days_median": 0.82195, "review_time_pending_days_avg": 64.08583999999999, "review_time_pending_days_median": 33.510550000000002, "submitted": 635}