{"abandoned": 61, "merged": 998, "new": 20, "pending": 20, "review_time_days_avg": 32.20032545454545, "review_time_days_median": 10.1583, "review_time_pending_days_avg": 258.13663124999994, "review_time_pending_days_median": 289.55915000000005, "submitted": 1079}