{"abandoned": 23, "merged": 331, "new": 3, "pending": 3, "review_time_days_avg": 1.692885185185185, "review_time_days_median": 0.7206, "review_time_pending_days_avg": 116.94350000000001, "review_time_pending_days_median": 49.306800000000003, "review_time_pending_update_days_avg": 102.05586666666666, "review_time_pending_update_days_median": 46.753500000000003, "submitted": 357}