{"abandoned": 43, "merged": 490, "new": 20, "pending": 20, "review_time_days_avg": 8.926303517587941, "review_time_days_median": 2.0951, "review_time_pending_days_avg": 148.55291666666665, "review_time_pending_days_median": 144.34370000000001, "review_time_pending_update_days_avg": 103.04588333333334, "review_time_pending_update_days_median": 95.336549999999988, "submitted": 553}