{"abandoned": 69, "merged": 386, "new": 42, "pending": 42, "review_time_days_avg": 18.06708815789473, "review_time_days_median": 1.36415, "review_time_pending_days_avg": 198.57785384615389, "review_time_pending_days_median": 179.26184999999998, "review_time_pending_update_days_avg": 160.25143076923075, "review_time_pending_update_days_median": 171.68799999999999, "submitted": 497}