{"abandoned": 57, "merged": 326, "new": 22, "pending": 22, "review_time_days_avg": 5.2853699999999995, "review_time_days_median": 0.0504, "review_time_pending_days_avg": 206.85675714285713, "review_time_pending_days_median": 292.28559999999999, "submitted": 405}