{"abandoned": 1280, "merged": 11121, "new": 449, "pending": 449, "review_time_days_avg": 19.870418177697196, "review_time_days_median": 2.8236, "review_time_pending_days_avg": 111.11323999999981, "review_time_pending_days_median": 82.376999999999995, "submitted": 12850}