{"abandoned": 110, "merged": 658, "new": 8, "pending": 8, "review_time_days_avg": 2.9147260273972604, "review_time_days_median": 0.364, "review_time_pending_days_avg": 86.07221250000002, "review_time_pending_days_median": 87.314099999999996, "review_time_pending_update_days_avg": 42.879412500000001, "review_time_pending_update_days_median": 50.947299999999998, "submitted": 776}