{"abandoned": 2, "merged": 19, "new": 4, "pending": 4, "review_time_days_avg": 23.242199999999997, "review_time_days_median": 0.10025, "review_time_pending_days_avg": 211.51633333333334, "review_time_pending_days_median": 312.45490000000001, "review_time_pending_update_days_avg": 136.08663333333334, "review_time_pending_update_days_median": 199.31030000000001, "submitted": 25}