{"abandoned": 37, "merged": 279, "new": 8, "pending": 8, "review_time_days_avg": 4.497313636363633, "review_time_days_median": 0.2752, "review_time_pending_days_avg": 102.66531428571427, "review_time_pending_days_median": 10.927199999999999, "review_time_pending_update_days_avg": 101.74718571428572, "review_time_pending_update_days_median": 7.5471000000000004, "submitted": 324}