{"abandoned": 25, "merged": 199, "new": 3, "pending": 3, "review_time_days_avg": 9.230671428571428, "review_time_days_median": 1.99095, "review_time_pending_days_avg": 43.740700000000004, "review_time_pending_days_median": 18.683299999999999, "submitted": 227}