{"abandoned": 340, "merged": 3650, "new": 12, "pending": 12, "review_time_days_avg": 4.272874082073434, "review_time_days_median": 1.8258, "review_time_pending_days_avg": 38.031683333333334, "review_time_pending_days_median": 25.399000000000001, "submitted": 4002}