{"abandoned": 209, "merged": 3714, "new": 37, "pending": 37, "review_time_days_avg": 8.621340715502555, "review_time_days_median": 3.0475, "review_time_pending_days_avg": 39.330275, "review_time_pending_days_median": 13.883749999999999, "submitted": 3960}