{"abandoned": 12, "merged": 36, "new": 1, "pending": 1, "review_time_days_avg": 0.2129777777777778, "review_time_days_median": 0.2574, "review_time_pending_days_avg": 80.714299999999994, "review_time_pending_days_median": 80.714299999999994, "review_time_pending_update_days_avg": 80.406300000000002, "review_time_pending_update_days_median": 80.406300000000002, "submitted": 49}