{"abandoned": 12, "merged": 671, "pending": 10, "review_time_days_avg": 121.38758198198194, "review_time_days_median": 132.93155000000002, "submitted": 693}