{"abandoned": 36, "merged": 471, "new": 8, "pending": 8, "review_time_days_avg": 4.893864734299519, "review_time_days_median": 0.5287, "review_time_pending_days_avg": 109.31908749999999, "review_time_pending_days_median": 123.5087, "review_time_pending_update_days_avg": 83.359612499999997, "review_time_pending_update_days_median": 83.768349999999998, "submitted": 515}