{"abandoned": 15, "merged": 79, "new": 4, "pending": 4, "review_time_days_avg": 2.0749727272727267, "review_time_days_median": 0.25775000000000003, "review_time_pending_days_avg": 91.156066666666661, "review_time_pending_days_median": 78.325400000000002, "review_time_pending_update_days_avg": 45.278866666666666, "review_time_pending_update_days_median": 43.383299999999998, "submitted": 98}