{"abandoned": 26, "merged": 376, "new": 6, "pending": 6, "review_time_days_avg": 4.956903571428568, "review_time_days_median": 0.3038, "review_time_pending_days_avg": 96.264533333333347, "review_time_pending_days_median": 113.5681, "review_time_pending_update_days_avg": 94.106399999999965, "review_time_pending_update_days_median": 113.01384999999999, "submitted": 408}