{"abandoned": 8, "merged": 132, "new": 10, "pending": 10, "review_time_days_avg": 9.335044303797467, "review_time_days_median": 0.0345, "review_time_pending_days_avg": 95.584733333333332, "review_time_pending_days_median": 67.392200000000003, "submitted": 150}