{"abandoned": 11, "merged": 53, "new": 5, "pending": 5, "review_time_days_avg": 8.434227906976746, "review_time_days_median": 1.0072, "review_time_pending_days_avg": 9.1657200000000021, "review_time_pending_days_median": 1.3454999999999999, "review_time_pending_update_days_avg": 3.7030000000000003, "review_time_pending_update_days_median": 1.3454999999999999, "submitted": 69}