{"abandoned": 3, "merged": 14, "new": 2, "pending": 2, "review_time_days_avg": 41.764316666666666, "review_time_days_median": 10.7538, "review_time_pending_days_avg": 117.97579999999999, "review_time_pending_days_median": 117.97579999999999, "review_time_pending_update_days_avg": 36.172049999999999, "review_time_pending_update_days_median": 36.172049999999999, "submitted": 19}