{"abandoned": 4, "merged": 558, "pending": 2, "review_time_days_avg": 14.304233333333332, "review_time_days_median": 2.9177999999999997, "submitted": 564}