{"abandoned": 204, "merged": 3037, "new": 38, "pending": 38, "review_time_days_avg": 2.961552750611242, "review_time_days_median": 0.24280000000000002, "review_time_pending_days_avg": 96.173468421052618, "review_time_pending_days_median": 72.139750000000006, "review_time_pending_update_days_avg": 54.438131578947342, "review_time_pending_update_days_median": 19.209350000000001, "submitted": 3279}