{"abandoned": 13, "merged": 168, "new": 14, "pending": 14, "review_time_days_avg": 10.07844255319149, "review_time_days_median": 1.3559999999999999, "review_time_pending_days_avg": 106.07087142857142, "review_time_pending_days_median": 121.20805, "review_time_pending_update_days_avg": 60.110864285714285, "review_time_pending_update_days_median": 57.849550000000001, "submitted": 195}