{"abandoned": 1, "merged": 15, "new": 2, "pending": 2, "review_time_days_avg": 9.184483333333333, "review_time_days_median": 0.6224000000000001, "review_time_pending_days_avg": 27.418749999999999, "review_time_pending_days_median": 27.418749999999999, "submitted": 18}