{"abandoned": 372, "merged": 4358, "new": 45, "pending": 45, "review_time_days_avg": 5.128814929388029, "review_time_days_median": 0.7601, "review_time_pending_days_avg": 75.914897727272717, "review_time_pending_days_median": 46.425699999999999, "review_time_pending_update_days_avg": 40.246756818181822, "review_time_pending_update_days_median": 11.680949999999999, "submitted": 4775}