{"abandoned": 20, "merged": 221, "new": 8, "pending": 8, "review_time_days_avg": 16.752765625, "review_time_days_median": 0.6789000000000001, "review_time_pending_days_avg": 96.387320000000003, "review_time_pending_days_median": 105.0321, "review_time_pending_update_days_avg": 63.763200000000005, "review_time_pending_update_days_median": 83.429299999999998, "submitted": 249}