{"abandoned": 34, "merged": 456, "new": 13, "pending": 13, "review_time_days_avg": 3.1684150753768856, "review_time_days_median": 0.5081, "review_time_pending_days_avg": 101.99750769230769, "review_time_pending_days_median": 98.900000000000006, "review_time_pending_update_days_avg": 65.624338461538485, "review_time_pending_update_days_median": 38.057299999999998, "submitted": 503}