{"abandoned": 19, "merged": 455, "new": 3, "pending": 3, "review_time_days_avg": 1.3190768292682926, "review_time_days_median": 0.133, "review_time_pending_days_avg": 14.756100000000002, "review_time_pending_days_median": 4.4690000000000003, "review_time_pending_update_days_avg": 11.5268, "review_time_pending_update_days_median": 3.5175999999999998, "submitted": 477}