{"abandoned": 3, "merged": 110, "new": 8, "pending": 8, "review_time_days_avg": 2.6152, "review_time_days_median": 3.8716, "review_time_pending_days_avg": 14.834687499999999, "review_time_pending_days_median": 8.0679999999999996, "review_time_pending_update_days_avg": 14.799849999999999, "review_time_pending_update_days_median": 8.0679999999999996, "submitted": 121}