{"abandoned": 19, "merged": 248, "new": 8, "pending": 8, "review_time_days_avg": 3.2462630434782604, "review_time_days_median": 0.45775, "review_time_pending_days_avg": 23.29935, "review_time_pending_days_median": 19.142150000000001, "review_time_pending_update_days_avg": 6.2726500000000005, "review_time_pending_update_days_median": 2.5437000000000003, "submitted": 275}