{"abandoned": 66, "merged": 894, "new": 49, "pending": 49, "review_time_days_avg": 18.478346226415084, "review_time_days_median": 2.5846999999999998, "review_time_pending_days_avg": 156.47765624999997, "review_time_pending_days_median": 153.47354999999999, "submitted": 1009}