{"abandoned": 8, "merged": 190, "pending": 5, "review_time_days_avg": 214.53953272727261, "review_time_days_median": 232.37849999999997, "submitted": 203}