{"abandoned": 25, "merged": 199, "new": 8, "pending": 8, "review_time_days_avg": 17.73255176470589, "review_time_days_median": 2.1456, "review_time_pending_days_avg": 154.3974, "review_time_pending_days_median": 169.71270000000001, "review_time_pending_update_days_avg": 104.27802857142858, "review_time_pending_update_days_median": 136.89500000000001, "submitted": 232}