{"abandoned": 60, "merged": 488, "new": 19, "pending": 19, "review_time_days_avg": 32.77889999999999, "review_time_days_median": 10.6663, "review_time_pending_days_avg": 281.51526666666666, "review_time_pending_days_median": 306.55259999999998, "review_time_pending_update_days_avg": 254.2688866666667, "review_time_pending_update_days_median": 293.62599999999998, "submitted": 567}