{"abandoned": 199, "merged": 3391, "new": 33, "pending": 33, "review_time_days_avg": 4.184608805031442, "review_time_days_median": 0.8998, "review_time_pending_days_avg": 107.7767575757576, "review_time_pending_days_median": 103.5669, "submitted": 3623}