{"abandoned": 2, "merged": 24, "new": 1, "pending": 1, "review_time_days_avg": 26.84754285714286, "review_time_days_median": 0.8223, "review_time_pending_days_avg": 321.70659999999998, "review_time_pending_days_median": 321.70659999999998, "review_time_pending_update_days_avg": 201.64349999999999, "review_time_pending_update_days_median": 201.64349999999999, "submitted": 27}