{"abandoned": 26, "merged": 388, "new": 10, "pending": 10, "review_time_days_avg": 4.846914754098357, "review_time_days_median": 1.0483, "review_time_pending_days_avg": 63.383579999999995, "review_time_pending_days_median": 17.027349999999998, "review_time_pending_update_days_avg": 61.349770000000014, "review_time_pending_update_days_median": 13.542199999999999, "submitted": 424}