{"abandoned": 60, "merged": 488, "new": 19, "pending": 19, "review_time_days_avg": 32.77889999999999, "review_time_days_median": 10.6663, "review_time_pending_days_avg": 280.56843999999995, "review_time_pending_days_median": 305.60579999999999, "review_time_pending_update_days_avg": 253.32205333333332, "review_time_pending_update_days_median": 292.67919999999998, "submitted": 567}