{"abandoned": 142, "merged": 846, "new": 9, "pending": 9, "review_time_days_avg": 12.63650666666667, "review_time_days_median": 0.25855, "review_time_pending_days_avg": 214.72692857142857, "review_time_pending_days_median": 240.0558, "review_time_pending_update_days_avg": 82.335114285714283, "review_time_pending_update_days_median": 92.596999999999994, "submitted": 997}