{"abandoned": 0, "merged": 5, "new": 1, "pending": 1, "review_time_days_avg": 0.0725, "review_time_days_median": 0.0725, "review_time_pending_days_avg": 0.83289999999999997, "review_time_pending_days_median": 0.83289999999999997, "review_time_pending_update_days_avg": 0.83289999999999997, "review_time_pending_update_days_median": 0.83289999999999997, "submitted": 6}