{"abandoned": 49, "merged": 292, "new": 11, "pending": 11, "review_time_days_avg": 7.017127272727272, "review_time_days_median": 3.0577, "review_time_pending_days_avg": 57.392211111111095, "review_time_pending_days_median": 22.792200000000001, "submitted": 352}