{"abandoned": 40, "merged": 230, "new": 12, "pending": 12, "review_time_days_avg": 17.794550819672132, "review_time_days_median": 2.2272, "review_time_pending_days_avg": 89.520759999999967, "review_time_pending_days_median": 65.250149999999991, "review_time_pending_update_days_avg": 63.061510000000013, "review_time_pending_update_days_median": 24.992799999999999, "submitted": 282}