{"abandoned": 9, "merged": 173, "new": 4, "pending": 4, "review_time_days_avg": 7.115138372093021, "review_time_days_median": 1.9167, "review_time_pending_days_avg": 6.3849999999999998, "review_time_pending_days_median": 6.6171500000000005, "submitted": 186}