{"abandoned": 12, "merged": 81, "new": 9, "pending": 9, "review_time_days_avg": 16.157209523809527, "review_time_days_median": 3.2898, "review_time_pending_days_avg": 127.96473333333334, "review_time_pending_days_median": 120.4149, "review_time_pending_update_days_avg": 64.82138888888889, "review_time_pending_update_days_median": 32.716099999999997, "submitted": 102}