{"abandoned": 23, "merged": 330, "new": 3, "pending": 3, "review_time_days_avg": 1.710107692307692, "review_time_days_median": 0.50805, "review_time_pending_days_avg": 108.72930000000001, "review_time_pending_days_median": 41.092599999999997, "submitted": 356}