{"abandoned": 9, "merged": 104, "new": 6, "pending": 6, "review_time_days_avg": 18.058781818181817, "review_time_days_median": 2.6518, "review_time_pending_days_avg": 59.697716666666658, "review_time_pending_days_median": 52.119550000000004, "submitted": 119}