{"abandoned": 62, "merged": 635, "new": 34, "pending": 34, "review_time_days_avg": 3.9470260869565212, "review_time_days_median": 0.71455, "review_time_pending_days_avg": 60.949347058823541, "review_time_pending_days_median": 24.0396, "review_time_pending_update_days_avg": 44.905641176470581, "review_time_pending_update_days_median": 11.828399999999998, "submitted": 731}