{"abandoned": 6, "merged": 248, "new": 4, "pending": 4, "review_time_days_avg": 14.270868571428572, "review_time_days_median": 3.1405, "review_time_pending_days_avg": 14.994525000000001, "review_time_pending_days_median": 5.0129999999999999, "submitted": 258}