{"abandoned": 3, "merged": 52, "new": 4, "pending": 4, "review_time_days_avg": 7.94735, "review_time_days_median": 4.8165000000000004, "review_time_pending_days_avg": 1.7874750000000001, "review_time_pending_days_median": 1.7464999999999999, "submitted": 59}