{"abandoned": 8, "merged": 132, "new": 10, "pending": 10, "review_time_days_avg": 9.335044303797467, "review_time_days_median": 0.0345, "review_time_pending_days_avg": 105.63914444444444, "review_time_pending_days_median": 77.446600000000004, "review_time_pending_update_days_avg": 87.78873333333334, "review_time_pending_update_days_median": 77.445700000000002, "submitted": 150}