{"abandoned": 28, "merged": 271, "new": 3, "pending": 3, "review_time_days_avg": 11.450705063291139, "review_time_days_median": 1.8874, "review_time_pending_days_avg": 20.545733333333335, "review_time_pending_days_median": 18.603100000000001, "review_time_pending_update_days_avg": 18.741600000000002, "review_time_pending_update_days_median": 13.2027, "submitted": 302}