{"abandoned": 1283, "merged": 11175, "new": 466, "pending": 466, "review_time_days_avg": 19.848665863453824, "review_time_days_median": 2.7885, "review_time_pending_days_avg": 107.85833269754782, "review_time_pending_days_median": 76.555300000000003, "submitted": 12924}