{"abandoned": 2, "merged": 22, "pending": 0, "review_time_days_avg": 172.98336818, "review_time_days_median": 204.98790000000002, "submitted": 24}