{"abandoned": 4, "merged": 153, "pending": 4, "review_time_days_avg": 144.3285818181818, "review_time_days_median": 112.68780000000001, "submitted": 161}