{"abandoned": 12, "merged": 443, "new": 8, "pending": 8, "review_time_days_avg": 15.00389285714286, "review_time_days_median": 13.4664, "review_time_pending_days_avg": 125.29341249999997, "review_time_pending_days_median": 101.71879999999999, "submitted": 463}