{"abandoned": 12, "merged": 342, "new": 10, "pending": 10, "review_time_days_avg": 12.791407228915665, "review_time_days_median": 1.2061, "review_time_pending_days_avg": 57.198729999999991, "review_time_pending_days_median": 51.307950000000005, "review_time_pending_update_days_avg": 46.121729999999999, "review_time_pending_update_days_median": 49.765349999999998, "submitted": 364}