{"abandoned": 4, "merged": 12, "new": 4, "pending": 4, "review_time_days_avg": 9.84568, "review_time_days_median": 7.4113500000000005, "review_time_pending_days_avg": 14.766275, "review_time_pending_days_median": 17.087699999999998, "review_time_pending_update_days_avg": 4.8820749999999995, "review_time_pending_update_days_median": 2.4413499999999999, "submitted": 20}