{"abandoned": 19, "merged": 432, "new": 2, "pending": 2, "review_time_days_avg": 1.3683574742268045, "review_time_days_median": 0.1363, "review_time_pending_days_avg": 16.063649999999999, "review_time_pending_days_median": 16.063649999999999, "review_time_pending_update_days_avg": 12.014250000000001, "review_time_pending_update_days_median": 12.014250000000001, "submitted": 453}