{"abandoned": 2, "merged": 26, "new": 4, "pending": 4, "review_time_days_avg": 52.282093333333336, "review_time_days_median": 6.9699, "review_time_pending_days_avg": 65.97056666666667, "review_time_pending_days_median": 72.367500000000007, "review_time_pending_update_days_avg": 64.448733333333337, "review_time_pending_update_days_median": 72.367099999999994, "submitted": 32}