{"abandoned": 5, "merged": 162, "new": 9, "pending": 9, "review_time_days_avg": 35.23437142857143, "review_time_days_median": 17.0082, "review_time_pending_days_avg": 156.28626666666668, "review_time_pending_days_median": 157.78115000000003, "submitted": 176}