{"abandoned": 208, "merged": 3688, "new": 27, "pending": 27, "review_time_days_avg": 8.699585862068963, "review_time_days_median": 3.05165, "submitted": 3923}