{"abandoned": 20, "merged": 57, "new": 1, "pending": 1, "review_time_days_avg": 10.370095833333334, "review_time_days_median": 4.50275, "review_time_pending_days_avg": 3.3551000000000002, "review_time_pending_days_median": 3.3551000000000002, "submitted": 78}