{"abandoned": 14, "merged": 233, "new": 2, "pending": 2, "review_time_days_avg": 7.194301538461536, "review_time_days_median": 0.759, "review_time_pending_days_avg": 151.11225000000002, "review_time_pending_days_median": 151.11225000000002, "review_time_pending_update_days_avg": 137.67320000000001, "review_time_pending_update_days_median": 137.67320000000001, "submitted": 249}