{"abandoned": 23, "merged": 334, "new": 3, "pending": 3, "review_time_days_avg": 1.692885185185185, "review_time_days_median": 0.7206, "review_time_pending_days_avg": 122.88080000000001, "review_time_pending_days_median": 55.244100000000003, "review_time_pending_update_days_avg": 107.9932, "review_time_pending_update_days_median": 52.690800000000003, "submitted": 360}