{"abandoned": 4, "merged": 13, "new": 4, "pending": 4, "review_time_days_avg": 8.968018181818183, "review_time_days_median": 5.6485, "review_time_pending_days_avg": 22.791674999999998, "review_time_pending_days_median": 25.113100000000003, "review_time_pending_update_days_avg": 11.260275, "review_time_pending_update_days_median": 9.4997500000000006, "submitted": 21}