{"abandoned": 2, "merged": 26, "new": 2, "pending": 2, "review_time_days_avg": 6.433599999999999, "review_time_days_median": 0.2114, "review_time_pending_days_avg": 12.437799999999999, "review_time_pending_days_median": 12.437799999999999, "submitted": 30}