{"abandoned": 34, "merged": 456, "new": 13, "pending": 13, "review_time_days_avg": 3.1684150753768856, "review_time_days_median": 0.5081, "review_time_pending_days_avg": 105.63555384615385, "review_time_pending_days_median": 102.5381, "review_time_pending_update_days_avg": 69.262384615384605, "review_time_pending_update_days_median": 41.695300000000003, "submitted": 503}