{"abandoned": 5, "merged": 95, "new": 5, "pending": 5, "review_time_days_avg": 2.8298625, "review_time_days_median": 0.66905, "review_time_pending_days_avg": 90.84190000000001, "review_time_pending_days_median": 96.926600000000008, "review_time_pending_update_days_avg": 68.254125000000002, "review_time_pending_update_days_median": 56.025449999999999, "submitted": 105}