{"abandoned": 37, "merged": 279, "new": 8, "pending": 8, "review_time_days_avg": 4.497313636363633, "review_time_days_median": 0.2752, "review_time_pending_days_avg": 106.49212857142858, "review_time_pending_days_median": 14.754099999999999, "review_time_pending_update_days_avg": 105.57402857142857, "review_time_pending_update_days_median": 11.373900000000001, "submitted": 324}