{"abandoned": 31, "merged": 408, "new": 5, "pending": 5, "review_time_days_avg": 4.641888235294116, "review_time_days_median": 1.6552, "review_time_pending_days_avg": 223.530475, "review_time_pending_days_median": 246.82634999999999, "review_time_pending_update_days_avg": 139.29044999999999, "review_time_pending_update_days_median": 142.24835000000002, "submitted": 444}