{"abandoned": 20, "merged": 218, "new": 9, "pending": 9, "review_time_days_avg": 16.981421599999994, "review_time_days_median": 0.6739, "review_time_pending_days_avg": 76.493399999999994, "review_time_pending_days_median": 93.974799999999988, "review_time_pending_update_days_avg": 47.932066666666664, "review_time_pending_update_days_median": 54.401900000000005, "submitted": 247}