{"abandoned": 37, "merged": 278, "new": 5, "pending": 5, "review_time_days_avg": 4.540744827586204, "review_time_days_median": 0.2559, "review_time_pending_days_avg": 167.13824999999997, "review_time_pending_days_median": 179.25074999999998, "review_time_pending_update_days_avg": 167.047425, "review_time_pending_update_days_median": 179.25035000000003, "submitted": 320}