{"abandoned": 111, "merged": 658, "new": 8, "pending": 8, "review_time_days_avg": 2.9147260273972604, "review_time_days_median": 0.364, "review_time_pending_days_avg": 92.1358125, "review_time_pending_days_median": 93.377700000000004, "review_time_pending_update_days_avg": 48.468137500000005, "review_time_pending_update_days_median": 57.010949999999994, "submitted": 777}