{"abandoned": 3, "merged": 109, "new": 7, "pending": 7, "review_time_days_avg": 1.936375, "review_time_days_median": 1.9366999999999999, "review_time_pending_days_avg": 12.378999999999996, "review_time_pending_days_median": 4.1025999999999998, "review_time_pending_update_days_avg": 12.339157142857143, "review_time_pending_update_days_median": 4.1025, "submitted": 119}