{"abandoned": 12, "merged": 343, "new": 10, "pending": 10, "review_time_days_avg": 12.63939285714286, "review_time_days_median": 1.1571500000000001, "review_time_pending_days_avg": 64.110820000000004, "review_time_pending_days_median": 58.220050000000001, "review_time_pending_update_days_avg": 52.313919999999982, "review_time_pending_update_days_median": 56.677350000000004, "submitted": 365}