{"abandoned": 25, "merged": 201, "new": 2, "pending": 2, "review_time_days_avg": 8.940065517241377, "review_time_days_median": 1.7056, "review_time_pending_days_avg": 79.834450000000004, "review_time_pending_days_median": 79.834450000000004, "review_time_pending_update_days_avg": 78.982849999999999, "review_time_pending_update_days_median": 78.982849999999999, "submitted": 228}