{"abandoned": 23, "merged": 334, "new": 5, "pending": 5, "review_time_days_avg": 1.692885185185185, "review_time_days_median": 0.7206, "review_time_pending_days_avg": 76.420620000000014, "review_time_pending_days_median": 38.528199999999998, "review_time_pending_update_days_avg": 67.368899999999996, "review_time_pending_update_days_median": 38.527799999999999, "submitted": 362}