{"abandoned": 7, "merged": 11, "new": 1, "pending": 1, "review_time_days_avg": 22.064533333333333, "review_time_days_median": 30.1796, "review_time_pending_days_avg": 33.880499999999998, "review_time_pending_days_median": 33.880499999999998, "review_time_pending_update_days_avg": 8.2719000000000005, "review_time_pending_update_days_median": 8.2719000000000005, "submitted": 19}