{"abandoned": 1310, "merged": 10750, "new": 481, "pending": 481, "review_time_days_avg": 14.676093852978468, "review_time_days_median": 0.8999, "review_time_pending_days_avg": 108.80693420365546, "review_time_pending_days_median": 72.884500000000003, "review_time_pending_update_days_avg": 59.598238642297687, "review_time_pending_update_days_median": 31.2164, "submitted": 12541}