{"abandoned": 154, "merged": 1705, "new": 18, "pending": 18, "review_time_days_avg": 5.09656272493573, "review_time_days_median": 0.8233, "review_time_pending_days_avg": 159.8485, "review_time_pending_days_median": 154.09540000000001, "submitted": 1877}