{"abandoned": 6, "merged": 56, "new": 7, "pending": 7, "review_time_days_avg": 13.138724000000002, "review_time_days_median": 5.9316, "review_time_pending_days_avg": 210.29193333333333, "review_time_pending_days_median": 291.73880000000003, "review_time_pending_update_days_avg": 99.488800000000012, "review_time_pending_update_days_median": 92.422700000000006, "submitted": 69}