{"abandoned": 34, "merged": 459, "new": 14, "pending": 14, "review_time_days_avg": 3.1563355000000013, "review_time_days_median": 0.514, "review_time_pending_days_avg": 99.9854357142857, "review_time_pending_days_median": 104.4855, "review_time_pending_update_days_avg": 66.210335714285705, "review_time_pending_update_days_median": 43.040050000000001, "submitted": 507}