{"abandoned": 29, "merged": 333, "new": 13, "pending": 13, "review_time_days_avg": 4.453336734693878, "review_time_days_median": 0.1615, "review_time_pending_days_avg": 102.48330769230769, "review_time_pending_days_median": 120.40779999999999, "review_time_pending_update_days_avg": 38.938400000000009, "review_time_pending_update_days_median": 39.066400000000002, "submitted": 375}