{"abandoned": 4, "merged": 77, "new": 2, "pending": 2, "review_time_days_avg": 11.774838095238094, "review_time_days_median": 1.66135, "review_time_pending_days_avg": 116.13289999999999, "review_time_pending_days_median": 116.13289999999999, "review_time_pending_update_days_avg": 82.391999999999996, "review_time_pending_update_days_median": 82.391999999999996, "submitted": 83}