{"abandoned": 9, "merged": 173, "new": 3, "pending": 3, "review_time_days_avg": 8.863756521739129, "review_time_days_median": 4.0205, "review_time_pending_days_avg": 8.016866666666667, "review_time_pending_days_median": 7.8451000000000004, "submitted": 185}