{"abandoned": 7, "merged": 23, "pending": 0, "review_time_days_avg": 56.56914999999999, "review_time_days_median": 56.56914999999999, "submitted": 30}