{"abandoned": 43, "merged": 491, "new": 19, "pending": 19, "review_time_days_avg": 9.015918000000001, "review_time_days_median": 2.11335, "review_time_pending_days_avg": 163.89270000000002, "review_time_pending_days_median": 155.01429999999999, "review_time_pending_update_days_avg": 116.97393529411765, "review_time_pending_update_days_median": 103.3105, "submitted": 553}