{"abandoned": 1, "merged": 33, "new": 3, "pending": 3, "review_time_days_avg": 60.89357692307693, "review_time_days_median": 5.4384, "review_time_pending_days_avg": 75.981099999999998, "review_time_pending_days_median": 75.981099999999998, "review_time_pending_update_days_avg": 67.254000000000005, "review_time_pending_update_days_median": 67.254000000000005, "submitted": 37}