{"abandoned": 10, "merged": 46, "new": 6, "pending": 6, "review_time_days_avg": 9.183066666666669, "review_time_days_median": 1.3671000000000002, "review_time_pending_days_avg": 10.759300000000001, "review_time_pending_days_median": 10.060400000000001, "review_time_pending_update_days_avg": 2.2070833333333333, "review_time_pending_update_days_median": 1.3871500000000001, "submitted": 62}