{"abandoned": 5, "merged": 81, "new": 13, "pending": 13, "review_time_days_avg": 21.671042857142854, "review_time_days_median": 16.5602, "review_time_pending_days_avg": 103.90370769230769, "review_time_pending_days_median": 104.6951, "review_time_pending_update_days_avg": 98.570392307692288, "review_time_pending_update_days_median": 93.629199999999997, "submitted": 99}