{"abandoned": 24, "merged": 663, "new": 2, "pending": 2, "review_time_days_avg": 1.808127058823529, "review_time_days_median": 0.1241, "review_time_pending_days_avg": 30.005100000000002, "review_time_pending_days_median": 30.005100000000002, "review_time_pending_update_days_avg": 21.193100000000001, "review_time_pending_update_days_median": 21.193100000000001, "submitted": 689}