{"abandoned": 34, "merged": 243, "new": 5, "pending": 5, "review_time_days_avg": 6.552644776119405, "review_time_days_median": 1.0372, "review_time_pending_days_avg": 69.230659999999986, "review_time_pending_days_median": 46.298299999999998, "review_time_pending_update_days_avg": 63.250620000000005, "review_time_pending_update_days_median": 46.2774, "submitted": 282}