{"abandoned": 3, "merged": 52, "new": 4, "pending": 4, "review_time_days_avg": 7.94735, "review_time_days_median": 4.8165000000000004, "review_time_pending_days_avg": 3.0445249999999997, "review_time_pending_days_median": 3.0035500000000002, "submitted": 59}