{"abandoned": 111, "merged": 658, "new": 8, "pending": 8, "review_time_days_avg": 2.9147260273972604, "review_time_days_median": 0.364, "review_time_pending_days_avg": 90.108212499999993, "review_time_pending_days_median": 91.350099999999998, "review_time_pending_update_days_avg": 46.440537499999998, "review_time_pending_update_days_median": 54.983350000000002, "submitted": 777}