{"abandoned": 60, "merged": 488, "new": 19, "pending": 19, "review_time_days_avg": 32.77889999999999, "review_time_days_median": 10.6663, "review_time_pending_days_avg": 282.52369333333331, "review_time_pending_days_median": 307.56099999999998, "review_time_pending_update_days_avg": 255.27731333333335, "review_time_pending_update_days_median": 294.63440000000003, "submitted": 567}