{"abandoned": 154, "merged": 1705, "new": 18, "pending": 18, "review_time_days_avg": 3.2922834162520713, "review_time_days_median": 0.1392, "review_time_pending_days_avg": 185.48324545454545, "review_time_pending_days_median": 179.73009999999999, "review_time_pending_update_days_avg": 137.34935454545456, "review_time_pending_update_days_median": 126.4472, "submitted": 1877}