{"abandoned": 1271, "merged": 11107, "new": 459, "pending": 459, "review_time_days_avg": 19.919723885350326, "review_time_days_median": 2.8331, "review_time_pending_days_avg": 111.47434435028252, "review_time_pending_days_median": 81.655900000000003, "submitted": 12837}