{"abandoned": 25, "merged": 201, "new": 2, "pending": 2, "review_time_days_avg": 8.940065517241377, "review_time_days_median": 1.7056, "review_time_pending_days_avg": 68.264749999999992, "review_time_pending_days_median": 68.264749999999992, "review_time_pending_update_days_avg": 67.413150000000002, "review_time_pending_update_days_median": 67.413150000000002, "submitted": 228}