{"abandoned": 5, "merged": 39, "new": 1, "pending": 1, "review_time_days_avg": 6.818231249999999, "review_time_days_median": 1.7320000000000002, "review_time_pending_days_avg": 29.306100000000001, "review_time_pending_days_median": 29.306100000000001, "submitted": 45}