{"abandoned": 377, "merged": 4408, "new": 52, "pending": 52, "review_time_days_avg": 5.2365054071661215, "review_time_days_median": 0.7595, "review_time_pending_days_avg": 52.124868627450965, "review_time_pending_days_median": 18.848299999999998, "review_time_pending_update_days_avg": 28.022743137254896, "review_time_pending_update_days_median": 4.6261999999999999, "submitted": 4837}