{"abandoned": 5, "merged": 282, "new": 10, "pending": 10, "review_time_days_avg": 9.52352380952381, "review_time_days_median": 4.0173, "review_time_pending_days_avg": 178.71232999999998, "review_time_pending_days_median": 179.20825000000002, "submitted": 297}