{"abandoned": 2, "merged": 15, "new": 2, "pending": 2, "review_time_days_avg": 6.498233333333334, "review_time_days_median": 7.4547, "review_time_pending_days_avg": 39.271949999999997, "review_time_pending_days_median": 39.271949999999997, "review_time_pending_update_days_avg": 1.9034499999999999, "review_time_pending_update_days_median": 1.9034499999999999, "submitted": 19}