{"abandoned": 1306, "merged": 10718, "new": 476, "pending": 476, "review_time_days_avg": 14.76691280000002, "review_time_days_median": 0.9043, "review_time_pending_days_avg": 107.68868703703694, "review_time_pending_days_median": 70.348549999999989, "review_time_pending_update_days_avg": 58.034652380952387, "review_time_pending_update_days_median": 29.502050000000001, "submitted": 12500}