{"abandoned": 9, "merged": 72, "new": 11, "pending": 11, "review_time_days_avg": 5.569298591549296, "review_time_days_median": 0.7899, "review_time_pending_days_avg": 61.096581818181811, "review_time_pending_days_median": 35.279600000000002, "review_time_pending_update_days_avg": 42.394872727272727, "review_time_pending_update_days_median": 21.6355, "submitted": 92}