{"abandoned": 62, "merged": 612, "new": 29, "pending": 29, "review_time_days_avg": 3.3900084362139924, "review_time_days_median": 0.6497999999999999, "review_time_pending_days_avg": 67.856417241379305, "review_time_pending_days_median": 23.592199999999998, "submitted": 703}