{"abandoned": 27, "merged": 710, "new": 4, "pending": 4, "review_time_days_avg": 14.211456666666667, "review_time_days_median": 2.5097500000000004, "review_time_pending_days_avg": 9.3878750000000011, "review_time_pending_days_median": 9.6378000000000004, "submitted": 741}