{"abandoned": 4, "merged": 40, "new": 1, "pending": 1, "review_time_days_avg": 20.798457142857142, "review_time_days_median": 5.0488, "review_time_pending_days_avg": 165.79679999999999, "review_time_pending_days_median": 165.79679999999999, "submitted": 45}