{"abandoned": 59, "merged": 988, "pending": 21, "review_time_days_avg": 188.4223273809522, "review_time_days_median": 211.13605, "submitted": 1068}