{"abandoned": 15, "merged": 227, "new": 6, "pending": 6, "review_time_days_avg": 9.815410344827587, "review_time_days_median": 1.9961, "review_time_pending_days_avg": 228.03175000000002, "review_time_pending_days_median": 241.84935000000002, "review_time_pending_update_days_avg": 164.20309999999998, "review_time_pending_update_days_median": 133.65974999999997, "submitted": 248}