{"abandoned": 15, "merged": 534, "pending": 2, "review_time_days_avg": 130.35419754601216, "review_time_days_median": 110.60365, "submitted": 551}