{"abandoned": 27, "merged": 268, "new": 3, "pending": 3, "review_time_days_avg": 11.312865789473683, "review_time_days_median": 1.8154, "review_time_pending_days_avg": 20.642266666666668, "review_time_pending_days_median": 19.431000000000001, "submitted": 298}