{"abandoned": 0, "merged": 57, "new": 1, "pending": 1, "review_time_days_avg": 12.006977192982456, "review_time_days_median": 10.7847, "review_time_pending_days_avg": 2.7273999999999998, "review_time_pending_days_median": 2.7273999999999998, "review_time_pending_update_days_avg": 1.3937999999999999, "review_time_pending_update_days_median": 1.3937999999999999, "submitted": 58}