{"abandoned": 10, "merged": 178, "new": 8, "pending": 8, "review_time_days_avg": 7.117105494505492, "review_time_days_median": 2.0425, "review_time_pending_days_avg": 15.305650000000002, "review_time_pending_days_median": 14.28975, "review_time_pending_update_days_avg": 9.239862500000001, "review_time_pending_update_days_median": 3.7017500000000001, "submitted": 196}