{"abandoned": 25, "merged": 202, "new": 2, "pending": 2, "review_time_days_avg": 8.642953333333333, "review_time_days_median": 1.54095, "review_time_pending_days_avg": 86.869799999999998, "review_time_pending_days_median": 86.869799999999998, "review_time_pending_update_days_avg": 86.018200000000007, "review_time_pending_update_days_median": 86.018200000000007, "submitted": 229}