{"abandoned": 376, "merged": 4383, "new": 46, "pending": 46, "review_time_days_avg": 5.141727248677247, "review_time_days_median": 0.75925, "review_time_pending_days_avg": 60.624275555555542, "review_time_pending_days_median": 35.421300000000002, "review_time_pending_update_days_avg": 30.282820000000012, "review_time_pending_update_days_median": 6.4268999999999998, "submitted": 4805}