{"abandoned": 143, "merged": 846, "new": 9, "pending": 9, "review_time_days_avg": 12.63650666666667, "review_time_days_median": 0.25855, "review_time_pending_days_avg": 220.75344285714286, "review_time_pending_days_median": 246.0823, "review_time_pending_update_days_avg": 88.361642857142868, "review_time_pending_update_days_median": 98.623599999999996, "submitted": 998}