{"abandoned": 1, "merged": 7, "new": 1, "pending": 1, "review_time_days_avg": 48.666650000000004, "review_time_days_median": 48.666650000000004, "review_time_pending_days_avg": 32.426600000000001, "review_time_pending_days_median": 32.426600000000001, "review_time_pending_update_days_avg": 32.397300000000001, "review_time_pending_update_days_median": 32.397300000000001, "submitted": 9}