{"abandoned": 1, "merged": 39, "new": 2, "pending": 2, "review_time_days_avg": 1.125757692307692, "review_time_days_median": 0.048, "review_time_pending_days_avg": 155.77300000000002, "review_time_pending_days_median": 155.77300000000002, "submitted": 42}