{"abandoned": 7, "merged": 11, "new": 1, "pending": 1, "review_time_days_avg": 22.064533333333333, "review_time_days_median": 30.1796, "review_time_pending_days_avg": 8.0586000000000002, "review_time_pending_days_median": 8.0586000000000002, "submitted": 19}