{"abandoned": 9, "merged": 176, "new": 6, "pending": 6, "review_time_days_avg": 6.922603370786515, "review_time_days_median": 1.7909, "review_time_pending_days_avg": 8.5007000000000001, "review_time_pending_days_median": 7.2911000000000001, "review_time_pending_update_days_avg": 5.7500333333333344, "review_time_pending_update_days_median": 0.88985000000000003, "submitted": 191}