{"abandoned": 11, "merged": 50, "new": 13, "pending": 13, "review_time_days_avg": 10.644491176470586, "review_time_days_median": 3.82495, "review_time_pending_days_avg": 153.06482307692306, "review_time_pending_days_median": 80.037400000000005, "review_time_pending_update_days_avg": 122.90494615384615, "review_time_pending_update_days_median": 75.570099999999996, "submitted": 74}