{"abandoned": 1, "merged": 33, "new": 3, "pending": 3, "review_time_days_avg": 60.89357692307693, "review_time_days_median": 5.4384, "review_time_pending_days_avg": 73.974899999999991, "review_time_pending_days_median": 73.974899999999991, "review_time_pending_update_days_avg": 65.247799999999998, "review_time_pending_update_days_median": 65.247799999999998, "submitted": 37}