{"abandoned": 32, "merged": 236, "new": 8, "pending": 8, "review_time_days_avg": 4.8696920634920655, "review_time_days_median": 0.9155, "review_time_pending_days_avg": 65.549985714285711, "review_time_pending_days_median": 38.293599999999998, "submitted": 276}