{"abandoned": 17, "merged": 509, "new": 3, "pending": 3, "review_time_days_avg": 1.9845988281250007, "review_time_days_median": 0.8284499999999999, "review_time_pending_days_avg": 7.5899999999999999, "review_time_pending_days_median": 2.9834000000000001, "submitted": 529}