{"abandoned": 2, "merged": 24, "new": 4, "pending": 4, "review_time_days_avg": 59.784076923076924, "review_time_days_median": 12.1183, "review_time_pending_days_avg": 59.468200000000003, "review_time_pending_days_median": 63.449300000000001, "review_time_pending_update_days_avg": 57.749833333333335, "review_time_pending_update_days_median": 63.448799999999999, "submitted": 30}