{"abandoned": 25, "merged": 201, "new": 2, "pending": 2, "review_time_days_avg": 8.940065517241377, "review_time_days_median": 1.7056, "review_time_pending_days_avg": 82.886200000000002, "review_time_pending_days_median": 82.886200000000002, "review_time_pending_update_days_avg": 82.034599999999998, "review_time_pending_update_days_median": 82.034599999999998, "submitted": 228}