{"abandoned": 23, "merged": 254, "new": 6, "pending": 6, "review_time_days_avg": 4.997107843137254, "review_time_days_median": 0.468, "review_time_pending_days_avg": 12.645300000000001, "review_time_pending_days_median": 6.9215499999999999, "review_time_pending_update_days_avg": 2.5687666666666664, "review_time_pending_update_days_median": 1.1453500000000001, "submitted": 283}