{"abandoned": 13, "merged": 78, "new": 6, "pending": 6, "review_time_days_avg": 2.1693666666666664, "review_time_days_median": 0.3058, "review_time_pending_days_avg": 98.655799999999999, "review_time_pending_days_median": 68.2834, "review_time_pending_update_days_avg": 68.988820000000004, "review_time_pending_update_days_median": 65.558000000000007, "submitted": 97}