{"abandoned": 371, "merged": 4331, "new": 48, "pending": 48, "review_time_days_avg": 7.103649809885932, "review_time_days_median": 2.1210500000000003, "review_time_pending_days_avg": 67.280974468085105, "review_time_pending_days_median": 32.810600000000001, "submitted": 4750}