{"abandoned": 27, "merged": 268, "new": 3, "pending": 3, "review_time_days_avg": 11.365638666666666, "review_time_days_median": 1.7434, "review_time_pending_days_avg": 16.602833333333333, "review_time_pending_days_median": 15.391500000000001, "submitted": 298}