{"abandoned": 6, "merged": 55, "new": 7, "pending": 7, "review_time_days_avg": 13.647016666666667, "review_time_days_median": 5.9686, "review_time_pending_days_avg": 206.32096666666669, "review_time_pending_days_median": 287.7679, "review_time_pending_update_days_avg": 95.517866666666677, "review_time_pending_update_days_median": 88.451700000000002, "submitted": 68}