{"abandoned": 5, "merged": 137, "new": 11, "pending": 11, "review_time_days_avg": 10.43269814814815, "review_time_days_median": 1.98765, "review_time_pending_days_avg": 163.16344545454547, "review_time_pending_days_median": 195.23140000000001, "review_time_pending_update_days_avg": 150.49893636363637, "review_time_pending_update_days_median": 181.0814, "submitted": 153}