{"abandoned": 5, "merged": 37, "new": 3, "pending": 3, "review_time_days_avg": 9.457619999999999, "review_time_days_median": 6.9568, "review_time_pending_days_avg": 11.729966666666668, "review_time_pending_days_median": 10.209899999999999, "submitted": 45}