{"abandoned": 864, "merged": 12838, "new": 142, "pending": 142, "review_time_days_avg": 6.963593745796912, "review_time_days_median": 0.3691, "review_time_pending_days_avg": 66.011600757575792, "review_time_pending_days_median": 25.9621, "review_time_pending_update_days_avg": 39.531199242424243, "review_time_pending_update_days_median": 12.26915, "submitted": 13844}