{"abandoned": 69, "merged": 387, "new": 42, "pending": 42, "review_time_days_avg": 17.949035294117643, "review_time_days_median": 1.3241, "review_time_pending_days_avg": 199.59661153846153, "review_time_pending_days_median": 180.28064999999998, "review_time_pending_update_days_avg": 161.27021153846155, "review_time_pending_update_days_median": 172.70679999999999, "submitted": 498}