{"abandoned": 87, "merged": 1548, "new": 8, "pending": 8, "review_time_days_avg": 4.632384018264837, "review_time_days_median": 0.3092, "review_time_pending_days_avg": 68.830924999999993, "review_time_pending_days_median": 41.403700000000001, "review_time_pending_update_days_avg": 18.0164875, "review_time_pending_update_days_median": 4.5890500000000003, "submitted": 1643}