{"abandoned": 9, "merged": 172, "new": 1, "pending": 1, "review_time_days_avg": 2.87077108433735, "review_time_days_median": 0.7737, "review_time_pending_days_avg": 29.512699999999999, "review_time_pending_days_median": 29.512699999999999, "submitted": 182}