{"abandoned": 27, "merged": 267, "new": 4, "pending": 4, "review_time_days_avg": 14.211456666666667, "review_time_days_median": 2.5097500000000004, "review_time_pending_days_avg": 12.556450000000002, "review_time_pending_days_median": 12.8064, "submitted": 298}