{"abandoned": 3, "merged": 25, "new": 5, "pending": 5, "review_time_days_avg": 0.9373166666666667, "review_time_days_median": 0.41835, "review_time_pending_days_avg": 60.247525000000003, "review_time_pending_days_median": 50.178599999999996, "review_time_pending_update_days_avg": 58.879000000000005, "review_time_pending_update_days_median": 50.171850000000006, "submitted": 33}