{"abandoned": 1282, "merged": 10552, "new": 470, "pending": 470, "review_time_days_avg": 14.878129749582648, "review_time_days_median": 0.9047, "review_time_pending_days_avg": 107.41211536388143, "review_time_pending_days_median": 74.319699999999997, "submitted": 12304}