{"abandoned": 1, "merged": 35, "new": 1, "pending": 1, "review_time_days_avg": 2.2350393939393935, "review_time_days_median": 0.0209, "review_time_pending_days_avg": 133.20580000000001, "review_time_pending_days_median": 133.20580000000001, "review_time_pending_update_days_avg": 64.346900000000005, "review_time_pending_update_days_median": 64.346900000000005, "submitted": 37}