{"abandoned": 24, "merged": 656, "new": 2, "pending": 2, "review_time_days_avg": 2.947386538461537, "review_time_days_median": 0.7945, "review_time_pending_days_avg": 20.958600000000001, "review_time_pending_days_median": 20.958600000000001, "submitted": 682}