{"abandoned": 375, "merged": 4825, "new": 47, "pending": 47, "review_time_days_avg": 7.131525096153847, "review_time_days_median": 2.159, "review_time_pending_days_avg": 65.730502173913052, "review_time_pending_days_median": 41.476500000000001, "submitted": 5247}