{"abandoned": 1306, "merged": 10736, "new": 480, "pending": 480, "review_time_days_avg": 14.731956619987287, "review_time_days_median": 0.9012, "review_time_pending_days_avg": 107.20154345549744, "review_time_pending_days_median": 70.930550000000011, "review_time_pending_update_days_avg": 58.010188481675449, "review_time_pending_update_days_median": 29.391649999999998, "submitted": 12522}