{"abandoned": 1, "merged": 14, "new": 3, "pending": 3, "review_time_days_avg": 56.50575, "review_time_days_median": 3.5328, "review_time_pending_days_avg": 158.28979999999999, "review_time_pending_days_median": 163.00489999999999, "review_time_pending_update_days_avg": 119.87243333333333, "review_time_pending_update_days_median": 163.00489999999999, "submitted": 18}