{"abandoned": 23, "merged": 331, "new": 3, "pending": 3, "review_time_days_avg": 1.692885185185185, "review_time_days_median": 0.7206, "review_time_pending_days_avg": 121.8908, "review_time_pending_days_median": 54.254100000000001, "review_time_pending_update_days_avg": 107.00319999999999, "review_time_pending_update_days_median": 51.700800000000001, "submitted": 357}