{"abandoned": 31, "merged": 713, "new": 6, "pending": 6, "review_time_days_avg": 5.030592857142856, "review_time_days_median": 1.8005, "review_time_pending_days_avg": 166.02022000000002, "review_time_pending_days_median": 205.25569999999999, "submitted": 750}