{"abandoned": 3, "merged": 523, "pending": 2, "review_time_days_avg": 18.018623529411766, "review_time_days_median": 1.8802500000000002, "submitted": 528}