{"abandoned": 31, "merged": 232, "new": 8, "pending": 8, "review_time_days_avg": 5.945522916666669, "review_time_days_median": 1.7660999999999998, "review_time_pending_days_avg": 60.713114285714298, "review_time_pending_days_median": 33.456699999999998, "submitted": 271}