{"abandoned": 60, "merged": 488, "new": 19, "pending": 19, "review_time_days_avg": 32.77889999999999, "review_time_days_median": 10.6663, "review_time_pending_days_avg": 284.51148666666666, "review_time_pending_days_median": 309.54880000000003, "review_time_pending_update_days_avg": 257.26510666666667, "review_time_pending_update_days_median": 296.62220000000002, "submitted": 567}