{"abandoned": 49, "merged": 162, "new": 10, "pending": 10, "review_time_days_avg": 6.14848909090909, "review_time_days_median": 0.685, "review_time_pending_days_avg": 75.039600000000007, "review_time_pending_days_median": 44.818300000000001, "review_time_pending_update_days_avg": 43.001737500000004, "review_time_pending_update_days_median": 22.953699999999998, "submitted": 221}