{"abandoned": 0, "merged": 2, "pending": 1, "review_time_days_avg": 57.669200000000004, "review_time_days_median": 57.669200000000004, "submitted": 3}