{"abandoned": 2, "merged": 66, "new": 2, "pending": 2, "review_time_days_avg": 8.576466666666667, "review_time_days_median": 0.3146, "review_time_pending_days_avg": 6.8349000000000002, "review_time_pending_days_median": 6.8349000000000002, "submitted": 70}