{"abandoned": 8, "merged": 50, "new": 1, "pending": 1, "review_time_days_avg": 16.013287499999997, "review_time_days_median": 1.6478000000000002, "review_time_pending_days_avg": 13.064500000000001, "review_time_pending_days_median": 13.064500000000001, "review_time_pending_update_days_avg": 12.826599999999999, "review_time_pending_update_days_median": 12.826599999999999, "submitted": 59}