{"abandoned": 40, "merged": 422, "new": 9, "pending": 9, "review_time_days_avg": 22.06057346938775, "review_time_days_median": 3.076, "review_time_pending_days_avg": 97.290428571428578, "review_time_pending_days_median": 83.247600000000006, "submitted": 471}