{"abandoned": 5, "merged": 126, "pending": 2, "review_time_days_avg": 140.21822499999993, "review_time_days_median": 128.29614999999998, "submitted": 133}