{"abandoned": 60, "merged": 488, "new": 19, "pending": 19, "review_time_days_avg": 32.77889999999999, "review_time_days_median": 10.6663, "review_time_pending_days_avg": 285.49521333333337, "review_time_pending_days_median": 310.5326, "review_time_pending_update_days_avg": 258.24882666666667, "review_time_pending_update_days_median": 297.60599999999999, "submitted": 567}