{"abandoned": 3, "merged": 48, "pending": 0, "review_time_days_avg": 158.41186999999996, "review_time_days_median": 97.37424999999999, "submitted": 51}