{"abandoned": 12, "merged": 36, "pending": 1, "review_time_days_avg": 108.39277000000001, "review_time_days_median": 151.34890000000001, "submitted": 49}