{"abandoned": 49, "merged": 148, "new": 11, "pending": 11, "review_time_days_avg": 4.730732653061223, "review_time_days_median": 0.685, "review_time_pending_days_avg": 57.797122222222207, "review_time_pending_days_median": 23.197099999999999, "submitted": 208}