{"abandoned": 31, "merged": 232, "new": 8, "pending": 8, "review_time_days_avg": 5.185318644067799, "review_time_days_median": 1.0372, "review_time_pending_days_avg": 61.508842857142859, "review_time_pending_days_median": 34.252400000000002, "submitted": 271}