{"abandoned": 6, "merged": 56, "new": 7, "pending": 7, "review_time_days_avg": 13.138724000000002, "review_time_days_median": 5.9316, "review_time_pending_days_avg": 212.28623333333334, "review_time_pending_days_median": 293.73309999999998, "review_time_pending_update_days_avg": 101.48310000000002, "review_time_pending_update_days_median": 94.417000000000002, "submitted": 69}