{"abandoned": 12, "merged": 453, "new": 2, "pending": 2, "review_time_days_avg": 43.654117142857146, "review_time_days_median": 9.0364, "review_time_pending_days_avg": 68.542749999999998, "review_time_pending_days_median": 68.542749999999998, "submitted": 467}