{"abandoned": 31, "merged": 541, "new": 7, "pending": 7, "review_time_days_avg": 7.58110956521739, "review_time_days_median": 1.7158, "review_time_pending_days_avg": 48.799614285714277, "review_time_pending_days_median": 16.043800000000001, "submitted": 579}