{"abandoned": 27, "merged": 324, "new": 14, "pending": 14, "review_time_days_avg": 4.503652857142857, "review_time_days_median": 0.16535, "review_time_pending_days_avg": 92.07610714285714, "review_time_pending_days_median": 94.286349999999999, "review_time_pending_update_days_avg": 66.746571428571414, "review_time_pending_update_days_median": 37.292649999999995, "submitted": 365}