{"abandoned": 12, "merged": 342, "new": 9, "pending": 9, "review_time_days_avg": 12.791407228915665, "review_time_days_median": 1.2061, "review_time_pending_days_avg": 61.720266666666667, "review_time_pending_days_median": 49.700400000000002, "review_time_pending_update_days_avg": 49.412511111111115, "review_time_pending_update_days_median": 49.588799999999999, "submitted": 363}