{"abandoned": 13, "merged": 78, "new": 6, "pending": 6, "review_time_days_avg": 2.1693666666666664, "review_time_days_median": 0.3058, "review_time_pending_days_avg": 101.62732, "review_time_pending_days_median": 71.254999999999995, "review_time_pending_update_days_avg": 71.960319999999996, "review_time_pending_update_days_median": 68.529499999999999, "submitted": 97}