{"abandoned": 59, "merged": 1240, "new": 9, "pending": 9, "review_time_days_avg": 3.178211168831165, "review_time_days_median": 0.9107, "review_time_pending_days_avg": 63.197077777777771, "review_time_pending_days_median": 28.788599999999999, "submitted": 1308}