{"abandoned": 142, "merged": 846, "new": 8, "pending": 8, "review_time_days_avg": 12.63650666666667, "review_time_days_median": 0.25855, "review_time_pending_days_avg": 229.82035000000005, "review_time_pending_days_median": 238.03230000000002, "submitted": 996}