{"abandoned": 20, "merged": 221, "new": 8, "pending": 8, "review_time_days_avg": 16.752765625, "review_time_days_median": 0.6789000000000001, "review_time_pending_days_avg": 98.414920000000009, "review_time_pending_days_median": 107.05970000000001, "review_time_pending_update_days_avg": 65.790800000000004, "review_time_pending_update_days_median": 85.456900000000005, "submitted": 249}