{"abandoned": 843, "merged": 12531, "new": 137, "pending": 137, "review_time_days_avg": 6.6689790204678365, "review_time_days_median": 0.3537, "review_time_pending_days_avg": 75.26992283464574, "review_time_pending_days_median": 40.956699999999998, "submitted": 13511}