{"abandoned": 7, "merged": 336, "new": 8, "pending": 8, "review_time_days_avg": 15.26393157894737, "review_time_days_median": 6.0307, "review_time_pending_days_avg": 150.75157499999997, "review_time_pending_days_median": 147.96700000000001, "submitted": 351}