{"abandoned": 57, "merged": 326, "new": 22, "pending": 22, "review_time_days_avg": 5.2853699999999995, "review_time_days_median": 0.0504, "review_time_pending_days_avg": 207.22442380952378, "review_time_pending_days_median": 292.65320000000003, "review_time_pending_update_days_avg": 180.73771428571428, "review_time_pending_update_days_median": 200.61580000000001, "submitted": 405}