{"abandoned": 63, "merged": 984, "new": 11, "pending": 11, "review_time_days_avg": 2.277841740674954, "review_time_days_median": 0.1761, "review_time_pending_days_avg": 49.504054545454551, "review_time_pending_days_median": 7.8818000000000001, "review_time_pending_update_days_avg": 13.397400000000005, "review_time_pending_update_days_median": 3.8214000000000001, "submitted": 1058}