{"abandoned": 3, "merged": 27, "new": 5, "pending": 5, "review_time_days_avg": 9.2891625, "review_time_days_median": 1.21705, "review_time_pending_days_avg": 47.200800000000001, "review_time_pending_days_median": 37.084150000000001, "review_time_pending_update_days_avg": 45.792299999999997, "review_time_pending_update_days_median": 36.998849999999997, "submitted": 35}