{"abandoned": 86, "merged": 1546, "new": 8, "pending": 8, "review_time_days_avg": 4.636185125858121, "review_time_days_median": 0.3067, "review_time_pending_days_avg": 82.254437499999995, "review_time_pending_days_median": 76.396550000000005, "review_time_pending_update_days_avg": 34.023412499999999, "review_time_pending_update_days_median": 11.119, "submitted": 1640}