{"abandoned": 86, "merged": 951, "new": 41, "pending": 41, "review_time_days_avg": 3.429311294416246, "review_time_days_median": 0.8309, "review_time_pending_days_avg": 30.476307317073157, "review_time_pending_days_median": 21.007300000000001, "review_time_pending_update_days_avg": 19.637121951219505, "review_time_pending_update_days_median": 3.2421000000000002, "submitted": 1078}