{"abandoned": 5, "merged": 81, "new": 13, "pending": 13, "review_time_days_avg": 21.671042857142854, "review_time_days_median": 16.5602, "review_time_pending_days_avg": 107.93979230769233, "review_time_pending_days_median": 108.7311, "review_time_pending_update_days_avg": 102.6064769230769, "review_time_pending_update_days_median": 97.665300000000002, "submitted": 99}