{"abandoned": 26, "merged": 365, "new": 8, "pending": 8, "review_time_days_avg": 7.5450142857142835, "review_time_days_median": 2.0807, "review_time_pending_days_avg": 68.886587500000005, "review_time_pending_days_median": 52.713349999999998, "submitted": 399}