{"abandoned": 14, "merged": 412, "new": 5, "pending": 5, "review_time_days_avg": 2.2227875, "review_time_days_median": 0.43789999999999996, "review_time_pending_days_avg": 100.88205000000001, "review_time_pending_days_median": 97.530599999999993, "submitted": 431}