{"abandoned": 9, "merged": 104, "new": 7, "pending": 7, "review_time_days_avg": 18.058781818181817, "review_time_days_median": 2.6518, "review_time_pending_days_avg": 62.276128571428572, "review_time_pending_days_median": 64.801100000000005, "review_time_pending_update_days_avg": 31.381071428571431, "review_time_pending_update_days_median": 26.3751, "submitted": 120}