{"abandoned": 211, "merged": 3743, "new": 39, "pending": 39, "review_time_days_avg": 6.897089214380829, "review_time_days_median": 1.7778, "review_time_pending_days_avg": 40.707400000000014, "review_time_pending_days_median": 13.776450000000001, "submitted": 3993}