{"abandoned": 49, "merged": 163, "new": 10, "pending": 10, "review_time_days_avg": 5.93619298245614, "review_time_days_median": 0.5482, "review_time_pending_days_avg": 79.047799999999995, "review_time_pending_days_median": 48.826500000000003, "review_time_pending_update_days_avg": 47.009962499999986, "review_time_pending_update_days_median": 26.961950000000002, "submitted": 222}