{"abandoned": 2, "merged": 19, "new": 4, "pending": 4, "review_time_days_avg": 23.242199999999997, "review_time_days_median": 0.10025, "review_time_pending_days_avg": 210.53463333333335, "review_time_pending_days_median": 311.47320000000002, "submitted": 25}