{"abandoned": 43, "merged": 491, "new": 19, "pending": 19, "review_time_days_avg": 9.015918000000001, "review_time_days_median": 2.11335, "review_time_pending_days_avg": 161.91895882352944, "review_time_pending_days_median": 153.04060000000001, "review_time_pending_update_days_avg": 115.00019999999998, "review_time_pending_update_days_median": 101.33669999999999, "submitted": 553}