{"abandoned": 13, "merged": 167, "new": 14, "pending": 14, "review_time_days_avg": 10.186578494623657, "review_time_days_median": 1.3901, "review_time_pending_days_avg": 103.08142142857143, "review_time_pending_days_median": 118.21854999999999, "review_time_pending_update_days_avg": 57.121421428571431, "review_time_pending_update_days_median": 54.860100000000003, "submitted": 194}