{"abandoned": 154, "merged": 1705, "new": 18, "pending": 18, "review_time_days_avg": 3.2922834162520713, "review_time_days_median": 0.1392, "review_time_pending_days_avg": 174.34310909090908, "review_time_pending_days_median": 168.59, "review_time_pending_update_days_avg": 126.2092090909091, "review_time_pending_update_days_median": 115.30710000000001, "submitted": 1877}