{"abandoned": 17, "merged": 416, "new": 6, "pending": 6, "review_time_days_avg": 1.3676300268096517, "review_time_days_median": 0.1378, "review_time_pending_days_avg": 7.6088666666666676, "review_time_pending_days_median": 6.9387000000000008, "submitted": 439}