{"abandoned": 20, "merged": 57, "new": 1, "pending": 1, "review_time_days_avg": 10.370095833333334, "review_time_days_median": 4.50275, "review_time_pending_days_avg": 2.3466999999999998, "review_time_pending_days_median": 2.3466999999999998, "submitted": 78}