{"abandoned": 5, "merged": 81, "new": 13, "pending": 13, "review_time_days_avg": 21.671042857142854, "review_time_days_median": 16.5602, "review_time_pending_days_avg": 105.95910769230771, "review_time_pending_days_median": 106.7505, "review_time_pending_update_days_avg": 100.62579230769232, "review_time_pending_update_days_median": 95.684600000000003, "submitted": 99}