{"abandoned": 4, "merged": 89, "new": 1, "pending": 1, "review_time_days_avg": 1.5133999999999999, "review_time_days_median": 1.5133999999999999, "review_time_pending_days_avg": 9.8079000000000001, "review_time_pending_days_median": 9.8079000000000001, "submitted": 94}