{"abandoned": 62, "merged": 999, "new": 19, "pending": 19, "review_time_days_avg": 32.77889999999999, "review_time_days_median": 10.6663, "review_time_pending_days_avg": 266.74853333333334, "review_time_pending_days_median": 291.78590000000003, "submitted": 1080}