{"abandoned": 3, "merged": 9, "new": 4, "pending": 4, "review_time_days_avg": 7.2279857142857145, "review_time_days_median": 3.9845, "review_time_pending_days_avg": 8.9601500000000005, "review_time_pending_days_median": 8.7966000000000015, "submitted": 16}