{"abandoned": 29, "merged": 600, "new": 11, "pending": 11, "review_time_days_avg": 4.553734285714288, "review_time_days_median": 0.45575, "review_time_pending_days_avg": 59.947072727272733, "review_time_pending_days_median": 30.246500000000001, "submitted": 640}