{"abandoned": 18, "merged": 246, "new": 6, "pending": 6, "review_time_days_avg": 3.368722727272727, "review_time_days_median": 0.45775, "review_time_pending_days_avg": 24.939866666666674, "review_time_pending_days_median": 29.929300000000001, "review_time_pending_update_days_avg": 6.1505333333333327, "review_time_pending_update_days_median": 3.7869999999999999, "submitted": 270}