{"abandoned": 86, "merged": 1543, "new": 9, "pending": 9, "review_time_days_avg": 4.647692396313361, "review_time_days_median": 0.3092, "review_time_pending_days_avg": 68.591755555555551, "review_time_pending_days_median": 39.505899999999997, "submitted": 1638}