{"abandoned": 22, "merged": 712, "new": 7, "pending": 7, "review_time_days_avg": 17.25723333333333, "review_time_days_median": 0.6839, "review_time_pending_days_avg": 95.416750000000008, "review_time_pending_days_median": 90.012100000000004, "submitted": 741}