{"abandoned": 4, "merged": 67, "pending": 0, "review_time_days_avg": 5.551024999999999, "review_time_days_median": 3.4326999999999996, "submitted": 71}