{"abandoned": 8, "merged": 132, "new": 10, "pending": 10, "review_time_days_avg": 19.395007894736835, "review_time_days_median": 2.01495, "review_time_pending_days_avg": 93.835322222222217, "review_time_pending_days_median": 65.642799999999994, "submitted": 150}