{"abandoned": 9, "merged": 373, "pending": 4, "review_time_days_avg": 19.83373522, "review_time_days_median": 0.19824999999999998, "submitted": 386}