{"abandoned": 5, "merged": 95, "new": 5, "pending": 5, "review_time_days_avg": 2.8298625, "review_time_days_median": 0.66905, "review_time_pending_days_avg": 86.898899999999998, "review_time_pending_days_median": 92.983599999999996, "review_time_pending_update_days_avg": 64.311125000000004, "review_time_pending_update_days_median": 52.082450000000001, "submitted": 105}