{"abandoned": 142, "merged": 846, "new": 9, "pending": 9, "review_time_days_avg": 12.63650666666667, "review_time_days_median": 0.25855, "review_time_pending_days_avg": 202.78957142857143, "review_time_pending_days_median": 228.11840000000001, "submitted": 997}