{"abandoned": 12, "merged": 689, "new": 10, "pending": 10, "review_time_days_avg": 15.613153846153848, "review_time_days_median": 2.8699, "review_time_pending_days_avg": 50.118310000000001, "review_time_pending_days_median": 39.300349999999995, "submitted": 711}