{"abandoned": 867, "merged": 12881, "new": 145, "pending": 145, "review_time_days_avg": 6.975209739826558, "review_time_days_median": 0.3818, "review_time_pending_days_avg": 65.575112592592589, "review_time_pending_days_median": 21.881399999999999, "review_time_pending_update_days_avg": 39.067535555555551, "review_time_pending_update_days_median": 9.8933999999999997, "submitted": 13893}