{"abandoned": 31, "merged": 251, "new": 7, "pending": 7, "review_time_days_avg": 7.58110956521739, "review_time_days_median": 1.7158, "review_time_pending_days_avg": 49.004714285714279, "review_time_pending_days_median": 16.248899999999999, "submitted": 289}