{"abandoned": 25, "merged": 473, "new": 3, "pending": 3, "review_time_days_avg": 10.767329166666668, "review_time_days_median": 3.0408, "review_time_pending_days_avg": 39.522833333333338, "review_time_pending_days_median": 14.465400000000001, "submitted": 501}