{"abandoned": 6, "merged": 57, "new": 9, "pending": 9, "review_time_days_avg": 12.636638461538464, "review_time_days_median": 5.91535, "review_time_pending_days_avg": 133.88656, "review_time_pending_days_median": 42.694099999999999, "review_time_pending_update_days_avg": 59.096900000000005, "review_time_pending_update_days_median": 1.3374999999999999, "submitted": 72}