{"abandoned": 18, "merged": 246, "new": 5, "pending": 5, "review_time_days_avg": 3.368722727272727, "review_time_days_median": 0.45775, "review_time_pending_days_avg": 25.912579999999998, "review_time_pending_days_median": 35.318199999999997, "review_time_pending_update_days_avg": 4.8574000000000002, "review_time_pending_update_days_median": 2.6777000000000002, "submitted": 269}