{"abandoned": 2, "merged": 17, "new": 2, "pending": 2, "review_time_days_avg": 11.710171428571428, "review_time_days_median": 5.3892, "review_time_pending_days_avg": 219.28935000000001, "review_time_pending_days_median": 219.28935000000001, "review_time_pending_update_days_avg": 218.50285000000002, "review_time_pending_update_days_median": 218.50285000000002, "submitted": 21}