{"abandoned": 346, "merged": 3177, "new": 22, "pending": 22, "review_time_days_avg": 3.142183868501531, "review_time_days_median": 0.81965, "review_time_pending_days_avg": 21.459795454545453, "review_time_pending_days_median": 12.350899999999999, "review_time_pending_update_days_avg": 11.379359090909091, "review_time_pending_update_days_median": 1.41475, "submitted": 3545}