{"abandoned": 375, "merged": 4831, "new": 48, "pending": 48, "review_time_days_avg": 7.118243666026872, "review_time_days_median": 2.14745, "review_time_pending_days_avg": 65.087310638297879, "review_time_pending_days_median": 41.119500000000002, "submitted": 5254}