{"abandoned": 9, "merged": 105, "new": 7, "pending": 7, "review_time_days_avg": 17.868611538461536, "review_time_days_median": 2.69825, "review_time_pending_days_avg": 66.664585714285721, "review_time_pending_days_median": 69.761499999999998, "review_time_pending_update_days_avg": 33.751285714285707, "review_time_pending_update_days_median": 31.335599999999999, "submitted": 121}