{"abandoned": 12, "merged": 342, "new": 10, "pending": 10, "review_time_days_avg": 12.791407228915665, "review_time_days_median": 1.2061, "review_time_pending_days_avg": 58.173320000000004, "review_time_pending_days_median": 52.282550000000001, "review_time_pending_update_days_avg": 47.096319999999999, "review_time_pending_update_days_median": 50.739899999999999, "submitted": 364}