{"abandoned": 9, "merged": 105, "new": 7, "pending": 7, "review_time_days_avg": 17.868611538461536, "review_time_days_median": 2.69825, "review_time_pending_days_avg": 67.648328571428564, "review_time_pending_days_median": 70.745199999999997, "review_time_pending_update_days_avg": 34.735014285714279, "review_time_pending_update_days_median": 32.319299999999998, "submitted": 121}