{"abandoned": 49, "merged": 151, "new": 11, "pending": 11, "review_time_days_avg": 4.730732653061223, "review_time_days_median": 0.685, "review_time_pending_days_avg": 62.4341111111111, "review_time_pending_days_median": 27.834099999999999, "submitted": 211}