{"abandoned": 33, "merged": 238, "new": 10, "pending": 10, "review_time_days_avg": 4.8696920634920655, "review_time_days_median": 0.9155, "review_time_pending_days_avg": 49.982155555555551, "review_time_pending_days_median": 42.298099999999998, "review_time_pending_update_days_avg": 47.204722222222216, "review_time_pending_update_days_median": 42.294600000000003, "submitted": 281}