{"abandoned": 11, "merged": 48, "new": 14, "pending": 14, "review_time_days_avg": 12.19478214285714, "review_time_days_median": 4.0157, "review_time_pending_days_avg": 129.15260714285714, "review_time_pending_days_median": 62.746400000000001, "submitted": 73}