{"abandoned": 26, "merged": 366, "new": 8, "pending": 8, "review_time_days_avg": 4.986101886792451, "review_time_days_median": 0.2987, "review_time_pending_days_avg": 70.636050000000012, "review_time_pending_days_median": 54.462800000000001, "submitted": 400}