{"abandoned": 211, "merged": 3743, "new": 37, "pending": 37, "review_time_days_avg": 6.897089214380829, "review_time_days_median": 1.7778, "review_time_pending_days_avg": 41.922830555555571, "review_time_pending_days_median": 13.307300000000001, "submitted": 3991}