{"abandoned": 3, "merged": 11, "new": 1, "pending": 1, "review_time_days_avg": 0.36115, "review_time_days_median": 0.36115, "review_time_pending_days_avg": 237.58090000000001, "review_time_pending_days_median": 237.58090000000001, "review_time_pending_update_days_avg": 90.310100000000006, "review_time_pending_update_days_median": 90.310100000000006, "submitted": 15}