{"abandoned": 8, "merged": 132, "new": 10, "pending": 10, "review_time_days_avg": 9.335044303797467, "review_time_days_median": 0.0345, "review_time_pending_days_avg": 97.626133333333343, "review_time_pending_days_median": 69.433599999999998, "submitted": 150}