{"abandoned": 110, "merged": 654, "new": 8, "pending": 8, "review_time_days_avg": 2.875014418604651, "review_time_days_median": 0.3502, "review_time_pending_days_avg": 75.592475000000007, "review_time_pending_days_median": 73.75385, "review_time_pending_update_days_avg": 32.666625000000003, "review_time_pending_update_days_median": 37.387100000000004, "submitted": 772}