{"abandoned": 12, "merged": 36, "new": 1, "pending": 1, "review_time_days_avg": 0.2129777777777778, "review_time_days_median": 0.2574, "review_time_pending_days_avg": 74.707499999999996, "review_time_pending_days_median": 74.707499999999996, "submitted": 49}