{"abandoned": 870, "merged": 12927, "new": 140, "pending": 140, "review_time_days_avg": 6.913922652659232, "review_time_days_median": 0.3774, "review_time_pending_days_avg": 69.217047692307688, "review_time_pending_days_median": 29.146850000000001, "review_time_pending_update_days_avg": 41.04211076923076, "review_time_pending_update_days_median": 11.530149999999999, "submitted": 13937}