{"abandoned": 13, "merged": 78, "new": 6, "pending": 6, "review_time_days_avg": 2.1693666666666664, "review_time_days_median": 0.3058, "review_time_pending_days_avg": 96.700580000000002, "review_time_pending_days_median": 66.328199999999995, "review_time_pending_update_days_avg": 67.033599999999993, "review_time_pending_update_days_median": 63.602699999999999, "submitted": 97}