{"abandoned": 66, "merged": 373, "new": 48, "pending": 48, "review_time_days_avg": 13.91740638297872, "review_time_days_median": 1.1433, "review_time_pending_days_avg": 165.22626774193546, "review_time_pending_days_median": 157.28530000000001, "submitted": 487}