{"abandoned": 54, "merged": 713, "new": 23, "pending": 23, "review_time_days_avg": 10.487740476190474, "review_time_days_median": 1.3674, "review_time_pending_days_avg": 188.46803636363632, "review_time_pending_days_median": 280.40314999999998, "submitted": 790}