{"abandoned": 85, "merged": 2105, "new": 15, "pending": 15, "review_time_days_avg": 4.5965460280373795, "review_time_days_median": 0.30545, "review_time_pending_days_avg": 64.082073333333341, "review_time_pending_days_median": 18.592600000000001, "submitted": 2205}