{"abandoned": 17, "merged": 512, "new": 4, "pending": 4, "review_time_days_avg": 1.9845988281250007, "review_time_days_median": 0.8284499999999999, "review_time_pending_days_avg": 7.2531999999999996, "review_time_pending_days_median": 4.5748999999999995, "submitted": 533}