{"abandoned": 4, "merged": 15, "new": 1, "pending": 1, "review_time_days_avg": 35.834399999999995, "review_time_days_median": 8.4861, "review_time_pending_days_avg": 181.07650000000001, "review_time_pending_days_median": 181.07650000000001, "review_time_pending_update_days_avg": 18.545400000000001, "review_time_pending_update_days_median": 18.545400000000001, "submitted": 20}