{"abandoned": 14, "merged": 227, "new": 2, "pending": 2, "review_time_days_avg": 7.239973437499998, "review_time_days_median": 0.7098, "review_time_pending_days_avg": 144.91419999999999, "review_time_pending_days_median": 144.91419999999999, "submitted": 243}