{"abandoned": 43, "merged": 492, "new": 19, "pending": 19, "review_time_days_avg": 8.97138457711443, "review_time_days_median": 2.0951, "review_time_pending_days_avg": 168.93548235294122, "review_time_pending_days_median": 160.05709999999999, "review_time_pending_update_days_avg": 122.01671764705883, "review_time_pending_update_days_median": 108.3532, "submitted": 554}