{"abandoned": 59, "merged": 1241, "new": 9, "pending": 9, "review_time_days_avg": 3.178211168831165, "review_time_days_median": 0.9107, "review_time_pending_days_avg": 63.181011111111111, "review_time_pending_days_median": 28.772500000000001, "submitted": 1309}