{"abandoned": 32, "merged": 411, "new": 4, "pending": 4, "review_time_days_avg": 3.963619999999999, "review_time_days_median": 0.8617999999999999, "review_time_pending_days_avg": 221.39603333333332, "review_time_pending_days_median": 235.73609999999999, "review_time_pending_update_days_avg": 108.08593333333333, "review_time_pending_update_days_median": 51.042000000000002, "submitted": 447}