{"abandoned": 26, "merged": 318, "new": 15, "pending": 15, "review_time_days_avg": 4.503800746268657, "review_time_days_median": 0.15875, "review_time_pending_days_avg": 80.005653333333328, "review_time_pending_days_median": 66.224599999999995, "review_time_pending_update_days_avg": 55.569033333333323, "review_time_pending_update_days_median": 27.409500000000001, "submitted": 359}