{"abandoned": 209, "merged": 3069, "new": 37, "pending": 37, "review_time_days_avg": 3.0312597956730722, "review_time_days_median": 0.24025000000000002, "review_time_pending_days_avg": 98.501197297297338, "review_time_pending_days_median": 68.956100000000006, "review_time_pending_update_days_avg": 59.9518027027027, "review_time_pending_update_days_median": 24.814399999999999, "submitted": 3315}