{"abandoned": 9, "merged": 104, "new": 6, "pending": 6, "review_time_days_avg": 18.058781818181817, "review_time_days_median": 2.6518, "review_time_pending_days_avg": 61.483866666666671, "review_time_pending_days_median": 53.905699999999996, "submitted": 119}