{"abandoned": 15, "merged": 232, "new": 6, "pending": 6, "review_time_days_avg": 8.399070588235295, "review_time_days_median": 0.8869499999999999, "review_time_pending_days_avg": 232.95850000000002, "review_time_pending_days_median": 246.77609999999999, "review_time_pending_update_days_avg": 169.12987500000003, "review_time_pending_update_days_median": 138.58654999999999, "submitted": 253}