{"abandoned": 3, "merged": 254, "pending": 3, "review_time_days_avg": 114.29390039, "review_time_days_median": 88.39025000000001, "submitted": 260}