{"abandoned": 110, "merged": 651, "new": 9, "pending": 9, "review_time_days_avg": 4.1055285714285725, "review_time_days_median": 1.2949, "review_time_pending_days_avg": 62.819055555555565, "review_time_pending_days_median": 59.720199999999998, "submitted": 770}