{"abandoned": 24, "merged": 660, "new": 2, "pending": 2, "review_time_days_avg": 1.808127058823529, "review_time_days_median": 0.1241, "review_time_pending_days_avg": 26.000499999999999, "review_time_pending_days_median": 26.000499999999999, "submitted": 686}