{"abandoned": 86, "merged": 1543, "new": 9, "pending": 9, "review_time_days_avg": 4.647692396313361, "review_time_days_median": 0.3092, "review_time_pending_days_avg": 69.960344444444445, "review_time_pending_days_median": 40.874499999999998, "review_time_pending_update_days_avg": 37.928522222222227, "review_time_pending_update_days_median": 6.9923999999999999, "submitted": 1638}