{"abandoned": 2, "merged": 144, "new": 3, "pending": 3, "review_time_days_avg": 59.784076923076924, "review_time_days_median": 12.1183, "review_time_pending_days_avg": 78.531999999999996, "review_time_pending_days_median": 78.531999999999996, "submitted": 149}