{"abandoned": 15, "merged": 224, "new": 6, "pending": 6, "review_time_days_avg": 10.130810714285715, "review_time_days_median": 2.15735, "review_time_pending_days_avg": 221.01907500000002, "review_time_pending_days_median": 234.83670000000001, "review_time_pending_update_days_avg": 157.19039999999998, "review_time_pending_update_days_median": 126.64705000000001, "submitted": 245}