{"abandoned": 337, "merged": 3591, "pending": 13, "review_time_days_avg": 4.253348, "review_time_days_median": 1.7554500000000002, "submitted": 3941}