{"abandoned": 15, "merged": 228, "new": 6, "pending": 6, "review_time_days_avg": 9.488733333333334, "review_time_days_median": 1.6479, "review_time_pending_days_avg": 228.97854999999998, "review_time_pending_days_median": 242.79615000000001, "review_time_pending_update_days_avg": 165.1499, "review_time_pending_update_days_median": 134.60655000000003, "submitted": 249}