{"abandoned": 25, "merged": 201, "new": 2, "pending": 2, "review_time_days_avg": 8.940065517241377, "review_time_days_median": 1.7056, "review_time_pending_days_avg": 76.838250000000002, "review_time_pending_days_median": 76.838250000000002, "review_time_pending_update_days_avg": 75.986649999999997, "review_time_pending_update_days_median": 75.986649999999997, "submitted": 228}