{"abandoned": 6, "merged": 166, "pending": 3, "review_time_days_avg": 2.67539458, "review_time_days_median": 0.0031999999999999997, "submitted": 175}