{"abandoned": 35, "merged": 706, "new": 4, "pending": 4, "review_time_days_avg": 6.930496491228069, "review_time_days_median": 1.4573, "review_time_pending_days_avg": 210.52606666666665, "review_time_pending_days_median": 207.15889999999999, "submitted": 745}