{"abandoned": 40, "merged": 229, "new": 10, "pending": 10, "review_time_days_avg": 18.075766666666667, "review_time_days_median": 2.5198, "review_time_pending_days_avg": 100.0975375, "review_time_pending_days_median": 79.26785000000001, "review_time_pending_update_days_avg": 68.225637499999991, "review_time_pending_update_days_median": 60.768950000000004, "submitted": 279}