{"abandoned": 0, "merged": 47, "pending": 0, "review_time_days_avg": 217.8575392857143, "review_time_days_median": 230.27800000000002, "submitted": 47}