{"abandoned": 87, "merged": 1560, "new": 9, "pending": 9, "review_time_days_avg": 4.596130512249441, "review_time_days_median": 0.3043, "review_time_pending_days_avg": 70.039488888888883, "review_time_pending_days_median": 42.382100000000001, "review_time_pending_update_days_avg": 23.054511111111108, "review_time_pending_update_days_median": 10.370699999999999, "submitted": 1656}