{"abandoned": 26, "merged": 366, "new": 8, "pending": 8, "review_time_days_avg": 4.986101886792451, "review_time_days_median": 0.2987, "review_time_pending_days_avg": 70.042649999999995, "review_time_pending_days_median": 53.869399999999999, "submitted": 400}