{"abandoned": 14, "merged": 236, "new": 9, "pending": 9, "review_time_days_avg": 3.7343407407407407, "review_time_days_median": 0.8884, "review_time_pending_days_avg": 16.902899999999999, "review_time_pending_days_median": 22.257300000000001, "submitted": 259}