{"abandoned": 37, "merged": 276, "new": 4, "pending": 4, "review_time_days_avg": 4.593533720930229, "review_time_days_median": 0.2752, "review_time_pending_days_avg": 220.58096666666665, "review_time_pending_days_median": 217.21379999999999, "review_time_pending_update_days_avg": 220.45993333333334, "review_time_pending_update_days_median": 217.2133, "submitted": 317}