{"abandoned": 1, "merged": 6, "new": 1, "pending": 1, "review_time_days_avg": 0.15925999999999998, "review_time_days_median": 0.0214, "review_time_pending_days_avg": 4.4381000000000004, "review_time_pending_days_median": 4.4381000000000004, "review_time_pending_update_days_avg": 3.7625999999999999, "review_time_pending_update_days_median": 3.7625999999999999, "submitted": 8}