{"abandoned": 4, "merged": 12, "new": 4, "pending": 4, "review_time_days_avg": 9.84568, "review_time_days_median": 7.4113500000000005, "review_time_pending_days_avg": 16.740024999999999, "review_time_pending_days_median": 19.061450000000001, "review_time_pending_update_days_avg": 5.8964500000000006, "review_time_pending_update_days_median": 3.4481000000000002, "submitted": 20}