{"abandoned": 375, "merged": 4849, "new": 49, "pending": 49, "review_time_days_avg": 7.103649809885932, "review_time_days_median": 2.1210500000000003, "review_time_pending_days_avg": 66.529304166666648, "review_time_pending_days_median": 32.721499999999999, "submitted": 5273}