{"abandoned": 69, "merged": 382, "new": 42, "pending": 42, "review_time_days_avg": 16.307009459459454, "review_time_days_median": 1.36415, "review_time_pending_days_avg": 201.39374400000005, "review_time_pending_days_median": 174.21780000000001, "review_time_pending_update_days_avg": 164.102428, "review_time_pending_update_days_median": 166.64359999999999, "submitted": 493}