{"abandoned": 1, "merged": 25, "pending": 0, "review_time_days_avg": 312.75559999999996, "review_time_days_median": 312.75559999999996, "submitted": 26}