{"abandoned": 154, "merged": 1705, "new": 18, "pending": 18, "review_time_days_avg": 5.09656272493573, "review_time_days_median": 0.8233, "review_time_pending_days_avg": 163.54339999999999, "review_time_pending_days_median": 157.7903, "submitted": 1877}