{"abandoned": 6, "merged": 56, "new": 4, "pending": 4, "review_time_days_avg": 11.608511627906976, "review_time_days_median": 2.1879, "review_time_pending_days_avg": 20.787600000000001, "review_time_pending_days_median": 10.806100000000001, "submitted": 66}