{"abandoned": 40, "merged": 227, "new": 9, "pending": 9, "review_time_days_avg": 18.639277586206894, "review_time_days_median": 2.5198, "review_time_pending_days_avg": 101.70082857142857, "review_time_pending_days_median": 87.658000000000001, "submitted": 276}