{"abandoned": 43, "merged": 491, "new": 19, "pending": 19, "review_time_days_avg": 9.015918000000001, "review_time_days_median": 2.11335, "review_time_pending_days_avg": 166.95488235294113, "review_time_pending_days_median": 158.07650000000001, "review_time_pending_update_days_avg": 120.03611176470588, "review_time_pending_update_days_median": 106.37260000000001, "submitted": 553}