{"abandoned": 12, "merged": 452, "new": 2, "pending": 2, "review_time_days_avg": 43.654117142857146, "review_time_days_median": 9.0364, "review_time_pending_days_avg": 66.192250000000001, "review_time_pending_days_median": 66.192250000000001, "submitted": 466}