{"abandoned": 209, "merged": 3714, "new": 37, "pending": 37, "review_time_days_avg": 6.868724559023069, "review_time_days_median": 1.7683, "review_time_pending_days_avg": 39.358094444444447, "review_time_pending_days_median": 13.911550000000002, "submitted": 3960}