{"abandoned": 2, "merged": 8, "new": 2, "pending": 2, "review_time_days_avg": 107.95128, "review_time_days_median": 28.8791, "review_time_pending_days_avg": 73.418700000000001, "review_time_pending_days_median": 73.418700000000001, "review_time_pending_update_days_avg": 73.418700000000001, "review_time_pending_update_days_median": 73.418700000000001, "submitted": 12}