{"abandoned": 66, "merged": 373, "new": 50, "pending": 50, "review_time_days_avg": 13.91740638297872, "review_time_days_median": 1.1433, "review_time_pending_days_avg": 158.56418181818182, "review_time_pending_days_median": 160.61429999999999, "review_time_pending_update_days_avg": 118.88583636363636, "review_time_pending_update_days_median": 153.0343, "submitted": 489}