{"abandoned": 26, "merged": 320, "new": 17, "pending": 17, "review_time_days_avg": 4.438113235294117, "review_time_days_median": 0.14375, "review_time_pending_days_avg": 71.573964705882361, "review_time_pending_days_median": 55.126100000000001, "review_time_pending_update_days_avg": 50.012070588235289, "review_time_pending_update_days_median": 28.291899999999998, "submitted": 363}