{"abandoned": 3, "merged": 51, "new": 2, "pending": 2, "review_time_days_avg": 23.674841666666666, "review_time_days_median": 1.3883, "review_time_pending_days_avg": 80.620249999999999, "review_time_pending_days_median": 80.620249999999999, "submitted": 56}