{"abandoned": 214, "merged": 3776, "new": 32, "pending": 32, "review_time_days_avg": 6.904446587926514, "review_time_days_median": 1.8682500000000002, "review_time_pending_days_avg": 45.873051612903218, "review_time_pending_days_median": 17.508400000000002, "review_time_pending_update_days_avg": 29.114670967741937, "review_time_pending_update_days_median": 14.85, "submitted": 4022}