{"abandoned": 142, "merged": 846, "new": 9, "pending": 9, "review_time_days_avg": 12.63650666666667, "review_time_days_median": 0.25855, "review_time_pending_days_avg": 208.78960000000001, "review_time_pending_days_median": 234.11840000000001, "review_time_pending_update_days_avg": 76.397785714285732, "review_time_pending_update_days_median": 86.659700000000001, "submitted": 997}