{"abandoned": 14, "merged": 79, "new": 5, "pending": 5, "review_time_days_avg": 2.0749727272727267, "review_time_days_median": 0.25775000000000003, "review_time_pending_days_avg": 114.93254999999999, "review_time_pending_days_median": 126.27974999999999, "review_time_pending_update_days_avg": 77.854049999999987, "review_time_pending_update_days_median": 57.463999999999999, "submitted": 98}