{"abandoned": 30, "merged": 226, "pending": 8, "review_time_days_avg": 73.6234792, "review_time_days_median": 5.9483999999999995, "submitted": 264}