{"abandoned": 87, "merged": 1557, "new": 9, "pending": 9, "review_time_days_avg": 4.624357847533629, "review_time_days_median": 0.30545, "review_time_pending_days_avg": 67.221466666666657, "review_time_pending_days_median": 39.564100000000003, "review_time_pending_update_days_avg": 21.377133333333333, "review_time_pending_update_days_median": 7.5526999999999997, "submitted": 1653}