{"abandoned": 1327, "merged": 10798, "new": 467, "pending": 467, "review_time_days_avg": 14.689776165154848, "review_time_days_median": 0.9, "review_time_pending_days_avg": 110.49408455284537, "review_time_pending_days_median": 72.2316, "review_time_pending_update_days_avg": 61.313319783197848, "review_time_pending_update_days_median": 34.383099999999999, "submitted": 12592}