{"abandoned": 45, "merged": 915, "new": 20, "pending": 20, "review_time_days_avg": 10.209065454545456, "review_time_days_median": 4.0747, "review_time_pending_days_avg": 137.28560000000002, "review_time_pending_days_median": 127.96129999999999, "submitted": 980}