{"abandoned": 11, "merged": 50, "new": 14, "pending": 14, "review_time_days_avg": 10.644491176470586, "review_time_days_median": 3.82495, "review_time_pending_days_avg": 151.7136142857143, "review_time_pending_days_median": 87.783799999999999, "review_time_pending_update_days_avg": 120.87657857142857, "review_time_pending_update_days_median": 80.915149999999997, "submitted": 75}