{"abandoned": 12, "merged": 36, "new": 1, "pending": 1, "review_time_days_avg": 0.2129777777777778, "review_time_days_median": 0.2574, "review_time_pending_days_avg": 90.631600000000006, "review_time_pending_days_median": 90.631600000000006, "review_time_pending_update_days_avg": 90.323599999999999, "review_time_pending_update_days_median": 90.323599999999999, "submitted": 49}