{"abandoned": 371, "merged": 4764, "pending": 39, "review_time_days_avg": 92.0328089228809, "review_time_days_median": 66.15865, "submitted": 5174}