{"abandoned": 12, "merged": 345, "new": 9, "pending": 9, "review_time_days_avg": 12.464354651162795, "review_time_days_median": 1.1571500000000001, "review_time_pending_days_avg": 73.289966666666658, "review_time_pending_days_median": 61.270099999999999, "review_time_pending_update_days_avg": 60.982200000000006, "review_time_pending_update_days_median": 61.1584, "submitted": 366}