{"abandoned": 15, "merged": 222, "new": 7, "pending": 7, "review_time_days_avg": 9.312122222222223, "review_time_days_median": 1.9961, "review_time_pending_days_avg": 182.52341999999999, "review_time_pending_days_median": 215.77719999999999, "submitted": 244}