{"abandoned": 6, "merged": 248, "new": 4, "pending": 4, "review_time_days_avg": 14.270868571428572, "review_time_days_median": 3.1405, "review_time_pending_days_avg": 13.737500000000001, "review_time_pending_days_median": 3.7560000000000002, "submitted": 258}