{"abandoned": 63, "merged": 994, "new": 16, "pending": 16, "review_time_days_avg": 2.26351710296684, "review_time_days_median": 0.1776, "review_time_pending_days_avg": 38.557700000000004, "review_time_pending_days_median": 8.1777499999999996, "review_time_pending_update_days_avg": 9.8398437499999982, "review_time_pending_update_days_median": 4.0264499999999996, "submitted": 1073}