{"abandoned": 6, "merged": 56, "new": 7, "pending": 7, "review_time_days_avg": 13.138724000000002, "review_time_days_median": 5.9316, "review_time_pending_days_avg": 220.27516666666668, "review_time_pending_days_median": 301.72210000000001, "review_time_pending_update_days_avg": 109.47203333333334, "review_time_pending_update_days_median": 102.4059, "submitted": 69}