{"abandoned": 63, "merged": 980, "new": 9, "pending": 9, "review_time_days_avg": 2.2407871198568854, "review_time_days_median": 0.1755, "review_time_pending_days_avg": 59.313666666666663, "review_time_pending_days_median": 24.582699999999999, "review_time_pending_update_days_avg": 12.817188888888886, "review_time_pending_update_days_median": 3.9676999999999998, "submitted": 1052}