{"abandoned": 1282, "merged": 11174, "new": 460, "pending": 460, "review_time_days_avg": 19.848665863453824, "review_time_days_median": 2.7885, "review_time_pending_days_avg": 109.89741440443225, "review_time_pending_days_median": 79.645799999999994, "submitted": 12916}