{"abandoned": 1282, "merged": 10545, "new": 461, "pending": 461, "review_time_days_avg": 19.89226149373883, "review_time_days_median": 2.80465, "review_time_pending_days_avg": 109.85905276243101, "review_time_pending_days_median": 79.685299999999998, "submitted": 12288}