{"abandoned": 35, "merged": 460, "new": 12, "pending": 12, "review_time_days_avg": 3.981266666666668, "review_time_days_median": 0.5199, "review_time_pending_days_avg": 99.087324999999979, "review_time_pending_days_median": 105.4624, "review_time_pending_update_days_avg": 71.412933333333328, "review_time_pending_update_days_median": 57.480249999999998, "submitted": 507}