{"abandoned": 11, "merged": 50, "new": 13, "pending": 13, "review_time_days_avg": 10.644491176470586, "review_time_days_median": 3.82495, "review_time_pending_days_avg": 145.84078461538462, "review_time_pending_days_median": 72.813400000000001, "submitted": 74}