{"abandoned": 9, "merged": 177, "new": 8, "pending": 8, "review_time_days_avg": 7.090177777777775, "review_time_days_median": 1.9167, "review_time_pending_days_avg": 12.482237499999997, "review_time_pending_days_median": 9.7319999999999993, "review_time_pending_update_days_avg": 9.9296999999999986, "review_time_pending_update_days_median": 7.7280999999999995, "submitted": 194}