{"abandoned": 349, "merged": 3194, "new": 17, "pending": 17, "review_time_days_avg": 3.1405059046177164, "review_time_days_median": 0.8278, "review_time_pending_days_avg": 26.545558823529412, "review_time_pending_days_median": 16.447199999999999, "review_time_pending_update_days_avg": 9.2000294117647048, "review_time_pending_update_days_median": 3.3995000000000002, "submitted": 3560}