{"abandoned": 63, "merged": 983, "new": 7, "pending": 7, "review_time_days_avg": 2.281682028469749, "review_time_days_median": 0.17620000000000002, "review_time_pending_days_avg": 74.947242857142854, "review_time_pending_days_median": 29.972799999999999, "review_time_pending_update_days_avg": 18.271471428571427, "review_time_pending_update_days_median": 15.0006, "submitted": 1053}