{"abandoned": 2, "merged": 11, "pending": 1, "review_time_days_avg": 138.10044999999997, "review_time_days_median": 103.12525000000001, "submitted": 14}