{"abandoned": 209, "merged": 3714, "new": 37, "pending": 37, "review_time_days_avg": 6.868724559023069, "review_time_days_median": 1.7683, "review_time_pending_days_avg": 39.353219444444456, "review_time_pending_days_median": 13.906699999999999, "submitted": 3960}