{"abandoned": 13, "merged": 130, "new": 1, "pending": 1, "review_time_days_avg": 39.27281666666667, "review_time_days_median": 7.041300000000001, "review_time_pending_days_avg": 7.3281000000000001, "review_time_pending_days_median": 7.3281000000000001, "review_time_pending_update_days_avg": 3.6884999999999999, "review_time_pending_update_days_median": 3.6884999999999999, "submitted": 144}