{"abandoned": 22, "merged": 76, "pending": 0, "review_time_days_avg": 188.19409000000002, "review_time_days_median": 242.54590000000002, "submitted": 98}