{"abandoned": 356, "merged": 3235, "new": 22, "pending": 22, "review_time_days_avg": 3.134479200592158, "review_time_days_median": 0.7958, "review_time_pending_days_avg": 19.958104545454542, "review_time_pending_days_median": 7.7390499999999998, "review_time_pending_update_days_avg": 5.3060045454545453, "review_time_pending_update_days_median": 2.2920499999999997, "submitted": 3613}