{"abandoned": 5, "merged": 110, "new": 2, "pending": 2, "review_time_days_avg": 13.046308510638296, "review_time_days_median": 0.7027, "review_time_pending_days_avg": 137.67275000000001, "review_time_pending_days_median": 137.67275000000001, "submitted": 117}