{"abandoned": 8, "merged": 75, "new": 0, "pending": 0, "review_time_days_avg": 16.013287499999997, "review_time_days_median": 1.6478000000000002, "submitted": 83}