{"abandoned": 2, "merged": 222, "pending": 1, "review_time_days_avg": 118.29378018, "review_time_days_median": 73.84845000000001, "submitted": 225}