{"abandoned": 10, "merged": 46, "new": 5, "pending": 5, "review_time_days_avg": 9.183066666666669, "review_time_days_median": 1.3671000000000002, "review_time_pending_days_avg": 11.850019999999999, "review_time_pending_days_median": 12.8432, "review_time_pending_update_days_avg": 1.6138400000000002, "review_time_pending_update_days_median": 0.40739999999999998, "submitted": 61}