{"abandoned": 37, "merged": 315, "new": 23, "pending": 23, "review_time_days_avg": 3.945318250950573, "review_time_days_median": 1.0851, "review_time_pending_days_avg": 33.850552173913051, "review_time_pending_days_median": 16.0809, "review_time_pending_update_days_avg": 24.913078260869558, "review_time_pending_update_days_median": 15.971399999999999, "submitted": 375}