{"abandoned": 5, "merged": 137, "new": 10, "pending": 10, "review_time_days_avg": 10.43269814814815, "review_time_days_median": 1.98765, "review_time_pending_days_avg": 173.49244999999999, "review_time_pending_days_median": 189.60820000000001, "review_time_pending_update_days_avg": 160.29178000000002, "review_time_pending_update_days_median": 179.21135000000001, "submitted": 152}