{"abandoned": 23, "merged": 198, "new": 10, "pending": 10, "review_time_days_avg": 17.94364166666667, "review_time_days_median": 2.5356, "review_time_pending_days_avg": 142.17070000000001, "review_time_pending_days_median": 165.46950000000001, "submitted": 231}