{"abandoned": 5, "merged": 264, "pending": 10, "review_time_days_avg": 28.30227273, "review_time_days_median": 5.760949999999999, "submitted": 279}