{"abandoned": 142, "merged": 846, "new": 9, "pending": 9, "review_time_days_avg": 12.63650666666667, "review_time_days_median": 0.25855, "review_time_pending_days_avg": 219.75247142857143, "review_time_pending_days_median": 245.0813, "review_time_pending_update_days_avg": 87.360642857142878, "review_time_pending_update_days_median": 97.622600000000006, "submitted": 997}