{"abandoned": 1295, "merged": 10673, "new": 485, "pending": 485, "review_time_days_avg": 14.684504717285959, "review_time_days_median": 0.8973, "review_time_pending_days_avg": 107.4316630490956, "review_time_pending_days_median": 68.855400000000003, "review_time_pending_update_days_avg": 59.017234366925081, "review_time_pending_update_days_median": 28.767399999999999, "submitted": 12453}