{"abandoned": 1, "merged": 39, "new": 2, "pending": 2, "review_time_days_avg": 1.125757692307692, "review_time_days_median": 0.048, "review_time_pending_days_avg": 156.56190000000001, "review_time_pending_days_median": 156.56190000000001, "submitted": 42}