{"abandoned": 5, "merged": 111, "new": 2, "pending": 2, "review_time_days_avg": 12.77457083333333, "review_time_days_median": 0.6529, "review_time_pending_days_avg": 139.67500000000001, "review_time_pending_days_median": 139.67500000000001, "submitted": 118}