{"abandoned": 66, "merged": 372, "new": 49, "pending": 49, "review_time_days_avg": 14.007528571428567, "review_time_days_median": 1.1313, "review_time_pending_days_avg": 158.12347187500001, "review_time_pending_days_median": 155.22550000000001, "submitted": 487}