{"abandoned": 9, "merged": 176, "new": 8, "pending": 8, "review_time_days_avg": 6.922603370786515, "review_time_days_median": 1.7909, "review_time_pending_days_avg": 9.1651124999999993, "review_time_pending_days_median": 4.3034999999999997, "review_time_pending_update_days_avg": 6.8123125, "review_time_pending_update_days_median": 3.5815999999999999, "submitted": 193}