{"abandoned": 64, "merged": 686, "new": 22, "pending": 22, "review_time_days_avg": 3.9943647272727256, "review_time_days_median": 0.7319500000000001, "review_time_pending_days_avg": 87.213999999999999, "review_time_pending_days_median": 63.384399999999999, "review_time_pending_update_days_avg": 61.775395454545468, "review_time_pending_update_days_median": 54.920749999999998, "submitted": 772}