{"abandoned": 8, "merged": 132, "new": 10, "pending": 10, "review_time_days_avg": 9.335044303797467, "review_time_days_median": 0.0345, "review_time_pending_days_avg": 104.63493333333334, "review_time_pending_days_median": 76.442400000000006, "review_time_pending_update_days_avg": 86.784533333333343, "review_time_pending_update_days_median": 76.441500000000005, "submitted": 150}