{"abandoned": 6, "merged": 239, "pending": 2, "review_time_days_avg": 14.017658823529413, "review_time_days_median": 2.9423500000000002, "submitted": 247}