{"abandoned": 8, "merged": 30, "new": 6, "pending": 6, "review_time_days_avg": 5.290658333333334, "review_time_days_median": 2.3208, "review_time_pending_days_avg": 60.903100000000002, "review_time_pending_days_median": 62.115900000000003, "submitted": 44}