{"abandoned": 60, "merged": 488, "new": 19, "pending": 19, "review_time_days_avg": 32.77889999999999, "review_time_days_median": 10.6663, "review_time_pending_days_avg": 275.57776666666666, "review_time_pending_days_median": 300.61509999999998, "review_time_pending_update_days_avg": 248.3313866666667, "review_time_pending_update_days_median": 287.68849999999998, "submitted": 567}