{"abandoned": 57, "merged": 336, "new": 25, "pending": 25, "review_time_days_avg": 4.841525252525252, "review_time_days_median": 0.0497, "review_time_pending_days_avg": 195.41916249999997, "review_time_pending_days_median": 240.74234999999999, "review_time_pending_update_days_avg": 172.22271666666663, "review_time_pending_update_days_median": 182.77834999999999, "submitted": 418}