{"abandoned": 3, "merged": 26, "new": 4, "pending": 4, "review_time_days_avg": 8.18594375, "review_time_days_median": 4.31615, "review_time_pending_days_avg": 49.338350000000005, "review_time_pending_days_median": 59.145449999999997, "review_time_pending_update_days_avg": 31.948950000000004, "review_time_pending_update_days_median": 33.885000000000005, "submitted": 33}