{"abandoned": 59, "merged": 1240, "new": 9, "pending": 9, "review_time_days_avg": 3.178211168831165, "review_time_days_median": 0.9107, "review_time_pending_days_avg": 62.74046666666667, "review_time_pending_days_median": 28.331900000000001, "submitted": 1308}