{"abandoned": 12, "merged": 689, "new": 10, "pending": 10, "review_time_days_avg": 15.613153846153848, "review_time_days_median": 2.8699, "review_time_pending_days_avg": 53.154250000000005, "review_time_pending_days_median": 42.336299999999994, "submitted": 711}