{"abandoned": 3, "merged": 238, "new": 2, "pending": 2, "review_time_days_avg": 25.82701818181818, "review_time_days_median": 1.6461, "review_time_pending_days_avg": 75.665449999999993, "review_time_pending_days_median": 75.665449999999993, "submitted": 243}