{"abandoned": 2, "merged": 83, "new": 1, "pending": 1, "review_time_days_avg": 2.5355499999999997, "review_time_days_median": 2.5355499999999997, "review_time_pending_days_avg": 17.389800000000001, "review_time_pending_days_median": 17.389800000000001, "submitted": 86}