{"abandoned": 40, "merged": 229, "new": 11, "pending": 11, "review_time_days_avg": 18.075766666666667, "review_time_days_median": 2.5198, "review_time_pending_days_avg": 89.976799999999997, "review_time_pending_days_median": 60.2166, "review_time_pending_update_days_avg": 61.609533333333324, "review_time_pending_update_days_median": 26.359200000000001, "submitted": 280}