{"abandoned": 2, "merged": 13, "new": 1, "pending": 1, "review_time_days_avg": 75.512225, "review_time_days_median": 5.5927500000000006, "review_time_pending_days_avg": 6.5646000000000004, "review_time_pending_days_median": 6.5646000000000004, "review_time_pending_update_days_avg": 1.4379999999999999, "review_time_pending_update_days_median": 1.4379999999999999, "submitted": 16}