{"abandoned": 2, "merged": 13, "new": 1, "pending": 1, "review_time_days_avg": 75.512225, "review_time_days_median": 5.5927500000000006, "review_time_pending_days_avg": 5.5899999999999999, "review_time_pending_days_median": 5.5899999999999999, "review_time_pending_update_days_avg": 0.46339999999999998, "review_time_pending_update_days_median": 0.46339999999999998, "submitted": 16}