{"abandoned": 31, "merged": 709, "pending": 5, "review_time_days_avg": 235.13391181318693, "review_time_days_median": 246.18855, "submitted": 745}