{"abandoned": 6, "merged": 111, "new": 1, "pending": 1, "review_time_days_avg": 12.77457083333333, "review_time_days_median": 0.6529, "review_time_pending_days_avg": 90.479200000000006, "review_time_pending_days_median": 90.479200000000006, "review_time_pending_update_days_avg": 16.514500000000002, "review_time_pending_update_days_median": 16.514500000000002, "submitted": 118}