{"abandoned": 142, "merged": 846, "new": 9, "pending": 9, "review_time_days_avg": 12.63650666666667, "review_time_days_median": 0.25855, "review_time_pending_days_avg": 205.79320000000001, "review_time_pending_days_median": 231.12200000000001, "review_time_pending_update_days_avg": 73.401385714285695, "review_time_pending_update_days_median": 83.663300000000007, "submitted": 997}