{"abandoned": 4, "merged": 163, "new": 4, "pending": 4, "review_time_days_avg": 26.696266666666663, "review_time_days_median": 6.9784, "review_time_pending_days_avg": 114.02182500000001, "review_time_pending_days_median": 79.075150000000008, "submitted": 171}