{"abandoned": 215, "merged": 3819, "new": 36, "pending": 36, "review_time_days_avg": 6.824658386683744, "review_time_days_median": 1.8722, "review_time_pending_days_avg": 46.503665714285702, "review_time_pending_days_median": 23.8292, "review_time_pending_update_days_avg": 30.78885428571429, "review_time_pending_update_days_median": 15.386100000000001, "submitted": 4070}