{"abandoned": 36, "merged": 471, "new": 8, "pending": 8, "review_time_days_avg": 4.893864734299519, "review_time_days_median": 0.5287, "review_time_pending_days_avg": 107.30930000000002, "review_time_pending_days_median": 121.49889999999999, "review_time_pending_update_days_avg": 81.349824999999996, "review_time_pending_update_days_median": 81.75855, "submitted": 515}