{"abandoned": 828, "merged": 12334, "new": 134, "pending": 134, "review_time_days_avg": 10.441304583835953, "review_time_days_median": 1.7724, "review_time_pending_days_avg": 74.454912096774109, "review_time_pending_days_median": 37.703299999999999, "submitted": 13296}