{"abandoned": 142, "merged": 846, "new": 9, "pending": 9, "review_time_days_avg": 12.63650666666667, "review_time_days_median": 0.25855, "review_time_pending_days_avg": 203.15722857142856, "review_time_pending_days_median": 228.48609999999999, "review_time_pending_update_days_avg": 70.765428571428572, "review_time_pending_update_days_median": 81.027299999999997, "submitted": 997}