{"abandoned": 4, "merged": 75, "new": 3, "pending": 3, "review_time_days_avg": 10.975107499999998, "review_time_days_median": 1.46435, "review_time_pending_days_avg": 92.324633333333338, "review_time_pending_days_median": 40.390799999999999, "review_time_pending_update_days_avg": 60.415700000000008, "review_time_pending_update_days_median": 12.4795, "submitted": 82}