{"abandoned": 214, "merged": 3792, "new": 30, "pending": 30, "review_time_days_avg": 6.880409232769835, "review_time_days_median": 1.8835, "review_time_pending_days_avg": 52.876051724137952, "review_time_pending_days_median": 22.7165, "review_time_pending_update_days_avg": 34.741782758620687, "review_time_pending_update_days_median": 19.839600000000001, "submitted": 4036}