{"abandoned": 27, "merged": 267, "new": 4, "pending": 4, "review_time_days_avg": 14.445181355932204, "review_time_days_median": 2.5817, "review_time_pending_days_avg": 12.572100000000001, "review_time_pending_days_median": 12.822050000000001, "submitted": 298}