{"abandoned": 13, "merged": 77, "new": 6, "pending": 6, "review_time_days_avg": 1.7799599999999998, "review_time_days_median": 0.25775000000000003, "review_time_pending_days_avg": 92.048119999999997, "review_time_pending_days_median": 59.3155, "review_time_pending_update_days_avg": 62.381119999999996, "review_time_pending_update_days_median": 56.590000000000003, "submitted": 96}