{"abandoned": 57, "merged": 347, "new": 25, "pending": 25, "review_time_days_avg": 4.640657407407407, "review_time_days_median": 0.05135, "review_time_pending_days_avg": 198.33515000000008, "review_time_pending_days_median": 244.72595000000001, "review_time_pending_update_days_avg": 175.15207916666665, "review_time_pending_update_days_median": 186.76195000000001, "submitted": 429}