{"abandoned": 39, "merged": 407, "pending": 10, "review_time_days_avg": 113.58185704697989, "review_time_days_median": 52.66215, "submitted": 456}