{"abandoned": 9, "merged": 104, "new": 6, "pending": 6, "review_time_days_avg": 18.058781818181817, "review_time_days_median": 2.6518, "review_time_pending_days_avg": 66.504933333333327, "review_time_pending_days_median": 58.926749999999998, "review_time_pending_update_days_avg": 30.460666666666668, "review_time_pending_update_days_median": 21.466049999999999, "submitted": 119}