{"abandoned": 3, "merged": 9, "new": 4, "pending": 4, "review_time_days_avg": 7.2279857142857145, "review_time_days_median": 3.9845, "review_time_pending_days_avg": 7.7468500000000002, "review_time_pending_days_median": 7.5832999999999995, "submitted": 16}