{"abandoned": 62, "merged": 632, "new": 31, "pending": 31, "review_time_days_avg": 3.960744047619047, "review_time_days_median": 0.71455, "review_time_pending_days_avg": 64.772964516129022, "review_time_pending_days_median": 22.4968, "review_time_pending_update_days_avg": 47.244325806451606, "review_time_pending_update_days_median": 18.463200000000001, "submitted": 725}