{"abandoned": 8, "merged": 50, "new": 1, "pending": 1, "review_time_days_avg": 16.013287499999997, "review_time_days_median": 1.6478000000000002, "review_time_pending_days_avg": 9.0913000000000004, "review_time_pending_days_median": 9.0913000000000004, "review_time_pending_update_days_avg": 8.8534000000000006, "review_time_pending_update_days_median": 8.8534000000000006, "submitted": 59}