{"abandoned": 4, "merged": 163, "new": 4, "pending": 4, "review_time_days_avg": 26.696266666666663, "review_time_days_median": 6.9784, "review_time_pending_days_avg": 116.61567500000001, "review_time_pending_days_median": 81.668999999999997, "submitted": 171}