{"abandoned": 142, "merged": 1253, "new": 8, "pending": 8, "review_time_days_avg": 19.42969230769231, "review_time_days_median": 1.2563, "review_time_pending_days_avg": 224.86555000000001, "review_time_pending_days_median": 233.07749999999999, "submitted": 1403}