{"abandoned": 62, "merged": 891, "new": 50, "pending": 50, "review_time_days_avg": 18.788357692307684, "review_time_days_median": 2.5846999999999998, "review_time_pending_days_avg": 159.41529677419354, "review_time_pending_days_median": 148.91589999999999, "submitted": 1003}