{"abandoned": 29, "merged": 598, "new": 10, "pending": 10, "review_time_days_avg": 4.553734285714288, "review_time_days_median": 0.45575, "review_time_pending_days_avg": 64.894719999999992, "review_time_pending_days_median": 34.319450000000003, "submitted": 637}