{"abandoned": 2, "merged": 144, "new": 3, "pending": 3, "review_time_days_avg": 70.65338181818183, "review_time_days_median": 30.9682, "review_time_pending_days_avg": 74.320400000000006, "review_time_pending_days_median": 74.320400000000006, "submitted": 149}