{"abandoned": 3, "merged": 239, "new": 2, "pending": 2, "review_time_days_avg": 25.82701818181818, "review_time_days_median": 1.6461, "review_time_pending_days_avg": 77.428750000000008, "review_time_pending_days_median": 77.428750000000008, "submitted": 244}