{"abandoned": 10, "merged": 76, "new": 9, "pending": 9, "review_time_days_avg": 5.709674666666666, "review_time_days_median": 0.9123, "review_time_pending_days_avg": 75.442266666666669, "review_time_pending_days_median": 58.406300000000002, "review_time_pending_update_days_avg": 53.700988888888887, "review_time_pending_update_days_median": 28.496600000000001, "submitted": 95}