{"abandoned": 62, "merged": 605, "new": 25, "pending": 25, "review_time_days_avg": 4.436962500000003, "review_time_days_median": 1.05365, "review_time_pending_days_avg": 73.561236000000008, "review_time_pending_days_median": 50.050899999999999, "submitted": 692}