{"abandoned": 5, "merged": 95, "pending": 4, "review_time_days_avg": 142.98809000000003, "review_time_days_median": 145.32614999999998, "submitted": 104}