{"abandoned": 1, "merged": 66, "new": 1, "pending": 1, "review_time_days_avg": 5.320333333333333, "review_time_days_median": 0.6058, "review_time_pending_days_avg": 21.236799999999999, "review_time_pending_days_median": 21.236799999999999, "submitted": 68}