{"abandoned": 25, "merged": 200, "new": 7, "pending": 7, "review_time_days_avg": 18.401132558139544, "review_time_days_median": 2.5356, "review_time_pending_days_avg": 182.33288333333334, "review_time_pending_days_median": 199.65145000000001, "review_time_pending_update_days_avg": 130.66381666666666, "review_time_pending_update_days_median": 156.38114999999999, "submitted": 232}