{"abandoned": 14, "merged": 491, "pending": 5, "review_time_days_avg": 1.9794706349206357, "review_time_days_median": 0.8141499999999999, "submitted": 510}