{"abandoned": 6, "merged": 56, "new": 7, "pending": 7, "review_time_days_avg": 13.138724000000002, "review_time_days_median": 5.9316, "review_time_pending_days_avg": 219.43776666666668, "review_time_pending_days_median": 300.88470000000001, "review_time_pending_update_days_avg": 108.63460000000002, "review_time_pending_update_days_median": 101.5685, "submitted": 69}