{"abandoned": 214, "merged": 3780, "new": 34, "pending": 34, "review_time_days_avg": 6.897467496723464, "review_time_days_median": 1.8643, "review_time_pending_days_avg": 44.027748484848473, "review_time_pending_days_median": 15.917999999999999, "review_time_pending_update_days_avg": 28.30980303030303, "review_time_pending_update_days_median": 15.6479, "submitted": 4028}