{"abandoned": 10, "merged": 178, "new": 7, "pending": 7, "review_time_days_avg": 7.117105494505492, "review_time_days_median": 2.0425, "review_time_pending_days_avg": 15.318999999999999, "review_time_pending_days_median": 12.818300000000001, "review_time_pending_update_days_avg": 9.7523, "review_time_pending_update_days_median": 3.5133999999999999, "submitted": 195}