{"abandoned": 40, "merged": 229, "new": 12, "pending": 12, "review_time_days_avg": 18.075766666666667, "review_time_days_median": 2.5198, "review_time_pending_days_avg": 82.800200000000004, "review_time_pending_days_median": 58.207999999999998, "review_time_pending_update_days_avg": 56.83867, "review_time_pending_update_days_median": 17.950700000000001, "submitted": 281}