{"abandoned": 142, "merged": 1244, "pending": 8, "review_time_days_avg": 94.50594927, "review_time_days_median": 52.060249999999996, "submitted": 1394}