{"abandoned": 17, "merged": 504, "new": 4, "pending": 4, "review_time_days_avg": 1.9845988281250007, "review_time_days_median": 0.8284499999999999, "review_time_pending_days_avg": 5.6860250000000008, "review_time_pending_days_median": 2.2244000000000002, "submitted": 525}