{"abandoned": 109, "merged": 642, "pending": 7, "review_time_days_avg": 58.44423931297715, "review_time_days_median": 36.854150000000004, "submitted": 758}