{"abandoned": 5, "merged": 81, "new": 8, "pending": 8, "review_time_days_avg": 25.28103333333333, "review_time_days_median": 16.5983, "review_time_pending_days_avg": 137.23975000000002, "review_time_pending_days_median": 124.39195000000001, "submitted": 94}