{"abandoned": 836, "merged": 12403, "new": 139, "pending": 139, "review_time_days_avg": 10.34770595238096, "review_time_days_median": 1.78145, "review_time_pending_days_avg": 70.354597674418642, "review_time_pending_days_median": 32.755699999999997, "submitted": 13378}