{"abandoned": 16, "merged": 397, "new": 1, "pending": 1, "review_time_days_avg": 0.3052625, "review_time_days_median": 0.02625, "review_time_pending_days_avg": 6.2789000000000001, "review_time_pending_days_median": 6.2789000000000001, "review_time_pending_update_days_avg": 6.2695999999999996, "review_time_pending_update_days_median": 6.2695999999999996, "submitted": 414}