{"abandoned": 29, "merged": 600, "new": 10, "pending": 10, "review_time_days_avg": 4.553734285714288, "review_time_days_median": 0.45575, "review_time_pending_days_avg": 64.89718000000002, "review_time_pending_days_median": 34.321950000000001, "submitted": 639}