{"abandoned": 13, "merged": 78, "new": 6, "pending": 6, "review_time_days_avg": 2.1693666666666664, "review_time_days_median": 0.3058, "review_time_pending_days_avg": 95.683179999999993, "review_time_pending_days_median": 65.3108, "review_time_pending_update_days_avg": 66.016199999999998, "review_time_pending_update_days_median": 62.585299999999997, "submitted": 97}