{"abandoned": 340, "merged": 3657, "new": 22, "pending": 22, "review_time_days_avg": 4.26745750798722, "review_time_days_median": 1.8302, "review_time_pending_days_avg": 21.799040909090909, "review_time_pending_days_median": 19.51155, "submitted": 4019}