{"abandoned": 5, "merged": 138, "new": 12, "pending": 12, "review_time_days_avg": 10.243430909090911, "review_time_days_median": 1.8345, "review_time_pending_days_avg": 153.33776666666668, "review_time_pending_days_median": 195.91770000000002, "review_time_pending_update_days_avg": 141.27404999999999, "review_time_pending_update_days_median": 183.94524999999999, "submitted": 155}