{"abandoned": 6, "merged": 58, "new": 3, "pending": 3, "review_time_days_avg": 6.8559770833333324, "review_time_days_median": 1.0131, "review_time_pending_days_avg": 173.10626666666667, "review_time_pending_days_median": 226.0994, "review_time_pending_update_days_avg": 120.29510000000001, "review_time_pending_update_days_median": 133.70349999999999, "submitted": 67}