{"abandoned": 2, "merged": 153, "new": 2, "pending": 2, "review_time_days_avg": 13.660316666666667, "review_time_days_median": 8.26245, "review_time_pending_days_avg": 195.97955000000002, "review_time_pending_days_median": 195.97955000000002, "submitted": 157}