{"abandoned": 204, "merged": 3031, "new": 38, "pending": 38, "review_time_days_avg": 2.969568404907971, "review_time_days_median": 0.2486, "review_time_pending_days_avg": 95.314494736842121, "review_time_pending_days_median": 71.158150000000006, "submitted": 3273}