{"abandoned": 16, "merged": 397, "new": 1, "pending": 1, "review_time_days_avg": 0.3052625, "review_time_days_median": 0.02625, "review_time_pending_days_avg": 4.2884000000000002, "review_time_pending_days_median": 4.2884000000000002, "review_time_pending_update_days_avg": 4.2790999999999997, "review_time_pending_update_days_median": 4.2790999999999997, "submitted": 414}