{"abandoned": 9, "merged": 264, "new": 6, "pending": 6, "review_time_days_avg": 5.290658333333334, "review_time_days_median": 2.3208, "review_time_pending_days_avg": 58.705500000000001, "review_time_pending_days_median": 59.918300000000002, "submitted": 279}