{"abandoned": 8, "merged": 30, "new": 6, "pending": 6, "review_time_days_avg": 4.506578571428571, "review_time_days_median": 0.56165, "review_time_pending_days_avg": 63.753399999999999, "review_time_pending_days_median": 64.966200000000001, "submitted": 44}