{"abandoned": 14, "merged": 227, "new": 3, "pending": 3, "review_time_days_avg": 7.239973437499998, "review_time_days_median": 0.7098, "review_time_pending_days_avg": 97.80386666666665, "review_time_pending_days_median": 25.196400000000001, "submitted": 244}