{"abandoned": 12, "merged": 444, "new": 9, "pending": 9, "review_time_days_avg": 14.016493333333337, "review_time_days_median": 7.2355, "review_time_pending_days_avg": 112.24979999999999, "review_time_pending_days_median": 94.784400000000005, "submitted": 465}