{"abandoned": 23, "merged": 354, "new": 8, "pending": 8, "review_time_days_avg": 7.634843749999998, "review_time_days_median": 2.22595, "review_time_pending_days_avg": 66.765562500000001, "review_time_pending_days_median": 53.128149999999998, "submitted": 385}