{"abandoned": 208, "merged": 3707, "new": 37, "pending": 37, "review_time_days_avg": 8.626231228668942, "review_time_days_median": 3.0426, "review_time_pending_days_avg": 42.619791666666664, "review_time_pending_days_median": 16.284849999999999, "submitted": 3952}