{"abandoned": 15, "merged": 222, "new": 7, "pending": 7, "review_time_days_avg": 9.312122222222223, "review_time_days_median": 1.9961, "review_time_pending_days_avg": 181.52251999999999, "review_time_pending_days_median": 214.77629999999999, "submitted": 244}