{"abandoned": 12, "merged": 129, "new": 1, "pending": 1, "review_time_days_avg": 40.2305756097561, "review_time_days_median": 8.3884, "review_time_pending_days_avg": 29.461600000000001, "review_time_pending_days_median": 29.461600000000001, "submitted": 142}