{"abandoned": 6, "merged": 57, "new": 4, "pending": 4, "review_time_days_avg": 6.853017021276595, "review_time_days_median": 0.939, "review_time_pending_days_avg": 123.58029999999999, "review_time_pending_days_median": 123.70309999999999, "review_time_pending_update_days_avg": 83.954674999999995, "review_time_pending_update_days_median": 66.456999999999994, "submitted": 67}