{"abandoned": 12, "merged": 445, "new": 9, "pending": 9, "review_time_days_avg": 14.016493333333337, "review_time_days_median": 7.2355, "review_time_pending_days_avg": 115.84343333333335, "review_time_pending_days_median": 98.378100000000003, "submitted": 466}