{"abandoned": 25, "merged": 199, "new": 3, "pending": 3, "review_time_days_avg": 10.767329166666668, "review_time_days_median": 3.0408, "review_time_pending_days_avg": 43.73343333333333, "review_time_pending_days_median": 18.675999999999998, "submitted": 227}