{"abandoned": 14, "merged": 235, "new": 1, "pending": 1, "review_time_days_avg": 7.564580303030301, "review_time_days_median": 0.8491500000000001, "review_time_pending_days_avg": 274.25200000000001, "review_time_pending_days_median": 274.25200000000001, "review_time_pending_update_days_avg": 247.37389999999999, "review_time_pending_update_days_median": 247.37389999999999, "submitted": 250}