{"abandoned": 28, "merged": 271, "new": 3, "pending": 3, "review_time_days_avg": 11.450705063291139, "review_time_days_median": 1.8874, "review_time_pending_days_avg": 19.526966666666667, "review_time_pending_days_median": 17.584299999999999, "review_time_pending_update_days_avg": 17.722799999999999, "review_time_pending_update_days_median": 12.1839, "submitted": 302}