{"abandoned": 110, "merged": 658, "new": 7, "pending": 7, "review_time_days_avg": 2.9147260273972604, "review_time_days_median": 0.364, "review_time_pending_days_avg": 93.960171428571428, "review_time_pending_days_median": 90.959000000000003, "review_time_pending_update_days_avg": 44.644314285714287, "review_time_pending_update_days_median": 49.741199999999999, "submitted": 775}