{"abandoned": 836, "merged": 12430, "new": 140, "pending": 140, "review_time_days_avg": 6.671290303030304, "review_time_days_median": 0.3278, "review_time_pending_days_avg": 72.342203846153907, "review_time_pending_days_median": 35.577500000000001, "submitted": 13406}