{"abandoned": 31, "merged": 231, "new": 9, "pending": 9, "review_time_days_avg": 5.945522916666669, "review_time_days_median": 1.7660999999999998, "review_time_pending_days_avg": 54.556549999999987, "review_time_pending_days_median": 32.243299999999998, "submitted": 271}