{"abandoned": 11, "merged": 50, "new": 14, "pending": 14, "review_time_days_avg": 10.644491176470586, "review_time_days_median": 3.82495, "review_time_pending_days_avg": 147.67185714285714, "review_time_pending_days_median": 83.742050000000006, "review_time_pending_update_days_avg": 119.66600714285714, "review_time_pending_update_days_median": 76.873449999999991, "submitted": 75}