{"abandoned": 5, "merged": 527, "new": 2, "pending": 2, "review_time_days_avg": 18.018623529411766, "review_time_days_median": 1.8802500000000002, "review_time_pending_days_avg": 131.65395000000001, "review_time_pending_days_median": 131.65395000000001, "submitted": 534}