{"abandoned": 20, "merged": 458, "new": 3, "pending": 3, "review_time_days_avg": 1.3183554744525547, "review_time_days_median": 0.1337, "review_time_pending_days_avg": 16.125699999999998, "review_time_pending_days_median": 7.4219999999999997, "review_time_pending_update_days_avg": 10.859433333333333, "review_time_pending_update_days_median": 1.4096, "submitted": 481}