{"abandoned": 2, "merged": 24, "new": 4, "pending": 4, "review_time_days_avg": 59.784076923076924, "review_time_days_median": 12.1183, "review_time_pending_days_avg": 60.442733333333329, "review_time_pending_days_median": 64.4238, "review_time_pending_update_days_avg": 58.724399999999996, "review_time_pending_update_days_median": 64.423400000000001, "submitted": 30}