{"abandoned": 49, "merged": 155, "new": 10, "pending": 10, "review_time_days_avg": 5.136972549019606, "review_time_days_median": 0.685, "review_time_pending_days_avg": 72.806737500000011, "review_time_pending_days_median": 33.844900000000003, "review_time_pending_update_days_avg": 35.715512499999996, "review_time_pending_update_days_median": 11.98175, "submitted": 214}