{"abandoned": 61, "merged": 971, "new": 7, "pending": 7, "review_time_days_avg": 2.2417397459165134, "review_time_days_median": 0.1763, "review_time_pending_days_avg": 73.532514285714299, "review_time_pending_days_median": 21.927700000000002, "submitted": 1039}