{"abandoned": 63, "merged": 1000, "new": 13, "pending": 13, "review_time_days_avg": 2.2633362694300505, "review_time_days_median": 0.18, "review_time_pending_days_avg": 49.705800000000004, "review_time_pending_days_median": 11.7033, "review_time_pending_update_days_avg": 14.728899999999999, "review_time_pending_update_days_median": 8.7533999999999992, "submitted": 1076}