{"abandoned": 31, "merged": 407, "new": 6, "pending": 6, "review_time_days_avg": 4.404018749999999, "review_time_days_median": 1.3310499999999998, "review_time_pending_days_avg": 172.46972, "review_time_pending_days_median": 211.70519999999999, "submitted": 444}