{"abandoned": 3, "merged": 105, "new": 11, "pending": 11, "review_time_days_avg": 1.936375, "review_time_days_median": 1.9366999999999999, "review_time_pending_days_avg": 8.3844272727272724, "review_time_pending_days_median": 3.0941000000000001, "review_time_pending_update_days_avg": 8.3571909090909102, "review_time_pending_update_days_median": 3.0941000000000001, "submitted": 119}