{"abandoned": 2, "merged": 23, "new": 1, "pending": 1, "review_time_days_avg": 31.291566666666668, "review_time_days_median": 0.8632, "review_time_pending_days_avg": 313.69450000000001, "review_time_pending_days_median": 313.69450000000001, "review_time_pending_update_days_avg": 193.63130000000001, "review_time_pending_update_days_median": 193.63130000000001, "submitted": 26}