{"abandoned": 9, "merged": 397, "new": 3, "pending": 3, "review_time_days_avg": 8.863756521739129, "review_time_days_median": 4.0205, "review_time_pending_days_avg": 3.8062666666666671, "review_time_pending_days_median": 3.6345000000000001, "submitted": 409}