{"abandoned": 372, "merged": 4357, "new": 46, "pending": 46, "review_time_days_avg": 5.126383232323232, "review_time_days_median": 0.7601, "review_time_pending_days_avg": 71.978231111111143, "review_time_pending_days_median": 38.137799999999999, "submitted": 4775}