{"abandoned": 2, "merged": 8, "new": 2, "pending": 2, "review_time_days_avg": 107.95128, "review_time_days_median": 28.8791, "review_time_pending_days_avg": 83.000600000000006, "review_time_pending_days_median": 83.000600000000006, "review_time_pending_update_days_avg": 83.000600000000006, "review_time_pending_update_days_median": 83.000600000000006, "submitted": 12}