{"abandoned": 4, "merged": 14, "new": 1, "pending": 1, "review_time_days_avg": 41.764316666666666, "review_time_days_median": 10.7538, "review_time_pending_days_avg": 177.24959999999999, "review_time_pending_days_median": 177.24959999999999, "review_time_pending_update_days_avg": 14.718500000000001, "review_time_pending_update_days_median": 14.718500000000001, "submitted": 19}