{"abandoned": 6, "merged": 54, "new": 8, "pending": 8, "review_time_days_avg": 12.867634782608695, "review_time_days_median": 5.9316, "review_time_pending_days_avg": 160.78385000000003, "review_time_pending_days_median": 157.99930000000001, "submitted": 68}