{"abandoned": 2, "merged": 21, "new": 3, "pending": 3, "review_time_days_avg": 18.675862499999997, "review_time_days_median": 0.10025, "review_time_pending_days_avg": 323.41050000000001, "review_time_pending_days_median": 323.41050000000001, "review_time_pending_update_days_avg": 210.26599999999999, "review_time_pending_update_days_median": 210.26599999999999, "submitted": 26}