{"abandoned": 48, "merged": 290, "new": 11, "pending": 11, "review_time_days_avg": 7.017127272727272, "review_time_days_median": 3.0577, "review_time_pending_days_avg": 56.3838111111111, "review_time_pending_days_median": 21.783799999999999, "submitted": 349}