{"abandoned": 2, "merged": 19, "new": 4, "pending": 4, "review_time_days_avg": 23.242199999999997, "review_time_days_median": 0.10025, "review_time_pending_days_avg": 210.90226666666669, "review_time_pending_days_median": 311.8408, "review_time_pending_update_days_avg": 135.47256666666667, "review_time_pending_update_days_median": 198.69630000000001, "submitted": 25}