{"abandoned": 342, "merged": 3154, "new": 30, "pending": 30, "review_time_days_avg": 3.147870085470087, "review_time_days_median": 0.8182, "review_time_pending_days_avg": 18.676203333333333, "review_time_pending_days_median": 7.3182500000000008, "submitted": 3526}