{"abandoned": 3, "merged": 11, "new": 1, "pending": 1, "review_time_days_avg": 0.36115, "review_time_days_median": 0.36115, "review_time_pending_days_avg": 234.55690000000001, "review_time_pending_days_median": 234.55690000000001, "review_time_pending_update_days_avg": 87.286100000000005, "review_time_pending_update_days_median": 87.286100000000005, "submitted": 15}