{"abandoned": 64, "merged": 686, "new": 22, "pending": 22, "review_time_days_avg": 3.9943647272727256, "review_time_days_median": 0.7319500000000001, "review_time_pending_days_avg": 89.24160454545455, "review_time_pending_days_median": 65.412000000000006, "review_time_pending_update_days_avg": 63.685659090909091, "review_time_pending_update_days_median": 56.948400000000007, "submitted": 772}