{"abandoned": 214, "merged": 3103, "new": 33, "pending": 33, "review_time_days_avg": 3.0968749112425984, "review_time_days_median": 0.2398, "review_time_pending_days_avg": 89.306899999999956, "review_time_pending_days_median": 54.592100000000002, "review_time_pending_update_days_avg": 50.716415151515143, "review_time_pending_update_days_median": 19.41, "submitted": 3350}