{"abandoned": 37, "merged": 274, "new": 4, "pending": 4, "review_time_days_avg": 4.647562352941173, "review_time_days_median": 0.2945, "review_time_pending_days_avg": 218.55896666666669, "review_time_pending_days_median": 215.1918, "review_time_pending_update_days_avg": 218.43789999999998, "review_time_pending_update_days_median": 215.19130000000001, "submitted": 315}