{"abandoned": 63, "merged": 994, "new": 11, "pending": 11, "review_time_days_avg": 2.26351710296684, "review_time_days_median": 0.1776, "review_time_pending_days_avg": 54.850709090909078, "review_time_pending_days_median": 13.819100000000001, "review_time_pending_update_days_avg": 13.09359090909091, "review_time_pending_update_days_median": 7.0846999999999998, "submitted": 1068}