{"abandoned": 1, "merged": 35, "new": 1, "pending": 1, "review_time_days_avg": 2.2350393939393935, "review_time_days_median": 0.0209, "review_time_pending_days_avg": 134.20359999999999, "review_time_pending_days_median": 134.20359999999999, "review_time_pending_update_days_avg": 65.344700000000003, "review_time_pending_update_days_median": 65.344700000000003, "submitted": 37}