{"abandoned": 1345, "merged": 10923, "new": 467, "pending": 467, "review_time_days_avg": 14.568241006976065, "review_time_days_median": 0.9194, "review_time_pending_days_avg": 112.87263523035224, "review_time_pending_days_median": 77.6922, "review_time_pending_update_days_avg": 64.35080406504072, "review_time_pending_update_days_median": 36.279699999999998, "submitted": 12735}