{"abandoned": 1282, "merged": 10545, "new": 461, "pending": 461, "review_time_days_avg": 19.848665863453824, "review_time_days_median": 2.7885, "review_time_pending_days_avg": 109.82824226519345, "review_time_pending_days_median": 79.654499999999999, "submitted": 12288}