{"abandoned": 16, "merged": 501, "new": 2, "pending": 2, "review_time_days_avg": 1.9845988281250007, "review_time_days_median": 0.8284499999999999, "submitted": 519}