{"abandoned": 12, "merged": 345, "new": 10, "pending": 10, "review_time_days_avg": 12.464354651162795, "review_time_days_median": 1.1571500000000001, "review_time_pending_days_avg": 69.029489999999996, "review_time_pending_days_median": 64.268050000000002, "review_time_pending_update_days_avg": 57.952480000000001, "review_time_pending_update_days_median": 62.725349999999999, "submitted": 367}