{"abandoned": 28, "merged": 579, "new": 10, "pending": 10, "review_time_days_avg": 6.249454000000002, "review_time_days_median": 0.82195, "review_time_pending_days_avg": 61.294619999999988, "review_time_pending_days_median": 29.326750000000001, "submitted": 617}