{"abandoned": 3, "merged": 8, "new": 5, "pending": 5, "review_time_days_avg": 7.94735, "review_time_days_median": 4.8165000000000004, "review_time_pending_days_avg": 3.8317199999999998, "review_time_pending_days_median": 3.6093000000000002, "submitted": 16}