{"abandoned": 43, "merged": 490, "new": 20, "pending": 20, "review_time_days_avg": 8.926303517587941, "review_time_days_median": 2.0951, "review_time_pending_days_avg": 138.50092777777778, "review_time_pending_days_median": 134.29174999999998, "submitted": 553}