{"abandoned": 48, "merged": 288, "new": 11, "pending": 11, "review_time_days_avg": 7.224521874999999, "review_time_days_median": 3.326, "review_time_pending_days_avg": 53.397822222222224, "review_time_pending_days_median": 18.797799999999999, "submitted": 347}