{"abandoned": 49, "merged": 158, "new": 10, "pending": 10, "review_time_days_avg": 6.261909259259259, "review_time_days_median": 0.8285, "review_time_pending_days_avg": 70.993687499999993, "review_time_pending_days_median": 40.772399999999998, "review_time_pending_update_days_avg": 38.955837500000001, "review_time_pending_update_days_median": 18.907800000000002, "submitted": 217}