{"abandoned": 25, "merged": 199, "new": 8, "pending": 8, "review_time_days_avg": 17.73255176470589, "review_time_days_median": 2.1456, "review_time_pending_days_avg": 158.36838571428572, "review_time_pending_days_median": 173.68369999999999, "review_time_pending_update_days_avg": 104.95568571428571, "review_time_pending_update_days_median": 140.86600000000001, "submitted": 232}