{"abandoned": 2, "merged": 144, "new": 3, "pending": 3, "review_time_days_avg": 70.65338181818183, "review_time_days_median": 30.9682, "review_time_pending_days_avg": 73.712699999999998, "review_time_pending_days_median": 73.712699999999998, "submitted": 149}