{"abandoned": 85, "merged": 2104, "new": 14, "pending": 14, "review_time_days_avg": 6.598583221476508, "review_time_days_median": 0.92275, "review_time_pending_days_avg": 66.251557142857152, "review_time_pending_days_median": 24.411500000000004, "submitted": 2203}