{"abandoned": 5, "merged": 162, "new": 9, "pending": 9, "review_time_days_avg": 35.23437142857143, "review_time_days_median": 17.0082, "review_time_pending_days_avg": 163.70509999999999, "review_time_pending_days_median": 165.19999999999999, "review_time_pending_update_days_avg": 124.88554999999998, "review_time_pending_update_days_median": 59.622599999999998, "submitted": 176}