{"abandoned": 25, "merged": 314, "new": 17, "pending": 17, "review_time_days_avg": 2.7384847328244275, "review_time_days_median": 0.156, "review_time_pending_days_avg": 79.755323529411768, "review_time_pending_days_median": 59.604999999999997, "submitted": 356}