{"abandoned": 9, "merged": 132, "new": 9, "pending": 9, "review_time_days_avg": 9.335044303797467, "review_time_days_median": 0.0345, "review_time_pending_days_avg": 121.94374999999999, "review_time_pending_days_median": 97.832949999999997, "review_time_pending_update_days_avg": 101.86200000000001, "review_time_pending_update_days_median": 97.83205000000001, "submitted": 150}