{"abandoned": 3, "merged": 11, "new": 1, "pending": 1, "review_time_days_avg": 0.36115, "review_time_days_median": 0.36115, "review_time_pending_days_avg": 238.58510000000001, "review_time_pending_days_median": 238.58510000000001, "review_time_pending_update_days_avg": 91.314300000000003, "review_time_pending_update_days_median": 91.314300000000003, "submitted": 15}