{"abandoned": 3, "merged": 254, "pending": 3, "review_time_days_avg": 254.23486086956524, "review_time_days_median": 309.34259999999995, "submitted": 260}