{"abandoned": 5, "merged": 162, "new": 9, "pending": 9, "review_time_days_avg": 35.23437142857143, "review_time_days_median": 17.0082, "review_time_pending_days_avg": 153.30026666666666, "review_time_pending_days_median": 154.79514999999998, "submitted": 176}