{"abandoned": 31, "merged": 232, "new": 8, "pending": 8, "review_time_days_avg": 5.185318644067799, "review_time_days_median": 1.0372, "review_time_pending_days_avg": 62.511485714285705, "review_time_pending_days_median": 35.255099999999999, "submitted": 271}