{"abandoned": 350, "merged": 3197, "new": 17, "pending": 17, "review_time_days_avg": 3.136450264550268, "review_time_days_median": 0.8211, "review_time_pending_days_avg": 28.286029411764709, "review_time_pending_days_median": 18.4114, "review_time_pending_update_days_avg": 9.1802176470588233, "review_time_pending_update_days_median": 5.2488999999999999, "submitted": 3564}