{"abandoned": 26, "merged": 379, "new": 8, "pending": 8, "review_time_days_avg": 4.956903571428568, "review_time_days_median": 0.3038, "review_time_pending_days_avg": 73.812962499999998, "review_time_pending_days_median": 61.319299999999998, "review_time_pending_update_days_avg": 72.194275000000005, "review_time_pending_update_days_median": 61.307749999999999, "submitted": 413}