{"abandoned": 10, "merged": 178, "new": 7, "pending": 7, "review_time_days_avg": 7.117105494505492, "review_time_days_median": 2.0425, "review_time_pending_days_avg": 16.536999999999999, "review_time_pending_days_median": 14.036300000000001, "review_time_pending_update_days_avg": 10.970285714285712, "review_time_pending_update_days_median": 4.7313999999999998, "submitted": 195}