{"abandoned": 12, "merged": 342, "new": 10, "pending": 10, "review_time_days_avg": 12.791407228915665, "review_time_days_median": 1.2061, "review_time_pending_days_avg": 60.179569999999991, "review_time_pending_days_median": 54.288849999999996, "review_time_pending_update_days_avg": 49.102560000000004, "review_time_pending_update_days_median": 52.74615, "submitted": 364}