{"abandoned": 40, "merged": 227, "new": 9, "pending": 9, "review_time_days_avg": 22.06057346938775, "review_time_days_median": 3.076, "review_time_pending_days_avg": 101.48532857142858, "review_time_pending_days_median": 87.442499999999995, "submitted": 276}