{"abandoned": 56, "merged": 719, "new": 23, "pending": 23, "review_time_days_avg": 5.4773211764705865, "review_time_days_median": 0.0451, "review_time_pending_days_avg": 192.09663636363632, "review_time_pending_days_median": 285.95004999999998, "submitted": 798}