{"abandoned": 64, "merged": 686, "new": 21, "pending": 21, "review_time_days_avg": 3.9943647272727256, "review_time_days_median": 0.7319500000000001, "review_time_pending_days_avg": 90.34731428571429, "review_time_pending_days_median": 78.386300000000006, "review_time_pending_update_days_avg": 63.697333333333347, "review_time_pending_update_days_median": 61.5289, "submitted": 771}