{"abandoned": 27, "merged": 707, "new": 4, "pending": 4, "review_time_days_avg": 14.450862711864406, "review_time_days_median": 2.5817, "review_time_pending_days_avg": 7.9209500000000004, "review_time_pending_days_median": 8.1708999999999996, "submitted": 738}