{"abandoned": 27, "merged": 271, "new": 2, "pending": 2, "review_time_days_avg": 11.450705063291139, "review_time_days_median": 1.8874, "review_time_pending_days_avg": 22.949150000000003, "review_time_pending_days_median": 22.949150000000003, "review_time_pending_update_days_avg": 20.248950000000001, "review_time_pending_update_days_median": 20.248950000000001, "submitted": 300}