{"abandoned": 23, "merged": 331, "new": 3, "pending": 3, "review_time_days_avg": 1.692885185185185, "review_time_days_median": 0.7206, "review_time_pending_days_avg": 115.95339999999999, "review_time_pending_days_median": 48.316699999999997, "review_time_pending_update_days_avg": 101.06573333333334, "review_time_pending_update_days_median": 45.763300000000001, "submitted": 357}