{"abandoned": 14, "merged": 236, "new": 9, "pending": 9, "review_time_days_avg": 3.7343407407407407, "review_time_days_median": 0.8884, "review_time_pending_days_avg": 18.159933333333328, "review_time_pending_days_median": 23.514299999999999, "submitted": 259}