{"abandoned": 8, "merged": 132, "new": 10, "pending": 10, "review_time_days_avg": 9.335044303797467, "review_time_days_median": 0.0345, "review_time_pending_days_avg": 108.62362222222224, "review_time_pending_days_median": 80.431100000000001, "review_time_pending_update_days_avg": 90.773155555555547, "review_time_pending_update_days_median": 80.430099999999996, "submitted": 150}