{"abandoned": 62, "merged": 658, "new": 27, "pending": 27, "review_time_days_avg": 4.050960151802656, "review_time_days_median": 0.7378, "review_time_pending_days_avg": 74.318300000000008, "review_time_pending_days_median": 26.5824, "review_time_pending_update_days_avg": 52.304696296296285, "review_time_pending_update_days_median": 22.406199999999998, "submitted": 747}