{"abandoned": 375, "merged": 4851, "new": 48, "pending": 48, "review_time_days_avg": 5.114492407660739, "review_time_days_median": 0.77195, "review_time_pending_days_avg": 67.32391063829786, "review_time_pending_days_median": 32.8536, "submitted": 5274}