{"abandoned": 69, "merged": 384, "new": 42, "pending": 42, "review_time_days_avg": 18.289736666666663, "review_time_days_median": 1.36415, "review_time_pending_days_avg": 195.67260384615383, "review_time_pending_days_median": 176.27244999999999, "review_time_pending_update_days_avg": 159.4399576923077, "review_time_pending_update_days_median": 168.6986, "submitted": 495}