{"abandoned": 1, "merged": 71, "pending": 1, "review_time_days_avg": 205.02832777777783, "review_time_days_median": 228.34730000000002, "submitted": 73}