{"abandoned": 7, "merged": 206, "new": 1, "pending": 1, "review_time_days_avg": 1.0734333333333332, "review_time_days_median": 0.4477, "review_time_pending_days_avg": 97.669600000000003, "review_time_pending_days_median": 97.669600000000003, "submitted": 214}