{"abandoned": 5, "merged": 111, "new": 2, "pending": 2, "review_time_days_avg": 12.77457083333333, "review_time_days_median": 0.6529, "review_time_pending_days_avg": 141.04355000000001, "review_time_pending_days_median": 141.04355000000001, "review_time_pending_update_days_avg": 6.9924999999999997, "review_time_pending_update_days_median": 6.9924999999999997, "submitted": 118}