{"abandoned": 154, "merged": 1706, "new": 18, "pending": 18, "review_time_days_avg": 3.287243377483442, "review_time_days_median": 0.14015, "review_time_pending_days_avg": 190.32888181818183, "review_time_pending_days_median": 184.57570000000001, "review_time_pending_update_days_avg": 142.19495454545455, "review_time_pending_update_days_median": 131.2928, "submitted": 1878}