{"abandoned": 15, "merged": 236, "new": 7, "pending": 7, "review_time_days_avg": 7.666505263157896, "review_time_days_median": 0.7073, "review_time_pending_days_avg": 192.34057999999999, "review_time_pending_days_median": 235.7687, "review_time_pending_update_days_avg": 141.12494000000001, "review_time_pending_update_days_median": 144.40180000000001, "submitted": 258}