{"abandoned": 372, "merged": 4343, "new": 47, "pending": 47, "review_time_days_avg": 5.14859355495251, "review_time_days_median": 0.77, "review_time_pending_days_avg": 69.728006521739132, "review_time_pending_days_median": 35.476050000000001, "submitted": 4762}