{"abandoned": 12, "merged": 445, "new": 9, "pending": 9, "review_time_days_avg": 13.140518750000004, "review_time_days_median": 5.26265, "review_time_pending_days_avg": 117.06906666666666, "review_time_pending_days_median": 99.603700000000003, "submitted": 466}