{"abandoned": 25, "merged": 310, "new": 18, "pending": 18, "review_time_days_avg": 4.065661904761904, "review_time_days_median": 0.5172, "review_time_pending_days_avg": 74.883016666666677, "review_time_pending_days_median": 52.118749999999999, "submitted": 353}