{"abandoned": 57, "merged": 333, "new": 25, "pending": 25, "review_time_days_avg": 4.9917895833333334, "review_time_days_median": 0.059800000000000006, "review_time_pending_days_avg": 188.42440833333339, "review_time_pending_days_median": 233.74760000000001, "review_time_pending_update_days_avg": 165.22796666666667, "review_time_pending_update_days_median": 175.78365000000002, "submitted": 415}