{"abandoned": 5, "merged": 128, "new": 2, "pending": 2, "review_time_days_avg": 14.59887142857143, "review_time_days_median": 9.3697, "review_time_pending_days_avg": 188.81944999999999, "review_time_pending_days_median": 188.81944999999999, "submitted": 135}