{"abandoned": 87, "merged": 1557, "new": 9, "pending": 9, "review_time_days_avg": 4.624357847533629, "review_time_days_median": 0.30545, "review_time_pending_days_avg": 66.003477777777775, "review_time_pending_days_median": 38.3461, "review_time_pending_update_days_avg": 20.159155555555557, "review_time_pending_update_days_median": 6.3346999999999998, "submitted": 1653}