{"abandoned": 8, "merged": 190, "pending": 4, "review_time_days_avg": 305.60658611111114, "review_time_days_median": 325.33349999999996, "submitted": 203}