{"abandoned": 373, "merged": 4367, "new": 51, "pending": 51, "review_time_days_avg": 5.153134625668448, "review_time_days_median": 0.7589, "review_time_pending_days_avg": 64.974403999999993, "review_time_pending_days_median": 34.609300000000005, "review_time_pending_update_days_avg": 33.938895999999993, "review_time_pending_update_days_median": 5.0894000000000004, "submitted": 4791}