{"abandoned": 68, "merged": 381, "new": 43, "pending": 43, "review_time_days_avg": 16.307009459459454, "review_time_days_median": 1.36415, "review_time_pending_days_avg": 189.83772307692303, "review_time_pending_days_median": 170.23874999999998, "review_time_pending_update_days_avg": 153.98025384615383, "review_time_pending_update_days_median": 162.66489999999999, "submitted": 492}