{"abandoned": 5, "merged": 326, "pending": 3, "review_time_days_avg": 234.11397142857143, "review_time_days_median": 296.40594999999996, "submitted": 339}