{"abandoned": 1, "merged": 7, "new": 1, "pending": 1, "review_time_days_avg": 48.666650000000004, "review_time_days_median": 48.666650000000004, "review_time_pending_days_avg": 38.370800000000003, "review_time_pending_days_median": 38.370800000000003, "review_time_pending_update_days_avg": 38.341500000000003, "review_time_pending_update_days_median": 38.341500000000003, "submitted": 9}