{"abandoned": 337, "merged": 3590, "pending": 16, "review_time_days_avg": 93.54579819, "review_time_days_median": 13.848700000000001, "submitted": 3943}