{"abandoned": 1, "merged": 41, "new": 3, "pending": 3, "review_time_days_avg": 1.0841370370370367, "review_time_days_median": 0.0477, "review_time_pending_days_avg": 113.45540000000001, "review_time_pending_days_median": 119.83759999999999, "review_time_pending_update_days_avg": 76.315433333333331, "review_time_pending_update_days_median": 8.6950000000000003, "submitted": 45}