{"abandoned": 5, "merged": 283, "new": 11, "pending": 11, "review_time_days_avg": 9.52352380952381, "review_time_days_median": 4.0173, "review_time_pending_days_avg": 165.35786363636362, "review_time_pending_days_median": 182.18010000000001, "submitted": 299}