{"abandoned": 1, "merged": 33, "new": 4, "pending": 4, "review_time_days_avg": 60.89357692307693, "review_time_days_median": 5.4384, "review_time_pending_days_avg": 53.714566666666663, "review_time_pending_days_median": 70.948700000000002, "review_time_pending_update_days_avg": 30.354466666666667, "review_time_pending_update_days_median": 2.2294999999999998, "submitted": 38}