{"abandoned": 59, "merged": 1242, "new": 9, "pending": 9, "review_time_days_avg": 3.170119170984452, "review_time_days_median": 0.91015, "review_time_pending_days_avg": 66.435355555555546, "review_time_pending_days_median": 32.026800000000001, "submitted": 1310}