{"abandoned": 6, "merged": 56, "new": 4, "pending": 4, "review_time_days_avg": 11.608511627906976, "review_time_days_median": 2.1879, "review_time_pending_days_avg": 18.785399999999999, "review_time_pending_days_median": 8.8039000000000005, "submitted": 66}