{"abandoned": 847, "merged": 12589, "new": 127, "pending": 127, "review_time_days_avg": 6.710614655172414, "review_time_days_median": 0.3677, "review_time_pending_days_avg": 79.86183162393155, "review_time_pending_days_median": 44.833100000000002, "review_time_pending_update_days_avg": 50.849345299145341, "review_time_pending_update_days_median": 27.810500000000001, "submitted": 13563}