{"abandoned": 37, "merged": 279, "new": 8, "pending": 8, "review_time_days_avg": 4.497313636363633, "review_time_days_median": 0.2752, "review_time_pending_days_avg": 102.50852857142857, "review_time_pending_days_median": 10.7705, "review_time_pending_update_days_avg": 101.59042857142857, "review_time_pending_update_days_median": 7.3902999999999999, "submitted": 324}