{"abandoned": 2, "merged": 25, "new": 4, "pending": 4, "review_time_days_avg": 56.01163571428572, "review_time_days_median": 9.5441, "review_time_pending_days_avg": 60.033166666666666, "review_time_pending_days_median": 66.430099999999996, "review_time_pending_update_days_avg": 59.683499999999988, "review_time_pending_update_days_median": 66.429599999999994, "submitted": 31}