{"abandoned": 30, "merged": 580, "new": 2, "pending": 2, "review_time_days_avg": 5.512334482758621, "review_time_days_median": 1.5691000000000002, "review_time_pending_days_avg": 212.10405, "review_time_pending_days_median": 212.10405, "submitted": 612}