{"abandoned": 7, "merged": 48, "new": 1, "pending": 1, "review_time_days_avg": 1.0734333333333332, "review_time_days_median": 0.4477, "review_time_pending_days_avg": 105.52419999999999, "review_time_pending_days_median": 105.52419999999999, "review_time_pending_update_days_avg": 68.552499999999995, "review_time_pending_update_days_median": 68.552499999999995, "submitted": 56}