{"abandoned": 63, "merged": 980, "new": 8, "pending": 8, "review_time_days_avg": 2.2407871198568854, "review_time_days_median": 0.1755, "review_time_pending_days_avg": 66.024649999999994, "review_time_pending_days_median": 25.151800000000001, "review_time_pending_update_days_avg": 14.512350000000003, "review_time_pending_update_days_median": 7.7438500000000001, "submitted": 1051}