{"abandoned": 2, "merged": 10, "new": 6, "pending": 6, "review_time_days_avg": 3.202925, "review_time_days_median": 1.35135, "review_time_pending_days_avg": 18.301333333333336, "review_time_pending_days_median": 8.2962500000000006, "review_time_pending_update_days_avg": 14.443933333333332, "review_time_pending_update_days_median": 4.8629499999999997, "submitted": 18}