{"abandoned": 3, "merged": 11, "new": 1, "pending": 1, "review_time_days_avg": 0.36115, "review_time_days_median": 0.36115, "review_time_pending_days_avg": 245.51259999999999, "review_time_pending_days_median": 245.51259999999999, "review_time_pending_update_days_avg": 98.241799999999998, "review_time_pending_update_days_median": 98.241799999999998, "submitted": 15}