{"abandoned": 14, "merged": 238, "new": 1, "pending": 1, "review_time_days_avg": 7.564580303030301, "review_time_days_median": 0.8491500000000001, "review_time_pending_days_avg": 286.39409999999998, "review_time_pending_days_median": 286.39409999999998, "review_time_pending_update_days_avg": 259.51609999999999, "review_time_pending_update_days_median": 259.51609999999999, "submitted": 253}