{"abandoned": 62, "merged": 612, "new": 30, "pending": 30, "review_time_days_avg": 3.3775426229508203, "review_time_days_median": 0.6486000000000001, "review_time_pending_days_avg": 66.379723333333317, "review_time_pending_days_median": 24.30575, "submitted": 704}