{"abandoned": 11, "merged": 49, "new": 14, "pending": 14, "review_time_days_avg": 10.34912424242424, "review_time_days_median": 3.7447, "review_time_pending_days_avg": 133.37049999999999, "review_time_pending_days_median": 66.964300000000009, "submitted": 74}