{"abandoned": 6, "merged": 175, "new": 4, "pending": 4, "review_time_days_avg": 9.630056249999999, "review_time_days_median": 1.9313, "review_time_pending_days_avg": 111.81107499999999, "review_time_pending_days_median": 106.91784999999999, "submitted": 185}