{"abandoned": 6, "merged": 242, "new": 1, "pending": 1, "review_time_days_avg": 11.202824999999999, "review_time_days_median": 0.9268000000000001, "review_time_pending_days_avg": 81.202799999999996, "review_time_pending_days_median": 81.202799999999996, "submitted": 249}