{"abandoned": 86, "merged": 945, "new": 30, "pending": 30, "review_time_days_avg": 3.4333003836317153, "review_time_days_median": 0.84985, "review_time_pending_days_avg": 38.743779999999987, "review_time_pending_days_median": 20.456200000000003, "review_time_pending_update_days_avg": 24.734433333333332, "review_time_pending_update_days_median": 4.1190999999999995, "submitted": 1061}