{"abandoned": 85, "merged": 2101, "new": 12, "pending": 12, "review_time_days_avg": 6.65283322033898, "review_time_days_median": 0.9243, "review_time_pending_days_avg": 74.408133333333339, "review_time_pending_days_median": 58.176299999999998, "submitted": 2198}