{"abandoned": 43, "merged": 490, "new": 20, "pending": 20, "review_time_days_avg": 8.926303517587941, "review_time_days_median": 2.0951, "review_time_pending_days_avg": 149.54303888888887, "review_time_pending_days_median": 145.33384999999998, "review_time_pending_update_days_avg": 104.03601111111112, "review_time_pending_update_days_median": 96.326650000000001, "submitted": 553}