{"abandoned": 14, "merged": 79, "new": 5, "pending": 5, "review_time_days_avg": 2.0749727272727267, "review_time_days_median": 0.25775000000000003, "review_time_pending_days_avg": 113.931625, "review_time_pending_days_median": 125.27879999999999, "review_time_pending_update_days_avg": 76.853099999999998, "review_time_pending_update_days_median": 56.463049999999996, "submitted": 98}