{"abandoned": 12, "merged": 341, "new": 10, "pending": 10, "review_time_days_avg": 12.374297560975613, "review_time_days_median": 1.1571500000000001, "review_time_pending_days_avg": 55.106090000000009, "review_time_pending_days_median": 44.288150000000002, "submitted": 363}