{"abandoned": 62, "merged": 631, "new": 28, "pending": 28, "review_time_days_avg": 3.562384691848906, "review_time_days_median": 0.7063, "review_time_pending_days_avg": 76.856949999999983, "review_time_pending_days_median": 38.479600000000005, "review_time_pending_update_days_avg": 50.243485714285725, "review_time_pending_update_days_median": 26.264299999999999, "submitted": 721}