{"abandoned": 5, "merged": 178, "new": 9, "pending": 9, "review_time_days_avg": 35.23437142857143, "review_time_days_median": 17.0082, "review_time_pending_days_avg": 182.31016666666667, "review_time_pending_days_median": 183.80504999999999, "review_time_pending_update_days_avg": 143.49061666666668, "review_time_pending_update_days_median": 78.227699999999999, "submitted": 192}