{"abandoned": 25, "merged": 201, "new": 2, "pending": 2, "review_time_days_avg": 8.940065517241377, "review_time_days_median": 1.7056, "review_time_pending_days_avg": 69.926199999999994, "review_time_pending_days_median": 69.926199999999994, "review_time_pending_update_days_avg": 69.074600000000004, "review_time_pending_update_days_median": 69.074600000000004, "submitted": 228}