{"abandoned": 214, "merged": 3103, "new": 33, "pending": 33, "review_time_days_avg": 3.0968749112425984, "review_time_days_median": 0.2398, "review_time_pending_days_avg": 89.1501181818182, "review_time_pending_days_median": 54.435299999999998, "review_time_pending_update_days_avg": 50.559630303030303, "review_time_pending_update_days_median": 19.2532, "submitted": 3350}