{"abandoned": 6, "merged": 111, "new": 1, "pending": 1, "review_time_days_avg": 12.77457083333333, "review_time_days_median": 0.6529, "review_time_pending_days_avg": 93.530900000000003, "review_time_pending_days_median": 93.530900000000003, "review_time_pending_update_days_avg": 19.566199999999998, "review_time_pending_update_days_median": 19.566199999999998, "submitted": 118}