{"abandoned": 28, "merged": 271, "new": 3, "pending": 3, "review_time_days_avg": 11.450705063291139, "review_time_days_median": 1.8874, "review_time_pending_days_avg": 18.518166666666666, "review_time_pending_days_median": 16.575500000000002, "review_time_pending_update_days_avg": 16.713999999999999, "review_time_pending_update_days_median": 11.1751, "submitted": 302}