{"abandoned": 19, "merged": 434, "new": 2, "pending": 2, "review_time_days_avg": 1.3715925641025644, "review_time_days_median": 0.1363, "review_time_pending_days_avg": 15.152899999999999, "review_time_pending_days_median": 15.152899999999999, "review_time_pending_update_days_avg": 11.232800000000001, "review_time_pending_update_days_median": 11.232800000000001, "submitted": 455}