{"abandoned": 142, "merged": 846, "new": 9, "pending": 9, "review_time_days_avg": 12.63650666666667, "review_time_days_median": 0.25855, "review_time_pending_days_avg": 209.76652857142858, "review_time_pending_days_median": 235.09540000000001, "review_time_pending_update_days_avg": 77.37471428571429, "review_time_pending_update_days_median": 87.636600000000001, "submitted": 997}