{"abandoned": 8, "merged": 51, "new": 1, "pending": 1, "review_time_days_avg": 15.080929411764703, "review_time_days_median": 1.5179, "review_time_pending_days_avg": 18.024899999999999, "review_time_pending_days_median": 18.024899999999999, "review_time_pending_update_days_avg": 17.786999999999999, "review_time_pending_update_days_median": 17.786999999999999, "submitted": 60}