{"abandoned": 203, "merged": 3659, "pending": 32, "review_time_days_avg": 8.374769014084507, "review_time_days_median": 3.0477999999999996, "submitted": 3895}