{"abandoned": 110, "merged": 651, "new": 8, "pending": 8, "review_time_days_avg": 4.1055285714285725, "review_time_days_median": 1.2949, "review_time_pending_days_avg": 70.780712499999993, "review_time_pending_days_median": 67.517700000000005, "submitted": 769}