{"abandoned": 28, "merged": 417, "new": 8, "pending": 8, "review_time_days_avg": 4.716425373134326, "review_time_days_median": 1.0483, "review_time_pending_days_avg": 87.145275000000012, "review_time_pending_days_median": 78.307150000000007, "review_time_pending_update_days_avg": 84.493625000000009, "review_time_pending_update_days_median": 78.295600000000007, "submitted": 453}