{"abandoned": 377, "merged": 4406, "new": 43, "pending": 43, "review_time_days_avg": 5.225483116036504, "review_time_days_median": 0.75925, "review_time_pending_days_avg": 63.245140476190485, "review_time_pending_days_median": 35.140250000000002, "review_time_pending_update_days_avg": 33.744445238095224, "review_time_pending_update_days_median": 6.2323500000000003, "submitted": 4826}