{"abandoned": 14, "merged": 238, "new": 1, "pending": 1, "review_time_days_avg": 7.564580303030301, "review_time_days_median": 0.8491500000000001, "review_time_pending_days_avg": 285.17619999999999, "review_time_pending_days_median": 285.17619999999999, "review_time_pending_update_days_avg": 258.29809999999998, "review_time_pending_update_days_median": 258.29809999999998, "submitted": 253}