{"abandoned": 40, "merged": 232, "new": 11, "pending": 11, "review_time_days_avg": 17.39896031746032, "review_time_days_median": 2.2272, "review_time_pending_days_avg": 101.32334444444444, "review_time_pending_days_median": 72.212400000000002, "review_time_pending_update_days_avg": 72.476111111111109, "review_time_pending_update_days_median": 38.354999999999997, "submitted": 283}