{"abandoned": 40, "merged": 229, "new": 11, "pending": 11, "review_time_days_avg": 18.075766666666667, "review_time_days_median": 2.5198, "review_time_pending_days_avg": 90.9941888888889, "review_time_pending_days_median": 61.234000000000002, "review_time_pending_update_days_avg": 62.279466666666671, "review_time_pending_update_days_median": 27.3766, "submitted": 280}