{"abandoned": 7, "merged": 48, "new": 1, "pending": 1, "review_time_days_avg": 1.0734333333333332, "review_time_days_median": 0.4477, "review_time_pending_days_avg": 103.86279999999999, "review_time_pending_days_median": 103.86279999999999, "review_time_pending_update_days_avg": 66.891099999999994, "review_time_pending_update_days_median": 66.891099999999994, "submitted": 56}