{"abandoned": 375, "merged": 4853, "new": 48, "pending": 48, "review_time_days_avg": 7.16800987654321, "review_time_days_median": 2.1213, "review_time_pending_days_avg": 67.106642553191492, "review_time_pending_days_median": 32.636299999999999, "submitted": 5276}