{"abandoned": 221, "merged": 3126, "new": 24, "pending": 24, "review_time_days_avg": 3.0811113516676376, "review_time_days_median": 0.2367, "review_time_pending_days_avg": 95.466129166666676, "review_time_pending_days_median": 59.533550000000005, "review_time_pending_update_days_avg": 45.305308333333336, "review_time_pending_update_days_median": 23.236649999999997, "submitted": 3371}