{"abandoned": 0, "merged": 47, "pending": 0, "review_time_days_avg": 217.85753928571427, "review_time_days_median": 230.27800000000002, "submitted": 47}