{"abandoned": 2, "merged": 53, "new": 1, "pending": 1, "review_time_days_avg": 244.59228095238103, "review_time_days_median": 271.9344, "review_time_pending_days_avg": 8.7820999999999998, "review_time_pending_days_median": 8.7820999999999998, "review_time_pending_update_days_avg": 8.7795000000000005, "review_time_pending_update_days_median": 8.7795000000000005, "submitted": 56}