{"abandoned": 37, "merged": 278, "new": 8, "pending": 8, "review_time_days_avg": 4.540744827586204, "review_time_days_median": 0.2559, "review_time_pending_days_avg": 100.44052857142857, "review_time_pending_days_median": 8.7025000000000006, "review_time_pending_update_days_avg": 99.7714142857143, "review_time_pending_update_days_median": 5.3223000000000003, "submitted": 323}