{"abandoned": 62, "merged": 606, "new": 24, "pending": 24, "review_time_days_avg": 4.460108401084013, "review_time_days_median": 1.069, "review_time_pending_days_avg": 76.964887499999989, "review_time_pending_days_median": 53.123800000000003, "submitted": 692}