{"abandoned": 3, "merged": 26, "new": 1, "pending": 1, "review_time_days_avg": 6.433599999999999, "review_time_days_median": 0.2114, "review_time_pending_days_avg": 29.417100000000001, "review_time_pending_days_median": 29.417100000000001, "review_time_pending_update_days_avg": 9.6659000000000006, "review_time_pending_update_days_median": 9.6659000000000006, "submitted": 30}