{"abandoned": 25, "merged": 314, "new": 17, "pending": 17, "review_time_days_avg": 4.214877647058823, "review_time_days_median": 0.5389, "review_time_pending_days_avg": 79.350405882352945, "review_time_pending_days_median": 59.200099999999999, "submitted": 356}