{"abandoned": 3, "merged": 27, "new": 4, "pending": 4, "review_time_days_avg": 0.9373166666666667, "review_time_days_median": 0.41835, "review_time_pending_days_avg": 61.611700000000006, "review_time_pending_days_median": 70.952399999999997, "review_time_pending_update_days_avg": 59.734633333333328, "review_time_pending_update_days_median": 70.952399999999997, "submitted": 34}