{"abandoned": 5, "merged": 137, "new": 11, "pending": 11, "review_time_days_avg": 10.43269814814815, "review_time_days_median": 1.98765, "review_time_pending_days_avg": 164.14034545454547, "review_time_pending_days_median": 196.20830000000001, "review_time_pending_update_days_avg": 151.47583636363638, "review_time_pending_update_days_median": 182.0583, "submitted": 153}