{"abandoned": 14, "merged": 470, "pending": 4, "review_time_days_avg": 1.18022137, "review_time_days_median": 0.07375000000000001, "submitted": 488}