{"abandoned": 40, "merged": 423, "new": 9, "pending": 9, "review_time_days_avg": 22.06057346938775, "review_time_days_median": 3.076, "review_time_pending_days_avg": 100.28751428571427, "review_time_pending_days_median": 86.244699999999995, "submitted": 472}