{"abandoned": 24, "merged": 656, "new": 2, "pending": 2, "review_time_days_avg": 2.947386538461537, "review_time_days_median": 0.7945, "review_time_pending_days_avg": 19.950199999999999, "review_time_pending_days_median": 19.950199999999999, "submitted": 682}