{"abandoned": 6, "merged": 233, "new": 3, "pending": 3, "review_time_days_avg": 9.457619999999999, "review_time_days_median": 6.9568, "review_time_pending_days_avg": 11.555666666666667, "review_time_pending_days_median": 10.035600000000001, "submitted": 242}