{"abandoned": 3, "merged": 27, "new": 3, "pending": 3, "review_time_days_avg": 8.289817647058824, "review_time_days_median": 6.1133, "review_time_pending_days_avg": 68.408799999999999, "review_time_pending_days_median": 64.807100000000005, "review_time_pending_update_days_avg": 45.222900000000003, "review_time_pending_update_days_median": 64.378200000000007, "submitted": 33}