{"abandoned": 24, "merged": 668, "new": 3, "pending": 3, "review_time_days_avg": 1.7718160919540227, "review_time_days_median": 0.1241, "review_time_pending_days_avg": 23.509799999999998, "review_time_pending_days_median": 16.5411, "review_time_pending_update_days_avg": 17.635099999999998, "review_time_pending_update_days_median": 9.4672999999999998, "submitted": 695}