{"abandoned": 6, "merged": 56, "new": 7, "pending": 7, "review_time_days_avg": 13.138724000000002, "review_time_days_median": 5.9316, "review_time_pending_days_avg": 208.29756666666665, "review_time_pending_days_median": 289.74450000000002, "review_time_pending_update_days_avg": 97.494466666666668, "review_time_pending_update_days_median": 90.428299999999993, "submitted": 69}