{"abandoned": 69, "merged": 386, "new": 42, "pending": 42, "review_time_days_avg": 18.06708815789473, "review_time_days_median": 1.36415, "review_time_pending_days_avg": 197.56902307692309, "review_time_pending_days_median": 178.25305, "review_time_pending_update_days_avg": 159.24262307692308, "review_time_pending_update_days_median": 170.67919999999998, "submitted": 497}