{"abandoned": 56, "merged": 324, "new": 23, "pending": 23, "review_time_days_avg": 5.396958620689654, "review_time_days_median": 0.0451, "review_time_pending_days_avg": 192.87771363636364, "review_time_pending_days_median": 286.73109999999997, "submitted": 403}