{"abandoned": 2, "merged": 10, "new": 6, "pending": 6, "review_time_days_avg": 3.202925, "review_time_days_median": 1.35135, "review_time_pending_days_avg": 17.283900000000003, "review_time_pending_days_median": 7.2788000000000004, "review_time_pending_update_days_avg": 14.694050000000002, "review_time_pending_update_days_median": 3.8455500000000002, "submitted": 18}