{"abandoned": 18, "merged": 246, "new": 5, "pending": 5, "review_time_days_avg": 3.368722727272727, "review_time_days_median": 0.45775, "review_time_pending_days_avg": 28.896999999999998, "review_time_pending_days_median": 38.302599999999998, "review_time_pending_update_days_avg": 6.3509399999999996, "review_time_pending_update_days_median": 4.7697000000000003, "submitted": 269}