{"abandoned": 37, "merged": 278, "new": 5, "pending": 5, "review_time_days_avg": 4.540744827586204, "review_time_days_median": 0.2559, "review_time_pending_days_avg": 173.07569999999998, "review_time_pending_days_median": 185.18819999999999, "review_time_pending_update_days_avg": 172.13987500000002, "review_time_pending_update_days_median": 185.18780000000001, "submitted": 320}