{"abandoned": 40, "merged": 227, "new": 9, "pending": 9, "review_time_days_avg": 22.06057346938775, "review_time_days_median": 3.076, "review_time_pending_days_avg": 101.50101428571429, "review_time_pending_days_median": 87.458200000000005, "submitted": 276}