{"abandoned": 142, "merged": 1255, "new": 8, "pending": 8, "review_time_days_avg": 19.42969230769231, "review_time_days_median": 1.2563, "review_time_pending_days_avg": 228.59954999999999, "review_time_pending_days_median": 236.81150000000002, "submitted": 1405}