{"abandoned": 37, "merged": 274, "new": 4, "pending": 4, "review_time_days_avg": 4.647562352941173, "review_time_days_median": 0.2945, "review_time_pending_days_avg": 217.94496666666666, "review_time_pending_days_median": 214.5778, "review_time_pending_update_days_avg": 217.82393333333334, "review_time_pending_update_days_median": 214.57730000000001, "submitted": 315}