{"abandoned": 14, "merged": 238, "new": 1, "pending": 1, "review_time_days_avg": 7.564580303030301, "review_time_days_median": 0.8491500000000001, "review_time_pending_days_avg": 284.1694, "review_time_pending_days_median": 284.1694, "review_time_pending_update_days_avg": 257.29140000000001, "review_time_pending_update_days_median": 257.29140000000001, "submitted": 253}