{"abandoned": 7, "merged": 336, "new": 9, "pending": 9, "review_time_days_avg": 15.26393157894737, "review_time_days_median": 6.0307, "review_time_pending_days_avg": 123.50792000000001, "review_time_pending_days_median": 23.263500000000001, "submitted": 352}