{"abandoned": 2, "merged": 83, "new": 1, "pending": 1, "review_time_days_avg": 2.5355499999999997, "review_time_days_median": 2.5355499999999997, "review_time_pending_days_avg": 18.646799999999999, "review_time_pending_days_median": 18.646799999999999, "submitted": 86}