{"abandoned": 1293, "merged": 10650, "new": 481, "pending": 481, "review_time_days_avg": 14.72860094186425, "review_time_days_median": 0.8949, "review_time_pending_days_avg": 107.31545039164484, "review_time_pending_days_median": 70.026399999999995, "submitted": 12424}