{"abandoned": 4, "merged": 42, "new": 1, "pending": 1, "review_time_days_avg": 11.311040000000002, "review_time_days_median": 4.1637, "review_time_pending_days_avg": 99.801400000000001, "review_time_pending_days_median": 99.801400000000001, "review_time_pending_update_days_avg": 3.7238000000000002, "review_time_pending_update_days_median": 3.7238000000000002, "submitted": 47}