{"abandoned": 28, "merged": 406, "new": 9, "pending": 9, "review_time_days_avg": 4.773683333333331, "review_time_days_median": 1.0568499999999998, "review_time_pending_days_avg": 74.943288888888887, "review_time_pending_days_median": 30.3933, "review_time_pending_update_days_avg": 71.924188888888892, "review_time_pending_update_days_median": 30.3917, "submitted": 443}