{"abandoned": 6, "merged": 56, "new": 7, "pending": 7, "review_time_days_avg": 13.138724000000002, "review_time_days_median": 5.9316, "review_time_pending_days_avg": 213.23303333333331, "review_time_pending_days_median": 294.67989999999998, "review_time_pending_update_days_avg": 102.42990000000002, "review_time_pending_update_days_median": 95.363799999999998, "submitted": 69}