{"abandoned": 3, "merged": 254, "pending": 2, "review_time_days_avg": 278.33145476190475, "review_time_days_median": 310.31034999999997, "submitted": 260}