{"abandoned": 3, "merged": 103, "new": 1, "pending": 1, "review_time_days_avg": 1.936375, "review_time_days_median": 1.9366999999999999, "review_time_pending_days_avg": 49.849499999999999, "review_time_pending_days_median": 49.849499999999999, "review_time_pending_update_days_avg": 49.593899999999998, "review_time_pending_update_days_median": 49.593899999999998, "submitted": 107}