{"abandoned": 9, "merged": 136, "new": 9, "pending": 9, "review_time_days_avg": 8.993973170731705, "review_time_days_median": 0.02815, "review_time_pending_days_avg": 126.98858749999999, "review_time_pending_days_median": 102.87775000000001, "review_time_pending_update_days_avg": 102.75200000000002, "review_time_pending_update_days_median": 102.87694999999999, "submitted": 154}