{"abandoned": 68, "merged": 379, "new": 42, "pending": 42, "review_time_days_avg": 15.243354794520544, "review_time_days_median": 1.36415, "review_time_pending_days_avg": 199.87619999999995, "review_time_pending_days_median": 179.59960000000001, "review_time_pending_update_days_avg": 160.16930399999995, "review_time_pending_update_days_median": 157.72559999999999, "submitted": 489}