{"abandoned": 1, "merged": 85, "pending": 1, "review_time_days_avg": 269.84986999999995, "review_time_days_median": 311.27115000000003, "submitted": 87}