{"abandoned": 110, "merged": 655, "new": 9, "pending": 9, "review_time_days_avg": 2.9267847222222225, "review_time_days_median": 0.35040000000000004, "review_time_pending_days_avg": 67.305066666666676, "review_time_pending_days_median": 67.792100000000005, "review_time_pending_update_days_avg": 29.841277777777787, "review_time_pending_update_days_median": 36.276400000000002, "submitted": 774}