{"abandoned": 12, "merged": 36, "new": 1, "pending": 1, "review_time_days_avg": 0.2129777777777778, "review_time_days_median": 0.2574, "review_time_pending_days_avg": 81.716300000000004, "review_time_pending_days_median": 81.716300000000004, "review_time_pending_update_days_avg": 81.408299999999997, "review_time_pending_update_days_median": 81.408299999999997, "submitted": 49}