{"abandoned": 1, "merged": 23, "pending": 0, "review_time_days_avg": 81.05533750000001, "review_time_days_median": 60.394000000000005, "submitted": 24}