{"abandoned": 12, "merged": 36, "new": 1, "pending": 1, "review_time_days_avg": 0.27164285714285713, "review_time_days_median": 0.2578, "review_time_pending_days_avg": 66.338099999999997, "review_time_pending_days_median": 66.338099999999997, "submitted": 49}