{"abandoned": 340, "merged": 3664, "new": 20, "pending": 20, "review_time_days_avg": 3.2182743178170163, "review_time_days_median": 0.838, "review_time_pending_days_avg": 27.035609999999998, "review_time_pending_days_median": 25.61955, "submitted": 4024}