{"abandoned": 154, "merged": 1705, "new": 18, "pending": 18, "review_time_days_avg": 3.2922834162520713, "review_time_days_median": 0.1392, "review_time_pending_days_avg": 173.34104545454545, "review_time_pending_days_median": 167.58789999999999, "review_time_pending_update_days_avg": 125.20714545454547, "review_time_pending_update_days_median": 114.30500000000001, "submitted": 1877}