{"abandoned": 25, "merged": 474, "new": 3, "pending": 3, "review_time_days_avg": 9.230671428571428, "review_time_days_median": 1.99095, "review_time_pending_days_avg": 43.745566666666662, "review_time_pending_days_median": 18.688199999999998, "submitted": 502}