{"abandoned": 4, "merged": 78, "new": 1, "pending": 1, "review_time_days_avg": 11.592853488372093, "review_time_days_median": 1.685, "review_time_pending_days_avg": 231.70609999999999, "review_time_pending_days_median": 231.70609999999999, "review_time_pending_update_days_avg": 165.37479999999999, "review_time_pending_update_days_median": 165.37479999999999, "submitted": 83}