{"abandoned": 4, "merged": 42, "new": 1, "pending": 1, "review_time_days_avg": 11.311040000000002, "review_time_days_median": 4.1637, "review_time_pending_days_avg": 92.577299999999994, "review_time_pending_days_median": 92.577299999999994, "submitted": 47}