{"abandoned": 342, "merged": 3155, "new": 32, "pending": 32, "review_time_days_avg": 3.145499611801244, "review_time_days_median": 0.8140000000000001, "review_time_pending_days_avg": 20.041284375000007, "review_time_pending_days_median": 9.8594000000000008, "review_time_pending_update_days_avg": 9.9043125000000014, "review_time_pending_update_days_median": 3.7254, "submitted": 3529}