{"abandoned": 28, "merged": 413, "new": 10, "pending": 10, "review_time_days_avg": 4.773683333333331, "review_time_days_median": 1.0568499999999998, "review_time_pending_days_avg": 69.229610000000008, "review_time_pending_days_median": 23.512700000000002, "review_time_pending_update_days_avg": 66.117379999999997, "review_time_pending_update_days_median": 20.466250000000002, "submitted": 451}