{"abandoned": 43, "merged": 490, "new": 20, "pending": 20, "review_time_days_avg": 8.926303517587941, "review_time_days_median": 2.0951, "review_time_pending_days_avg": 143.91068333333331, "review_time_pending_days_median": 139.70150000000001, "review_time_pending_update_days_avg": 99.322283333333303, "review_time_pending_update_days_median": 90.694250000000011, "submitted": 553}