{"abandoned": 3, "merged": 104, "new": 1, "pending": 1, "review_time_days_avg": 1.936375, "review_time_days_median": 1.9366999999999999, "review_time_pending_days_avg": 52.485599999999998, "review_time_pending_days_median": 52.485599999999998, "review_time_pending_update_days_avg": 52.229999999999997, "review_time_pending_update_days_median": 52.229999999999997, "submitted": 108}