{"abandoned": 12, "merged": 346, "new": 9, "pending": 9, "review_time_days_avg": 12.375928735632188, "review_time_days_median": 1.2061, "review_time_pending_days_avg": 78.315522222222228, "review_time_pending_days_median": 66.295699999999997, "review_time_pending_update_days_avg": 66.007744444444455, "review_time_pending_update_days_median": 66.183999999999997, "submitted": 367}