{"abandoned": 2, "merged": 11, "new": 1, "pending": 1, "review_time_days_avg": 12.1225, "review_time_days_median": 12.1225, "review_time_pending_days_avg": 42.046399999999998, "review_time_pending_days_median": 42.046399999999998, "review_time_pending_update_days_avg": 40.261099999999999, "review_time_pending_update_days_median": 40.261099999999999, "submitted": 14}