{"abandoned": 3, "merged": 239, "new": 2, "pending": 2, "review_time_days_avg": 25.82701818181818, "review_time_days_median": 1.6461, "review_time_pending_days_avg": 79.656649999999999, "review_time_pending_days_median": 79.656649999999999, "submitted": 244}