{"abandoned": 845, "merged": 12569, "new": 134, "pending": 134, "review_time_days_avg": 6.715755104996381, "review_time_days_median": 0.3648, "review_time_pending_days_avg": 76.422028225806457, "review_time_pending_days_median": 42.971450000000004, "review_time_pending_update_days_avg": 48.836370967741907, "review_time_pending_update_days_median": 26.790500000000002, "submitted": 13548}