{"abandoned": 349, "merged": 3185, "new": 18, "pending": 18, "review_time_days_avg": 3.141525075987844, "review_time_days_median": 0.81965, "review_time_pending_days_avg": 22.981733333333334, "review_time_pending_days_median": 13.446000000000002, "review_time_pending_update_days_avg": 6.2543111111111109, "review_time_pending_update_days_median": 0.49375000000000002, "submitted": 3552}