{"abandoned": 84, "merged": 2093, "pending": 11, "review_time_days_avg": 6.715473972602736, "review_time_days_median": 0.9248000000000001, "submitted": 2188}