{"abandoned": 17, "merged": 408, "new": 4, "pending": 4, "review_time_days_avg": 1.9845988281250007, "review_time_days_median": 0.8284499999999999, "review_time_pending_days_avg": 10.421775, "review_time_pending_days_median": 7.7434499999999993, "submitted": 429}