{"abandoned": 1, "merged": 48, "new": 3, "pending": 3, "review_time_days_avg": 1.0611448275862065, "review_time_days_median": 0.0477, "review_time_pending_days_avg": 117.96003333333334, "review_time_pending_days_median": 126.85420000000001, "review_time_pending_update_days_avg": 80.819199999999995, "review_time_pending_update_days_median": 15.711600000000001, "submitted": 52}