{"abandoned": 3, "merged": 26, "new": 1, "pending": 1, "review_time_days_avg": 6.433599999999999, "review_time_days_median": 0.2114, "review_time_pending_days_avg": 15.265599999999999, "review_time_pending_days_median": 15.265599999999999, "submitted": 30}