{"abandoned": 341, "merged": 3146, "new": 27, "pending": 27, "review_time_days_avg": 3.1706494126859845, "review_time_days_median": 0.8332, "review_time_pending_days_avg": 19.871918518518516, "review_time_pending_days_median": 7.2614999999999998, "submitted": 3514}