{"abandoned": 32, "merged": 411, "new": 4, "pending": 4, "review_time_days_avg": 3.963619999999999, "review_time_days_median": 0.8617999999999999, "review_time_pending_days_avg": 220.37723333333329, "review_time_pending_days_median": 234.71729999999999, "review_time_pending_update_days_avg": 107.0671333333333, "review_time_pending_update_days_median": 50.023200000000003, "submitted": 447}