{"abandoned": 4, "merged": 145, "new": 1, "pending": 1, "review_time_days_avg": 8.504266666666666, "review_time_days_median": 2.88435, "review_time_pending_days_avg": 1.9299999999999999, "review_time_pending_days_median": 1.9299999999999999, "submitted": 150}