{"abandoned": 4, "merged": 87, "pending": 2, "review_time_days_avg": 244.13256874999996, "review_time_days_median": 301.87194999999997, "submitted": 93}