{"abandoned": 43, "merged": 490, "new": 20, "pending": 20, "review_time_days_avg": 8.926303517587941, "review_time_days_median": 2.0951, "review_time_pending_days_avg": 141.32890555555551, "review_time_pending_days_median": 137.11969999999999, "submitted": 553}