{"abandoned": 87, "merged": 1553, "new": 9, "pending": 9, "review_time_days_avg": 4.654169525959365, "review_time_days_median": 0.3066, "review_time_pending_days_avg": 64.012977777777778, "review_time_pending_days_median": 36.355600000000003, "review_time_pending_update_days_avg": 18.398499999999999, "review_time_pending_update_days_median": 4.3441999999999998, "submitted": 1649}