{"abandoned": 5, "merged": 95, "new": 5, "pending": 5, "review_time_days_avg": 2.8298625, "review_time_days_median": 0.66905, "review_time_pending_days_avg": 89.851900000000001, "review_time_pending_days_median": 95.936599999999999, "review_time_pending_update_days_avg": 67.264124999999993, "review_time_pending_update_days_median": 55.035449999999997, "submitted": 105}