{"abandoned": 14, "merged": 233, "new": 2, "pending": 2, "review_time_days_avg": 7.194301538461536, "review_time_days_median": 0.759, "review_time_pending_days_avg": 150.74459999999999, "review_time_pending_days_median": 150.74459999999999, "submitted": 249}