{"abandoned": 110, "merged": 658, "new": 7, "pending": 7, "review_time_days_avg": 2.9147260273972604, "review_time_days_median": 0.364, "review_time_pending_days_avg": 88.016271428571443, "review_time_pending_days_median": 85.015100000000004, "review_time_pending_update_days_avg": 39.862400000000001, "review_time_pending_update_days_median": 43.7973, "submitted": 775}