{"abandoned": 836, "merged": 12430, "new": 140, "pending": 140, "review_time_days_avg": 6.671290303030304, "review_time_days_median": 0.3278, "review_time_pending_days_avg": 72.34706538461549, "review_time_pending_days_median": 35.5824, "submitted": 13406}