{"abandoned": 17, "merged": 237, "new": 5, "pending": 5, "review_time_days_avg": 2.589351282051282, "review_time_days_median": 0.4475, "review_time_pending_days_avg": 23.618460000000002, "review_time_pending_days_median": 25.558800000000002, "submitted": 259}