{"abandoned": 110, "merged": 658, "new": 9, "pending": 9, "review_time_days_avg": 2.9147260273972604, "review_time_days_median": 0.364, "review_time_pending_days_avg": 77.601355555555571, "review_time_pending_days_median": 80.752099999999999, "review_time_pending_update_days_avg": 39.207777777777785, "review_time_pending_update_days_median": 49.236400000000003, "submitted": 777}