{"abandoned": 11, "merged": 50, "new": 14, "pending": 14, "review_time_days_avg": 10.644491176470586, "review_time_days_median": 3.82495, "review_time_pending_days_avg": 156.71607142857141, "review_time_pending_days_median": 92.786299999999997, "review_time_pending_update_days_avg": 104.40949999999999, "review_time_pending_update_days_median": 85.917650000000009, "submitted": 75}