{"abandoned": 5, "merged": 26, "new": 2, "pending": 2, "review_time_days_avg": 10.225200000000001, "review_time_days_median": 4.50145, "review_time_pending_days_avg": 212.83365000000001, "review_time_pending_days_median": 212.83365000000001, "review_time_pending_update_days_avg": 160.28964999999999, "review_time_pending_update_days_median": 160.28964999999999, "submitted": 33}