{"abandoned": 64, "merged": 893, "new": 48, "pending": 48, "review_time_days_avg": 18.652284761904752, "review_time_days_median": 2.6743, "review_time_pending_days_avg": 160.75054516129035, "review_time_pending_days_median": 150.25120000000001, "submitted": 1005}