{"abandoned": 25, "merged": 311, "new": 17, "pending": 17, "review_time_days_avg": 2.6307115384615387, "review_time_days_median": 0.14375, "review_time_pending_days_avg": 79.562794117647044, "review_time_pending_days_median": 59.412500000000001, "submitted": 353}