{"abandoned": 2, "merged": 17, "new": 2, "pending": 2, "review_time_days_avg": 11.710171428571428, "review_time_days_median": 5.3892, "review_time_pending_days_avg": 226.32470000000001, "review_time_pending_days_median": 226.32470000000001, "review_time_pending_update_days_avg": 225.53825000000001, "review_time_pending_update_days_median": 225.53825000000001, "submitted": 21}