{"abandoned": 5, "merged": 137, "new": 11, "pending": 11, "review_time_days_avg": 10.43269814814815, "review_time_days_median": 1.98765, "review_time_pending_days_avg": 160.16705454545456, "review_time_pending_days_median": 192.23500000000001, "review_time_pending_update_days_avg": 147.84709090909089, "review_time_pending_update_days_median": 178.08500000000001, "submitted": 153}