{"abandoned": 62, "merged": 609, "new": 24, "pending": 24, "review_time_days_avg": 4.449141081081083, "review_time_days_median": 1.05365, "review_time_pending_days_avg": 79.40272499999999, "review_time_pending_days_median": 55.561599999999999, "submitted": 695}