{"abandoned": 9, "merged": 174, "new": 3, "pending": 3, "review_time_days_avg": 7.042429885057469, "review_time_days_median": 1.7909, "review_time_pending_days_avg": 8.8125666666666671, "review_time_pending_days_median": 8.6408000000000005, "submitted": 186}