{"abandoned": 213, "merged": 3097, "new": 36, "pending": 36, "review_time_days_avg": 3.0982595139300484, "review_time_days_median": 0.2397, "review_time_pending_days_avg": 87.236222222222224, "review_time_pending_days_median": 51.320499999999996, "review_time_pending_update_days_avg": 52.178911111111113, "review_time_pending_update_days_median": 17.185049999999997, "submitted": 3346}