{"abandoned": 2, "merged": 21, "new": 3, "pending": 3, "review_time_days_avg": 18.675862499999997, "review_time_days_median": 0.10025, "review_time_pending_days_avg": 326.61900000000003, "review_time_pending_days_median": 326.61900000000003, "review_time_pending_update_days_avg": 213.47450000000001, "review_time_pending_update_days_median": 213.47450000000001, "submitted": 26}