{"abandoned": 31, "merged": 541, "new": 6, "pending": 6, "review_time_days_avg": 7.58110956521739, "review_time_days_median": 1.7158, "review_time_pending_days_avg": 52.384583333333325, "review_time_pending_days_median": 39.704400000000007, "submitted": 578}