{"abandoned": 339, "merged": 3135, "new": 24, "pending": 24, "review_time_days_avg": 3.19107693522907, "review_time_days_median": 0.8305, "review_time_pending_days_avg": 20.287379166666664, "review_time_pending_days_median": 5.4212499999999997, "submitted": 3498}