{"abandoned": 205, "merged": 3050, "new": 37, "pending": 37, "review_time_days_avg": 2.9563398418491436, "review_time_days_median": 0.2459, "review_time_pending_days_avg": 100.28747837837841, "review_time_pending_days_median": 82.363799999999998, "review_time_pending_update_days_avg": 57.342772972972988, "review_time_pending_update_days_median": 21.818000000000001, "submitted": 3292}