{"abandoned": 15, "merged": 224, "new": 6, "pending": 6, "review_time_days_avg": 10.130810714285715, "review_time_days_median": 2.15735, "review_time_pending_days_avg": 222.06649999999999, "review_time_pending_days_median": 235.88409999999999, "review_time_pending_update_days_avg": 158.23785000000001, "review_time_pending_update_days_median": 127.69450000000001, "submitted": 245}