{"abandoned": 60, "merged": 968, "new": 8, "pending": 8, "review_time_days_avg": 2.232177231329688, "review_time_days_median": 0.1761, "review_time_pending_days_avg": 72.384612499999989, "review_time_pending_days_median": 27.349449999999997, "submitted": 1036}