{"abandoned": 11, "merged": 50, "new": 14, "pending": 14, "review_time_days_avg": 10.644491176470586, "review_time_days_median": 3.82495, "review_time_pending_days_avg": 155.69725, "review_time_pending_days_median": 91.767449999999997, "review_time_pending_update_days_avg": 114.26084285714285, "review_time_pending_update_days_median": 84.898849999999996, "submitted": 75}