{"abandoned": 23, "merged": 335, "new": 5, "pending": 5, "review_time_days_avg": 1.6345821428571428, "review_time_days_median": 0.50805, "review_time_pending_days_avg": 77.400279999999995, "review_time_pending_days_median": 39.507899999999999, "review_time_pending_update_days_avg": 68.149439999999998, "review_time_pending_update_days_median": 39.5075, "submitted": 363}