{"abandoned": 6, "merged": 58, "new": 2, "pending": 2, "review_time_days_avg": 11.593397777777776, "review_time_days_median": 2.3152, "review_time_pending_days_avg": 35.592600000000004, "review_time_pending_days_median": 35.592600000000004, "review_time_pending_update_days_avg": 28.073599999999999, "review_time_pending_update_days_median": 28.073599999999999, "submitted": 66}