{"abandoned": 8, "merged": 38, "new": 4, "pending": 4, "review_time_days_avg": 10.404163636363638, "review_time_days_median": 2.8614, "review_time_pending_days_avg": 130.06030000000001, "review_time_pending_days_median": 130.06030000000001, "submitted": 50}