{"abandoned": 4, "merged": 61, "new": 2, "pending": 2, "review_time_days_avg": 8.504266666666666, "review_time_days_median": 2.88435, "review_time_pending_days_avg": 4.7602000000000002, "review_time_pending_days_median": 4.7602000000000002, "submitted": 67}