{"abandoned": 6, "merged": 54, "new": 8, "pending": 8, "review_time_days_avg": 12.867634782608695, "review_time_days_median": 5.9316, "review_time_pending_days_avg": 161.76554999999999, "review_time_pending_days_median": 158.98099999999999, "review_time_pending_update_days_avg": 78.663174999999995, "review_time_pending_update_days_median": 59.322900000000004, "submitted": 68}