{"abandoned": 8, "merged": 132, "new": 10, "pending": 10, "review_time_days_avg": 9.335044303797467, "review_time_days_median": 0.0345, "review_time_pending_days_avg": 94.803733333333327, "review_time_pending_days_median": 66.611199999999997, "submitted": 150}