{"abandoned": 4, "merged": 77, "new": 2, "pending": 2, "review_time_days_avg": 11.774838095238094, "review_time_days_median": 1.66135, "review_time_pending_days_avg": 114.16590000000001, "review_time_pending_days_median": 114.16590000000001, "review_time_pending_update_days_avg": 80.999350000000007, "review_time_pending_update_days_median": 80.999350000000007, "submitted": 83}