{"abandoned": 4, "merged": 32, "new": 8, "pending": 8, "review_time_days_avg": 7.31961818181818, "review_time_days_median": 4.31615, "review_time_pending_days_avg": 26.213550000000001, "review_time_pending_days_median": 9.9312500000000004, "review_time_pending_update_days_avg": 3.3848124999999998, "review_time_pending_update_days_median": 2.8198999999999996, "submitted": 44}