{"abandoned": 213, "merged": 3080, "new": 34, "pending": 34, "review_time_days_avg": 3.0208425239234393, "review_time_days_median": 0.24025000000000002, "review_time_pending_days_avg": 93.445064705882373, "review_time_pending_days_median": 59.798450000000003, "review_time_pending_update_days_avg": 53.665097058823527, "review_time_pending_update_days_median": 19.8507, "submitted": 3327}