{"abandoned": 16, "merged": 381, "pending": 1, "review_time_days_avg": 256.7303647058823, "review_time_days_median": 173.83845000000002, "submitted": 398}