{"abandoned": 25, "merged": 311, "new": 17, "pending": 17, "review_time_days_avg": 4.065661904761904, "review_time_days_median": 0.5172, "review_time_pending_days_avg": 79.555470588235295, "review_time_pending_days_median": 59.405200000000001, "submitted": 353}