{"abandoned": 62, "merged": 624, "new": 26, "pending": 26, "review_time_days_avg": 3.4826889558232934, "review_time_days_median": 0.6719999999999999, "review_time_pending_days_avg": 80.742338461538438, "review_time_pending_days_median": 50.511449999999996, "review_time_pending_update_days_avg": 58.153800000000018, "review_time_pending_update_days_median": 42.076300000000003, "submitted": 712}