{"abandoned": 1, "merged": 6, "new": 1, "pending": 1, "review_time_days_avg": 5.1188666666666665, "review_time_days_median": 0.1262, "review_time_pending_days_avg": 27.255600000000001, "review_time_pending_days_median": 27.255600000000001, "submitted": 8}