{"abandoned": 6, "merged": 57, "new": 4, "pending": 4, "review_time_days_avg": 6.853017021276595, "review_time_days_median": 0.939, "review_time_pending_days_avg": 122.59014999999999, "review_time_pending_days_median": 122.71295000000001, "review_time_pending_update_days_avg": 82.964575000000011, "review_time_pending_update_days_median": 65.466899999999995, "submitted": 67}