{"abandoned": 33, "merged": 695, "pending": 3, "review_time_days_avg": 158.4852530120483, "review_time_days_median": 155.23340000000002, "submitted": 733}