{"abandoned": 12, "merged": 130, "new": 2, "pending": 2, "review_time_days_avg": 39.27281666666667, "review_time_days_median": 7.041300000000001, "review_time_pending_days_avg": 17.4284, "review_time_pending_days_median": 17.4284, "review_time_pending_update_days_avg": 16.935449999999999, "review_time_pending_update_days_median": 16.935449999999999, "submitted": 144}