{"abandoned": 8, "merged": 132, "new": 10, "pending": 10, "review_time_days_avg": 9.335044303797467, "review_time_days_median": 0.0345, "review_time_pending_days_avg": 106.62928888888888, "review_time_pending_days_median": 78.436700000000002, "review_time_pending_update_days_avg": 88.778844444444459, "review_time_pending_update_days_median": 78.4358, "submitted": 150}