{"abandoned": 6, "merged": 58, "new": 3, "pending": 3, "review_time_days_avg": 6.8559770833333324, "review_time_days_median": 1.0131, "review_time_pending_days_avg": 174.92336666666668, "review_time_pending_days_median": 227.91650000000001, "review_time_pending_update_days_avg": 122.11223333333334, "review_time_pending_update_days_median": 135.5206, "submitted": 67}