{"abandoned": 10, "merged": 148, "pending": 0, "review_time_days_avg": 4.3052234375, "review_time_days_median": 2.0399000000000003, "submitted": 158}