{"abandoned": 3, "merged": 52, "new": 3, "pending": 3, "review_time_days_avg": 7.94735, "review_time_days_median": 4.8165000000000004, "review_time_pending_days_avg": 1.2103999999999999, "review_time_pending_days_median": 1.0952999999999999, "submitted": 58}