{"abandoned": 62, "merged": 625, "new": 29, "pending": 29, "review_time_days_avg": 3.5355076152304608, "review_time_days_median": 0.6805, "review_time_pending_days_avg": 74.202968965517258, "review_time_pending_days_median": 34.427599999999998, "review_time_pending_update_days_avg": 54.760958620689664, "review_time_pending_update_days_median": 34.357700000000001, "submitted": 716}