{"abandoned": 60, "merged": 488, "new": 19, "pending": 19, "review_time_days_avg": 32.77889999999999, "review_time_days_median": 10.6663, "review_time_pending_days_avg": 274.6031733333333, "review_time_pending_days_median": 299.64049999999997, "review_time_pending_update_days_avg": 247.35679333333331, "review_time_pending_update_days_median": 286.71390000000002, "submitted": 567}