{"abandoned": 9, "merged": 174, "new": 3, "pending": 3, "review_time_days_avg": 7.115138372093021, "review_time_days_median": 1.9167, "review_time_pending_days_avg": 8.8100666666666658, "review_time_pending_days_median": 8.6382999999999992, "submitted": 186}