{"abandoned": 12, "merged": 341, "new": 10, "pending": 10, "review_time_days_avg": 15.850382812500001, "review_time_days_median": 3.2158499999999997, "review_time_pending_days_avg": 54.312869999999997, "review_time_pending_days_median": 43.494900000000001, "submitted": 363}