{"abandoned": 8, "merged": 132, "new": 10, "pending": 10, "review_time_days_avg": 9.335044303797467, "review_time_days_median": 0.0345, "review_time_pending_days_avg": 100.99692222222221, "review_time_pending_days_median": 72.804400000000001, "review_time_pending_update_days_avg": 83.146455555555562, "review_time_pending_update_days_median": 72.803399999999996, "submitted": 150}