{"abandoned": 40, "merged": 227, "new": 10, "pending": 10, "review_time_days_avg": 18.639277586206894, "review_time_days_median": 2.5198, "review_time_pending_days_avg": 90.462237499999986, "review_time_pending_days_median": 69.228399999999993, "submitted": 277}