{"abandoned": 1270, "merged": 11093, "new": 454, "pending": 454, "review_time_days_avg": 19.920008933454884, "review_time_days_median": 2.8236, "review_time_pending_days_avg": 113.18969799426922, "review_time_pending_days_median": 81.923900000000003, "submitted": 12817}