{"abandoned": 5, "merged": 95, "new": 5, "pending": 5, "review_time_days_avg": 2.8298625, "review_time_days_median": 0.66905, "review_time_pending_days_avg": 82.910224999999997, "review_time_pending_days_median": 88.994950000000003, "review_time_pending_update_days_avg": 60.322450000000003, "review_time_pending_update_days_median": 48.093800000000002, "submitted": 105}