{"abandoned": 32, "merged": 619, "new": 10, "pending": 10, "review_time_days_avg": 4.274930666666669, "review_time_days_median": 0.4255, "review_time_pending_days_avg": 77.308490000000006, "review_time_pending_days_median": 44.018349999999998, "review_time_pending_update_days_avg": 44.186019999999999, "review_time_pending_update_days_median": 24.044699999999999, "submitted": 661}