{"abandoned": 5, "merged": 95, "new": 5, "pending": 5, "review_time_days_avg": 2.8298625, "review_time_days_median": 0.66905, "review_time_pending_days_avg": 85.881500000000003, "review_time_pending_days_median": 91.966200000000001, "review_time_pending_update_days_avg": 63.293700000000001, "review_time_pending_update_days_median": 51.065049999999999, "submitted": 105}