{"abandoned": 64, "merged": 681, "new": 24, "pending": 24, "review_time_days_avg": 3.9920446886446874, "review_time_days_median": 0.71455, "review_time_pending_days_avg": 77.986525000000015, "review_time_pending_days_median": 37.020499999999998, "review_time_pending_update_days_avg": 54.346579166666658, "review_time_pending_update_days_median": 34.897399999999998, "submitted": 769}