{"abandoned": 49, "merged": 162, "new": 10, "pending": 10, "review_time_days_avg": 6.0418160714285705, "review_time_days_median": 0.6166, "review_time_pending_days_avg": 76.019287500000004, "review_time_pending_days_median": 45.798000000000002, "review_time_pending_update_days_avg": 43.981400000000001, "review_time_pending_update_days_median": 23.933399999999999, "submitted": 221}