{"abandoned": 1, "merged": 61, "new": 1, "pending": 1, "review_time_days_avg": 48.666650000000004, "review_time_days_median": 48.666650000000004, "review_time_pending_days_avg": 19.624199999999998, "review_time_pending_days_median": 19.624199999999998, "submitted": 63}