{"abandoned": 5, "merged": 178, "new": 9, "pending": 9, "review_time_days_avg": 35.23437142857143, "review_time_days_median": 17.0082, "review_time_pending_days_avg": 181.30138333333332, "review_time_pending_days_median": 182.79624999999999, "review_time_pending_update_days_avg": 142.48181666666667, "review_time_pending_update_days_median": 77.218899999999991, "submitted": 192}