{"abandoned": 5, "merged": 81, "new": 13, "pending": 13, "review_time_days_avg": 21.671042857142854, "review_time_days_median": 16.5602, "review_time_pending_days_avg": 96.952792307692306, "review_time_pending_days_median": 97.744100000000003, "review_time_pending_update_days_avg": 91.619476923076931, "review_time_pending_update_days_median": 86.678299999999993, "submitted": 99}