{"abandoned": 26, "merged": 381, "new": 11, "pending": 11, "review_time_days_avg": 4.956903571428568, "review_time_days_median": 0.3038, "review_time_pending_days_avg": 54.564272727272737, "review_time_pending_days_median": 7.6616999999999997, "review_time_pending_update_days_avg": 52.729545454545445, "review_time_pending_update_days_median": 1.4008, "submitted": 418}