{"abandoned": 5, "merged": 128, "new": 2, "pending": 2, "review_time_days_avg": 11.358566666666668, "review_time_days_median": 6.439, "review_time_pending_days_avg": 190.04509999999999, "review_time_pending_days_median": 190.04509999999999, "submitted": 135}