{"abandoned": 208, "merged": 3716, "new": 36, "pending": 36, "review_time_days_avg": 6.895552774018947, "review_time_days_median": 1.7778, "review_time_pending_days_avg": 41.181674285714287, "review_time_pending_days_median": 17.0335, "submitted": 3960}