{"abandoned": 37, "merged": 278, "new": 5, "pending": 5, "review_time_days_avg": 4.540744827586204, "review_time_days_median": 0.2559, "review_time_pending_days_avg": 171.06947499999998, "review_time_pending_days_median": 183.18200000000002, "review_time_pending_update_days_avg": 170.13365000000002, "review_time_pending_update_days_median": 183.1816, "submitted": 320}