{"abandoned": 63, "merged": 989, "new": 13, "pending": 13, "review_time_days_avg": 2.2644411971830976, "review_time_days_median": 0.17695, "review_time_pending_days_avg": 44.393838461538472, "review_time_pending_days_median": 5.9607000000000001, "review_time_pending_update_days_avg": 13.258799999999997, "review_time_pending_update_days_median": 5.5373000000000001, "submitted": 1065}