{"abandoned": 87, "merged": 1563, "new": 8, "pending": 8, "review_time_days_avg": 4.582658628318581, "review_time_days_median": 0.29995, "review_time_pending_days_avg": 79.881249999999994, "review_time_pending_days_median": 52.454000000000001, "review_time_pending_update_days_avg": 26.5331875, "review_time_pending_update_days_median": 15.639400000000002, "submitted": 1658}