{"abandoned": 10, "merged": 123, "new": 1, "pending": 1, "review_time_days_avg": 3.242251190476191, "review_time_days_median": 0.8706499999999999, "review_time_pending_days_avg": 199.75659999999999, "review_time_pending_days_median": 199.75659999999999, "review_time_pending_update_days_avg": 0.60560000000000003, "review_time_pending_update_days_median": 0.60560000000000003, "submitted": 134}