{"abandoned": 14, "merged": 227, "new": 2, "pending": 2, "review_time_days_avg": 11.02717857142857, "review_time_days_median": 3.3520000000000003, "review_time_pending_days_avg": 144.90690000000001, "review_time_pending_days_median": 144.90690000000001, "submitted": 243}