{"abandoned": 57, "merged": 341, "new": 24, "pending": 24, "review_time_days_avg": 4.848153398058252, "review_time_days_median": 0.053, "review_time_pending_days_avg": 205.01629565217385, "review_time_pending_days_median": 308.22859999999997, "review_time_pending_update_days_avg": 180.82307391304352, "review_time_pending_update_days_median": 192.30690000000001, "submitted": 422}