{"abandoned": 26, "merged": 322, "new": 15, "pending": 15, "review_time_days_avg": 4.3783536231884055, "review_time_days_median": 0.15875, "review_time_pending_days_avg": 83.029686666666663, "review_time_pending_days_median": 69.248599999999996, "review_time_pending_update_days_avg": 58.169493333333321, "review_time_pending_update_days_median": 30.433599999999998, "submitted": 363}