{"abandoned": 110, "merged": 651, "new": 8, "pending": 8, "review_time_days_avg": 2.8368586854460096, "review_time_days_median": 0.3467, "review_time_pending_days_avg": 70.818787500000013, "review_time_pending_days_median": 67.555750000000003, "submitted": 769}