{"abandoned": 26, "merged": 369, "new": 7, "pending": 7, "review_time_days_avg": 5.046779999999997, "review_time_days_median": 0.3089, "review_time_pending_days_avg": 81.066985714285707, "review_time_pending_days_median": 99.218100000000007, "submitted": 402}