{"abandoned": 346, "merged": 3165, "new": 22, "pending": 22, "review_time_days_avg": 3.1518839629915205, "review_time_days_median": 0.8278, "review_time_pending_days_avg": 21.241886363636368, "review_time_pending_days_median": 11.3035, "review_time_pending_update_days_avg": 11.518663636363637, "review_time_pending_update_days_median": 4.0738000000000003, "submitted": 3533}