{"abandoned": 2, "merged": 11, "new": 1, "pending": 1, "review_time_days_avg": 12.1225, "review_time_days_median": 12.1225, "review_time_pending_days_avg": 43.021000000000001, "review_time_pending_days_median": 43.021000000000001, "review_time_pending_update_days_avg": 41.235700000000001, "review_time_pending_update_days_median": 41.235700000000001, "submitted": 14}