{"abandoned": 62, "merged": 612, "new": 29, "pending": 29, "review_time_days_avg": 3.3775426229508203, "review_time_days_median": 0.6486000000000001, "review_time_pending_days_avg": 68.637475862068968, "review_time_pending_days_median": 24.373200000000001, "submitted": 703}