{"abandoned": 64, "merged": 686, "new": 22, "pending": 22, "review_time_days_avg": 3.9943647272727256, "review_time_days_median": 0.7319500000000001, "review_time_pending_days_avg": 88.222836363636361, "review_time_pending_days_median": 64.393249999999995, "review_time_pending_update_days_avg": 62.666859090909092, "review_time_pending_update_days_median": 55.929600000000001, "submitted": 772}