{"abandoned": 16, "merged": 393, "new": 1, "pending": 1, "review_time_days_avg": 0.24091428571428572, "review_time_days_median": 0.0225, "review_time_pending_days_avg": 0.61170000000000002, "review_time_pending_days_median": 0.61170000000000002, "submitted": 410}