{"abandoned": 31, "merged": 410, "new": 5, "pending": 5, "review_time_days_avg": 4.158973684210525, "review_time_days_median": 1.0069, "review_time_pending_days_avg": 234.493325, "review_time_pending_days_median": 257.78919999999999, "review_time_pending_update_days_avg": 149.47002499999999, "review_time_pending_update_days_median": 153.21119999999999, "submitted": 446}