{"abandoned": 26, "merged": 361, "new": 8, "pending": 8, "review_time_days_avg": 7.634843749999998, "review_time_days_median": 2.22595, "review_time_pending_days_avg": 66.001449999999991, "review_time_pending_days_median": 49.470100000000002, "submitted": 395}