{"abandoned": 14, "merged": 493, "pending": 6, "review_time_days_avg": 1.9794706349206357, "review_time_days_median": 0.8141499999999999, "submitted": 513}