{"abandoned": 1252, "merged": 10955, "pending": 358, "review_time_days_avg": 19.853469538606397, "review_time_days_median": 2.8520000000000003, "submitted": 12670}