{"abandoned": 9, "merged": 397, "new": 2, "pending": 2, "review_time_days_avg": 8.863756521739129, "review_time_days_median": 4.0205, "review_time_pending_days_avg": 3.9957499999999997, "review_time_pending_days_median": 3.9957499999999997, "submitted": 408}