{"abandoned": 9, "merged": 133, "new": 9, "pending": 9, "review_time_days_avg": 9.218367499999998, "review_time_days_median": 0.031100000000000003, "review_time_pending_days_avg": 123.161725, "review_time_pending_days_median": 99.050899999999999, "review_time_pending_update_days_avg": 103.07998750000002, "review_time_pending_update_days_median": 99.050049999999999, "submitted": 151}