{"abandoned": 8, "merged": 132, "new": 10, "pending": 10, "review_time_days_avg": 9.335044303797467, "review_time_days_median": 0.0345, "review_time_pending_days_avg": 96.589855555555559, "review_time_pending_days_median": 68.397300000000001, "submitted": 150}