{"abandoned": 202, "merged": 2999, "new": 35, "pending": 35, "review_time_days_avg": 2.9472903426791244, "review_time_days_median": 0.2468, "review_time_pending_days_avg": 101.25182571428569, "review_time_pending_days_median": 85.2149, "submitted": 3236}