{"abandoned": 57, "merged": 350, "new": 25, "pending": 25, "review_time_days_avg": 4.517165765765766, "review_time_days_median": 0.0497, "review_time_pending_days_avg": 199.33962083333327, "review_time_pending_days_median": 245.74475000000001, "review_time_pending_update_days_avg": 176.15599999999998, "review_time_pending_update_days_median": 187.78075000000001, "submitted": 432}