{"abandoned": 62, "merged": 635, "new": 39, "pending": 39, "review_time_days_avg": 3.9470260869565212, "review_time_days_median": 0.71455, "review_time_pending_days_avg": 54.105471794871811, "review_time_pending_days_median": 18.561800000000002, "review_time_pending_update_days_avg": 39.750643589743582, "review_time_pending_update_days_median": 12.553900000000001, "submitted": 736}