{"abandoned": 12, "merged": 444, "new": 9, "pending": 9, "review_time_days_avg": 14.016493333333337, "review_time_days_median": 7.2355, "review_time_pending_days_avg": 114.84362222222222, "review_time_pending_days_median": 97.378299999999996, "submitted": 465}