{"abandoned": 6, "merged": 10, "new": 3, "pending": 3, "review_time_days_avg": 18.006999999999998, "review_time_days_median": 18.006999999999998, "review_time_pending_days_avg": 49.564500000000002, "review_time_pending_days_median": 29.1236, "submitted": 19}