{"abandoned": 201, "merged": 3635, "pending": 23, "review_time_days_avg": 141.15875315068487, "review_time_days_median": 141.95785, "submitted": 3860}