{"abandoned": 49, "merged": 151, "new": 11, "pending": 11, "review_time_days_avg": 4.730732653061223, "review_time_days_median": 0.685, "review_time_pending_days_avg": 63.802699999999994, "review_time_pending_days_median": 29.2027, "review_time_pending_update_days_avg": 30.874566666666674, "review_time_pending_update_days_median": 7.3403999999999998, "submitted": 211}