{"abandoned": 25, "merged": 357, "new": 7, "pending": 7, "review_time_days_avg": 7.634843749999998, "review_time_days_median": 2.22595, "review_time_pending_days_avg": 76.728700000000003, "review_time_pending_days_median": 91.576300000000003, "submitted": 389}