{"abandoned": 33, "merged": 258, "new": 2, "pending": 2, "review_time_days_avg": 5.8038780645161285, "review_time_days_median": 0.71, "review_time_pending_days_avg": 131.09049999999999, "review_time_pending_days_median": 131.09049999999999, "review_time_pending_update_days_avg": 126.81610000000001, "review_time_pending_update_days_median": 126.81610000000001, "submitted": 293}