{"abandoned": 13, "merged": 78, "new": 6, "pending": 6, "review_time_days_avg": 2.1693666666666664, "review_time_days_median": 0.3058, "review_time_pending_days_avg": 103.85208, "review_time_pending_days_median": 73.479699999999994, "review_time_pending_update_days_avg": 74.185100000000006, "review_time_pending_update_days_median": 70.754199999999997, "submitted": 97}