{"abandoned": 30, "merged": 580, "new": 2, "pending": 2, "review_time_days_avg": 6.857911158798284, "review_time_days_median": 3.1152, "review_time_pending_days_avg": 211.30840000000001, "review_time_pending_days_median": 211.30840000000001, "submitted": 612}