{"abandoned": 23, "merged": 199, "new": 10, "pending": 10, "review_time_days_avg": 17.73255176470589, "review_time_days_median": 2.1456, "review_time_pending_days_avg": 144.38486666666665, "review_time_pending_days_median": 167.68369999999999, "submitted": 232}