{"abandoned": 43, "merged": 490, "new": 20, "pending": 20, "review_time_days_avg": 8.926303517587941, "review_time_days_median": 2.0951, "review_time_pending_days_avg": 147.54871111111115, "review_time_pending_days_median": 143.33949999999999, "review_time_pending_update_days_avg": 102.96032777777776, "review_time_pending_update_days_median": 94.332349999999991, "submitted": 553}