{"abandoned": 13, "merged": 167, "new": 14, "pending": 14, "review_time_days_avg": 10.186578494623657, "review_time_days_median": 1.3901, "review_time_pending_days_avg": 104.06108571428572, "review_time_pending_days_median": 119.19825, "review_time_pending_update_days_avg": 58.101099999999995, "review_time_pending_update_days_median": 55.839799999999997, "submitted": 194}