{"abandoned": 17, "merged": 513, "new": 4, "pending": 4, "review_time_days_avg": 1.9845988281250007, "review_time_days_median": 0.8284499999999999, "review_time_pending_days_avg": 9.2239250000000013, "review_time_pending_days_median": 6.5456000000000003, "submitted": 534}