{"abandoned": 6, "merged": 56, "new": 7, "pending": 7, "review_time_days_avg": 13.138724000000002, "review_time_days_median": 5.9316, "review_time_pending_days_avg": 216.22926666666663, "review_time_pending_days_median": 297.67619999999999, "review_time_pending_update_days_avg": 105.42610000000001, "review_time_pending_update_days_median": 98.359999999999999, "submitted": 69}