{"abandoned": 24, "merged": 306, "new": 17, "pending": 17, "review_time_days_avg": 4.159208641975308, "review_time_days_median": 0.4752, "review_time_pending_days_avg": 75.292841176470588, "review_time_pending_days_median": 54.457700000000003, "submitted": 347}