{"abandoned": 6, "merged": 246, "new": 2, "pending": 2, "review_time_days_avg": 14.017658823529413, "review_time_days_median": 2.9423500000000002, "review_time_pending_days_avg": 33.187449999999998, "review_time_pending_days_median": 33.187449999999998, "submitted": 254}