{"abandoned": 20, "merged": 219, "new": 9, "pending": 9, "review_time_days_avg": 16.917007142857138, "review_time_days_median": 0.6789000000000001, "review_time_pending_days_avg": 79.866433333333333, "review_time_pending_days_median": 99.014299999999992, "review_time_pending_update_days_avg": 50.752166666666675, "review_time_pending_update_days_median": 59.441400000000002, "submitted": 248}