{"abandoned": 9, "merged": 176, "new": 8, "pending": 8, "review_time_days_avg": 6.922603370786515, "review_time_days_median": 1.7909, "review_time_pending_days_avg": 10.155250000000001, "review_time_pending_days_median": 5.2935999999999996, "review_time_pending_update_days_avg": 7.8024375000000008, "review_time_pending_update_days_median": 4.5716999999999999, "submitted": 193}