{"abandoned": 2, "merged": 25, "new": 4, "pending": 4, "review_time_days_avg": 56.01163571428572, "review_time_days_median": 9.5441, "review_time_pending_days_avg": 61.023266666666665, "review_time_pending_days_median": 67.420199999999994, "review_time_pending_update_days_avg": 60.673633333333328, "review_time_pending_update_days_median": 67.419799999999995, "submitted": 31}