{"abandoned": 1, "merged": 15, "new": 2, "pending": 2, "review_time_days_avg": 48.663128571428565, "review_time_days_median": 3.1805, "review_time_pending_days_avg": 242.77339999999998, "review_time_pending_days_median": 242.77339999999998, "review_time_pending_update_days_avg": 185.14744999999999, "review_time_pending_update_days_median": 185.14744999999999, "submitted": 18}