{"abandoned": 5, "merged": 169, "new": 9, "pending": 9, "review_time_days_avg": 35.23437142857143, "review_time_days_median": 17.0082, "review_time_pending_days_avg": 171.33180000000002, "review_time_pending_days_median": 172.82670000000002, "review_time_pending_update_days_avg": 132.51224999999999, "review_time_pending_update_days_median": 67.249300000000005, "submitted": 183}