{"abandoned": 11, "merged": 50, "new": 13, "pending": 13, "review_time_days_avg": 10.644491176470586, "review_time_days_median": 3.82495, "review_time_pending_days_avg": 158.00447692307688, "review_time_pending_days_median": 84.977099999999993, "review_time_pending_update_days_avg": 127.84459230769231, "review_time_pending_update_days_median": 80.509699999999995, "submitted": 74}