{"abandoned": 25, "merged": 314, "new": 17, "pending": 17, "review_time_days_avg": 2.7384847328244275, "review_time_days_median": 0.156, "review_time_pending_days_avg": 80.348705882352945, "review_time_pending_days_median": 60.198399999999999, "submitted": 356}