{"abandoned": 154, "merged": 1705, "new": 18, "pending": 18, "review_time_days_avg": 3.2922834162520713, "review_time_days_median": 0.1392, "review_time_pending_days_avg": 170.70505454545454, "review_time_pending_days_median": 164.95189999999999, "review_time_pending_update_days_avg": 134.70426363636363, "review_time_pending_update_days_median": 125.6739, "submitted": 1877}