{"abandoned": 16, "merged": 397, "new": 1, "pending": 1, "review_time_days_avg": 0.3052625, "review_time_days_median": 0.02625, "review_time_pending_days_avg": 5.2721999999999998, "review_time_pending_days_median": 5.2721999999999998, "review_time_pending_update_days_avg": 5.2628000000000004, "review_time_pending_update_days_median": 5.2628000000000004, "submitted": 414}