{"abandoned": 13, "merged": 167, "new": 14, "pending": 14, "review_time_days_avg": 10.186578494623657, "review_time_days_median": 1.3901, "review_time_pending_days_avg": 102.24399285714287, "review_time_pending_days_median": 117.38114999999999, "review_time_pending_update_days_avg": 56.283999999999999, "review_time_pending_update_days_median": 54.0227, "submitted": 194}