{"abandoned": 4, "merged": 163, "new": 4, "pending": 4, "review_time_days_avg": 26.696266666666663, "review_time_days_median": 6.9784, "review_time_pending_days_avg": 117.67032499999999, "review_time_pending_days_median": 82.723649999999992, "submitted": 171}