{"abandoned": 5, "merged": 173, "new": 9, "pending": 9, "review_time_days_avg": 35.23437142857143, "review_time_days_median": 17.0082, "review_time_pending_days_avg": 176.25855000000001, "review_time_pending_days_median": 177.75344999999999, "review_time_pending_update_days_avg": 137.43896666666666, "review_time_pending_update_days_median": 72.176000000000002, "submitted": 187}