{"abandoned": 4, "merged": 571, "new": 3, "pending": 3, "review_time_days_avg": 14.15932258064516, "review_time_days_median": 3.0711, "review_time_pending_days_avg": 84.291733333333326, "review_time_pending_days_median": 32.357900000000001, "submitted": 578}