{"abandoned": 9, "merged": 104, "new": 6, "pending": 6, "review_time_days_avg": 18.058781818181817, "review_time_days_median": 2.6518, "review_time_pending_days_avg": 69.528933333333327, "review_time_pending_days_median": 61.950749999999999, "review_time_pending_update_days_avg": 33.484700000000004, "review_time_pending_update_days_median": 24.49005, "submitted": 119}