{"abandoned": 6, "merged": 60, "new": 3, "pending": 3, "review_time_days_avg": 11.472470212765955, "review_time_days_median": 2.3152, "review_time_pending_days_avg": 26.420766666666669, "review_time_pending_days_median": 4.6460999999999997, "review_time_pending_update_days_avg": 25.698266666666665, "review_time_pending_update_days_median": 4.3300999999999998, "submitted": 69}