{"abandoned": 9, "merged": 177, "new": 8, "pending": 8, "review_time_days_avg": 7.090177777777775, "review_time_days_median": 1.9167, "review_time_pending_days_avg": 11.484462499999999, "review_time_pending_days_median": 8.7341999999999995, "review_time_pending_update_days_avg": 10.159112499999999, "review_time_pending_update_days_median": 8.1410499999999999, "submitted": 194}