{"abandoned": 4, "merged": 9, "new": 6, "pending": 6, "review_time_days_avg": 7.2279857142857145, "review_time_days_median": 3.9845, "review_time_pending_days_avg": 11.098216666666666, "review_time_pending_days_median": 13.318099999999999, "review_time_pending_update_days_avg": 4.2572833333333326, "review_time_pending_update_days_median": 4.3665500000000002, "submitted": 19}