{"abandoned": 206, "merged": 3063, "new": 35, "pending": 35, "review_time_days_avg": 3.0110870325693564, "review_time_days_median": 0.2409, "review_time_pending_days_avg": 103.62951428571428, "review_time_pending_days_median": 83.365899999999996, "review_time_pending_update_days_avg": 61.413977142857156, "review_time_pending_update_days_median": 34.362299999999998, "submitted": 3304}