{"abandoned": 5, "merged": 173, "new": 9, "pending": 9, "review_time_days_avg": 35.23437142857143, "review_time_days_median": 17.0082, "review_time_pending_days_avg": 175.27481666666665, "review_time_pending_days_median": 176.7697, "review_time_pending_update_days_avg": 136.45524999999998, "review_time_pending_update_days_median": 71.192300000000003, "submitted": 187}