{"abandoned": 28, "merged": 271, "new": 3, "pending": 3, "review_time_days_avg": 11.450705063291139, "review_time_days_median": 1.8874, "review_time_pending_days_avg": 17.517166666666668, "review_time_pending_days_median": 15.5745, "review_time_pending_update_days_avg": 15.712999999999999, "review_time_pending_update_days_median": 10.174099999999999, "submitted": 302}