{"abandoned": 1251, "merged": 10916, "pending": 345, "review_time_days_avg": 19.84818875711575, "review_time_days_median": 2.81625, "submitted": 12618}