{"abandoned": 1, "merged": 15, "new": 1, "pending": 1, "review_time_days_avg": 15.9872, "review_time_days_median": 15.9872, "review_time_pending_days_avg": 0.41360000000000002, "review_time_pending_days_median": 0.41360000000000002, "review_time_pending_update_days_avg": 0.41360000000000002, "review_time_pending_update_days_median": 0.41360000000000002, "submitted": 17}