{"abandoned": 339, "merged": 3635, "new": 18, "pending": 18, "review_time_days_avg": 4.236518469945356, "review_time_days_median": 1.8089, "review_time_pending_days_avg": 30.24776666666666, "review_time_pending_days_median": 21.939900000000002, "submitted": 3992}