{"abandoned": 384, "merged": 4459, "new": 54, "pending": 54, "review_time_days_avg": 5.243463820366855, "review_time_days_median": 0.752, "review_time_pending_days_avg": 46.321850943396193, "review_time_pending_days_median": 10.482699999999999, "review_time_pending_update_days_avg": 21.583262264150939, "review_time_pending_update_days_median": 3.6844000000000001, "submitted": 4897}