{"abandoned": 12, "merged": 341, "new": 10, "pending": 10, "review_time_days_avg": 15.613153846153848, "review_time_days_median": 2.8699, "review_time_pending_days_avg": 54.282090000000004, "review_time_pending_days_median": 43.464150000000004, "submitted": 363}