{"abandoned": 62, "merged": 617, "new": 28, "pending": 28, "review_time_days_avg": 3.377796130346233, "review_time_days_median": 0.6504, "review_time_pending_days_avg": 73.831617857142859, "review_time_pending_days_median": 30.265450000000001, "submitted": 707}