{"abandoned": 63, "merged": 997, "new": 15, "pending": 15, "review_time_days_avg": 2.2687605902777768, "review_time_days_median": 0.17930000000000001, "review_time_pending_days_avg": 42.435939999999995, "review_time_pending_days_median": 10.572800000000001, "review_time_pending_update_days_avg": 12.173873333333335, "review_time_pending_update_days_median": 6.1013000000000002, "submitted": 1075}