{"abandoned": 28, "merged": 327, "new": 14, "pending": 14, "review_time_days_avg": 4.440290140845071, "review_time_days_median": 0.15875, "review_time_pending_days_avg": 94.049842857142835, "review_time_pending_days_median": 96.260050000000007, "review_time_pending_update_days_avg": 67.308178571428584, "review_time_pending_update_days_median": 39.266449999999999, "submitted": 369}