{"abandoned": 4, "merged": 75, "new": 3, "pending": 3, "review_time_days_avg": 10.975107499999998, "review_time_days_median": 1.46435, "review_time_pending_days_avg": 90.342066666666668, "review_time_pending_days_median": 38.408200000000001, "submitted": 82}