{"abandoned": 6, "merged": 111, "new": 1, "pending": 1, "review_time_days_avg": 12.77457083333333, "review_time_days_median": 0.6529, "review_time_pending_days_avg": 94.525099999999995, "review_time_pending_days_median": 94.525099999999995, "review_time_pending_update_days_avg": 20.560400000000001, "review_time_pending_update_days_median": 20.560400000000001, "submitted": 118}