{"abandoned": 14, "merged": 411, "new": 5, "pending": 5, "review_time_days_avg": 2.2227875, "review_time_days_median": 0.43789999999999996, "review_time_pending_days_avg": 100.294825, "review_time_pending_days_median": 96.943399999999997, "submitted": 430}