{"abandoned": 12, "merged": 671, "pending": 10, "review_time_days_avg": 121.387581981982, "review_time_days_median": 132.93155000000002, "submitted": 693}