{"abandoned": 340, "merged": 3659, "new": 25, "pending": 25, "review_time_days_avg": 4.26745750798722, "review_time_days_median": 1.8302, "review_time_pending_days_avg": 21.248159999999999, "review_time_pending_days_median": 4.2636000000000003, "submitted": 4024}