{"abandoned": 1, "merged": 29, "new": 1, "pending": 1, "review_time_days_avg": 11.018279999999999, "review_time_days_median": 0.9293, "review_time_pending_days_avg": 41.407800000000002, "review_time_pending_days_median": 41.407800000000002, "submitted": 31}