{"abandoned": 11, "merged": 50, "new": 14, "pending": 14, "review_time_days_avg": 10.644491176470586, "review_time_days_median": 3.82495, "review_time_pending_days_avg": 148.66187142857143, "review_time_pending_days_median": 84.732100000000003, "review_time_pending_update_days_avg": 117.82483571428567, "review_time_pending_update_days_median": 77.86345, "submitted": 75}