{"abandoned": 11, "merged": 50, "new": 13, "pending": 13, "review_time_days_avg": 10.644491176470586, "review_time_days_median": 3.82495, "review_time_pending_days_avg": 148.42257692307692, "review_time_pending_days_median": 75.395200000000003, "review_time_pending_update_days_avg": 118.26269230769228, "review_time_pending_update_days_median": 70.927800000000005, "submitted": 74}