{"abandoned": 4, "merged": 163, "new": 4, "pending": 4, "review_time_days_avg": 26.696266666666663, "review_time_days_median": 6.9784, "review_time_pending_days_avg": 115.64474999999999, "review_time_pending_days_median": 80.698099999999997, "submitted": 171}