{"abandoned": 34, "merged": 702, "new": 5, "pending": 5, "review_time_days_avg": 7.051680357142856, "review_time_days_median": 1.7038, "review_time_pending_days_avg": 206.20486666666667, "review_time_pending_days_median": 202.83770000000001, "submitted": 741}