{"abandoned": 865, "merged": 12862, "new": 140, "pending": 140, "review_time_days_avg": 6.982049632598537, "review_time_days_median": 0.3818, "review_time_pending_days_avg": 67.155939230769235, "review_time_pending_days_median": 26.956299999999999, "review_time_pending_update_days_avg": 39.7002976923077, "review_time_pending_update_days_median": 11.047000000000001, "submitted": 13867}