{"abandoned": 1, "merged": 34, "new": 3, "pending": 3, "review_time_days_avg": 60.89357692307693, "review_time_days_median": 5.4384, "review_time_pending_days_avg": 80.022899999999993, "review_time_pending_days_median": 80.022899999999993, "review_time_pending_update_days_avg": 45.663249999999998, "review_time_pending_update_days_median": 45.663249999999998, "submitted": 38}