{"abandoned": 37, "merged": 278, "new": 5, "pending": 5, "review_time_days_avg": 4.540744827586204, "review_time_days_median": 0.2559, "review_time_pending_days_avg": 169.10527499999998, "review_time_pending_days_median": 181.21780000000001, "review_time_pending_update_days_avg": 169.01445000000001, "review_time_pending_update_days_median": 181.2174, "submitted": 320}