{"abandoned": 12, "merged": 346, "new": 9, "pending": 9, "review_time_days_avg": 12.375928735632188, "review_time_days_median": 1.2061, "review_time_pending_days_avg": 80.32531111111112, "review_time_pending_days_median": 68.305499999999995, "review_time_pending_update_days_avg": 68.017533333333347, "review_time_pending_update_days_median": 68.193799999999996, "submitted": 367}