{"abandoned": 12, "merged": 343, "new": 10, "pending": 10, "review_time_days_avg": 12.63939285714286, "review_time_days_median": 1.1571500000000001, "review_time_pending_days_avg": 62.146619999999999, "review_time_pending_days_median": 56.255849999999995, "review_time_pending_update_days_avg": 51.069580000000002, "review_time_pending_update_days_median": 54.713149999999999, "submitted": 365}