{"abandoned": 12, "merged": 342, "new": 10, "pending": 10, "review_time_days_avg": 12.791407228915665, "review_time_days_median": 1.2061, "review_time_pending_days_avg": 59.175370000000001, "review_time_pending_days_median": 53.284649999999999, "review_time_pending_update_days_avg": 48.098349999999996, "review_time_pending_update_days_median": 51.741950000000003, "submitted": 364}