{"abandoned": 4, "merged": 29, "new": 6, "pending": 6, "review_time_days_avg": 7.529068421052631, "review_time_days_median": 2.519, "review_time_pending_days_avg": 28.996666666666666, "review_time_pending_days_median": 5.4870000000000001, "review_time_pending_update_days_avg": 4.5923666666666669, "review_time_pending_update_days_median": 5.3212000000000002, "submitted": 39}