{"abandoned": 1, "merged": 32, "new": 2, "pending": 2, "review_time_days_avg": 2.0955583333333334, "review_time_days_median": 0.1158, "review_time_pending_days_avg": 148.28710000000001, "review_time_pending_days_median": 148.28710000000001, "submitted": 35}