{"abandoned": 25, "merged": 460, "pending": 4, "review_time_days_avg": 223.15364062500007, "review_time_days_median": 304.83755, "submitted": 489}