{"abandoned": 57, "merged": 327, "new": 22, "pending": 22, "review_time_days_avg": 5.2273505494505486, "review_time_days_median": 0.0478, "review_time_pending_days_avg": 207.8384047619048, "review_time_pending_days_median": 293.2672, "review_time_pending_update_days_avg": 181.35170952380955, "review_time_pending_update_days_median": 201.22980000000001, "submitted": 406}