{"abandoned": 31, "merged": 408, "new": 5, "pending": 5, "review_time_days_avg": 4.641888235294116, "review_time_days_median": 1.6552, "review_time_pending_days_avg": 219.55947499999999, "review_time_pending_days_median": 242.85534999999999, "review_time_pending_update_days_avg": 166.27325000000002, "review_time_pending_update_days_median": 182.11959999999999, "submitted": 444}