{"abandoned": 16, "merged": 399, "new": 1, "pending": 1, "review_time_days_avg": 0.93406, "review_time_days_median": 0.02785, "review_time_pending_days_avg": 0.93179999999999996, "review_time_pending_days_median": 0.93179999999999996, "review_time_pending_update_days_avg": 0.63380000000000003, "review_time_pending_update_days_median": 0.63380000000000003, "submitted": 416}