{"abandoned": 40, "merged": 230, "new": 12, "pending": 12, "review_time_days_avg": 17.794550819672132, "review_time_days_median": 2.2272, "review_time_pending_days_avg": 86.458560000000006, "review_time_pending_days_median": 62.187950000000001, "review_time_pending_update_days_avg": 60.273540000000004, "review_time_pending_update_days_median": 21.93065, "submitted": 282}