{"abandoned": 5, "merged": 82, "new": 2, "pending": 2, "review_time_days_avg": 10.630044680851062, "review_time_days_median": 1.291, "review_time_pending_days_avg": 120.02070000000001, "review_time_pending_days_median": 120.02070000000001, "review_time_pending_update_days_avg": 86.399950000000004, "review_time_pending_update_days_median": 86.399950000000004, "submitted": 89}