{"abandoned": 85, "merged": 2104, "new": 14, "pending": 14, "review_time_days_avg": 6.598583221476508, "review_time_days_median": 0.92275, "review_time_pending_days_avg": 67.508585714285715, "review_time_pending_days_median": 25.668500000000002, "submitted": 2203}