{"abandoned": 4, "merged": 92, "pending": 0, "review_time_days_avg": 22.414949999999994, "review_time_days_median": 2.1929499999999997, "submitted": 96}