{"abandoned": 110, "merged": 655, "new": 9, "pending": 9, "review_time_days_avg": 2.9267847222222225, "review_time_days_median": 0.35040000000000004, "review_time_pending_days_avg": 66.257633333333331, "review_time_pending_days_median": 66.744600000000005, "review_time_pending_update_days_avg": 28.793877777777773, "review_time_pending_update_days_median": 35.228999999999999, "submitted": 774}