{"abandoned": 142, "merged": 846, "new": 9, "pending": 9, "review_time_days_avg": 12.63650666666667, "review_time_days_median": 0.25855, "review_time_pending_days_avg": 213.73692857142856, "review_time_pending_days_median": 239.0658, "review_time_pending_update_days_avg": 81.345114285714274, "review_time_pending_update_days_median": 91.606999999999999, "submitted": 997}