{"abandoned": 60, "merged": 488, "new": 19, "pending": 19, "review_time_days_avg": 32.77889999999999, "review_time_days_median": 10.6663, "review_time_pending_days_avg": 272.57413333333335, "review_time_pending_days_median": 297.61149999999998, "submitted": 567}