{"abandoned": 62, "merged": 888, "new": 51, "pending": 51, "review_time_days_avg": 18.788357692307684, "review_time_days_median": 2.5846999999999998, "submitted": 1001}