{"abandoned": 1, "merged": 39, "new": 2, "pending": 2, "review_time_days_avg": 1.125757692307692, "review_time_days_median": 0.048, "review_time_pending_days_avg": 157.77519999999998, "review_time_pending_days_median": 157.77519999999998, "submitted": 42}