{"abandoned": 17, "merged": 508, "new": 4, "pending": 4, "review_time_days_avg": 1.9845988281250007, "review_time_days_median": 0.8284499999999999, "submitted": 529}