{"abandoned": 1283, "merged": 10572, "new": 472, "pending": 472, "review_time_days_avg": 14.838802326354278, "review_time_days_median": 0.9024, "review_time_pending_days_avg": 106.7798898123325, "review_time_pending_days_median": 72.250200000000007, "submitted": 12327}