{"abandoned": 62, "merged": 876, "pending": 49, "review_time_days_avg": 152.80960910596008, "review_time_days_median": 134.56955, "submitted": 987}