{"abandoned": 5, "merged": 95, "new": 5, "pending": 5, "review_time_days_avg": 2.8298625, "review_time_days_median": 0.66905, "review_time_pending_days_avg": 92.832400000000007, "review_time_pending_days_median": 98.917100000000005, "review_time_pending_update_days_avg": 70.244624999999999, "review_time_pending_update_days_median": 58.015950000000004, "submitted": 105}