{"abandoned": 12, "merged": 453, "new": 2, "pending": 2, "review_time_days_avg": 43.654117142857146, "review_time_days_median": 9.0364, "review_time_pending_days_avg": 70.770750000000007, "review_time_pending_days_median": 70.770750000000007, "submitted": 467}