{"abandoned": 20, "merged": 248, "new": 9, "pending": 9, "review_time_days_avg": 3.2462630434782604, "review_time_days_median": 0.45775, "review_time_pending_days_avg": 21.728777777777776, "review_time_pending_days_median": 13.749599999999999, "review_time_pending_update_days_avg": 5.8834222222222223, "review_time_pending_update_days_median": 3.6030000000000002, "submitted": 277}