{"abandoned": 1, "merged": 127, "pending": 1, "review_time_days_avg": 170.7497604166667, "review_time_days_median": 173.31394999999998, "submitted": 129}