{"abandoned": 1, "merged": 15, "new": 2, "pending": 2, "review_time_days_avg": 48.663128571428565, "review_time_days_median": 3.1805, "review_time_pending_days_avg": 247.73385000000002, "review_time_pending_days_median": 247.73385000000002, "review_time_pending_update_days_avg": 190.10784999999998, "review_time_pending_update_days_median": 190.10784999999998, "submitted": 18}