{"abandoned": 69, "merged": 382, "new": 42, "pending": 42, "review_time_days_avg": 16.307009459459454, "review_time_days_median": 1.36415, "review_time_pending_days_avg": 199.403244, "review_time_pending_days_median": 172.22730000000001, "review_time_pending_update_days_avg": 162.11192000000003, "review_time_pending_update_days_median": 164.65309999999999, "submitted": 493}