{"abandoned": 338, "merged": 3114, "new": 20, "pending": 20, "review_time_days_avg": 4.26745750798722, "review_time_days_median": 1.8302, "review_time_pending_days_avg": 27.007805000000001, "review_time_pending_days_median": 25.591749999999998, "submitted": 3472}