{"abandoned": 5, "merged": 111, "new": 2, "pending": 2, "review_time_days_avg": 12.77457083333333, "review_time_days_median": 0.6529, "review_time_pending_days_avg": 142.70499999999998, "review_time_pending_days_median": 142.70499999999998, "review_time_pending_update_days_avg": 8.6539000000000001, "review_time_pending_update_days_median": 8.6539000000000001, "submitted": 118}