{"abandoned": 33, "merged": 694, "pending": 3, "review_time_days_avg": 158.48525301204828, "review_time_days_median": 155.23340000000002, "submitted": 732}