{"abandoned": 4, "merged": 29, "new": 6, "pending": 6, "review_time_days_avg": 7.529068421052631, "review_time_days_median": 2.519, "review_time_pending_days_avg": 27.008866666666666, "review_time_pending_days_median": 3.4992000000000001, "review_time_pending_update_days_avg": 2.6045666666666665, "review_time_pending_update_days_median": 3.3334000000000001, "submitted": 39}