{"abandoned": 15, "merged": 232, "new": 7, "pending": 7, "review_time_days_avg": 8.399070588235295, "review_time_days_median": 0.8869499999999999, "review_time_pending_days_avg": 188.35296, "review_time_pending_days_median": 230.92310000000001, "review_time_pending_update_days_avg": 137.19128000000001, "review_time_pending_update_days_median": 139.55609999999999, "submitted": 254}