{"abandoned": 31, "merged": 410, "new": 5, "pending": 5, "review_time_days_avg": 4.158973684210525, "review_time_days_median": 1.0069, "review_time_pending_days_avg": 235.49427499999999, "review_time_pending_days_median": 258.79014999999998, "review_time_pending_update_days_avg": 150.471, "review_time_pending_update_days_median": 154.21220000000002, "submitted": 446}