{"abandoned": 12, "merged": 343, "new": 10, "pending": 10, "review_time_days_avg": 12.63939285714286, "review_time_days_median": 1.1571500000000001, "review_time_pending_days_avg": 63.164020000000015, "review_time_pending_days_median": 57.273250000000004, "review_time_pending_update_days_avg": 51.36712, "review_time_pending_update_days_median": 55.730550000000001, "submitted": 365}