{"abandoned": 49, "merged": 158, "new": 10, "pending": 10, "review_time_days_avg": 6.261909259259259, "review_time_days_median": 0.8285, "review_time_pending_days_avg": 72.98418749999999, "review_time_pending_days_median": 42.762900000000002, "review_time_pending_update_days_avg": 40.946337499999998, "review_time_pending_update_days_median": 20.898299999999999, "submitted": 217}