{"abandoned": 33, "merged": 449, "new": 15, "pending": 15, "review_time_days_avg": 4.319065972222223, "review_time_days_median": 1.38635, "review_time_pending_days_avg": 81.097906666666702, "review_time_pending_days_median": 88.390299999999996, "submitted": 497}