{"abandoned": 2, "merged": 153, "new": 2, "pending": 2, "review_time_days_avg": 13.660316666666667, "review_time_days_median": 8.26245, "review_time_pending_days_avg": 196.70715000000001, "review_time_pending_days_median": 196.70715000000001, "submitted": 157}