{"abandoned": 12, "merged": 129, "new": 1, "pending": 1, "review_time_days_avg": 40.2305756097561, "review_time_days_median": 8.3884, "review_time_pending_days_avg": 30.462599999999998, "review_time_pending_days_median": 30.462599999999998, "submitted": 142}