{"abandoned": 43, "merged": 490, "new": 20, "pending": 20, "review_time_days_avg": 8.926303517587941, "review_time_days_median": 2.0951, "review_time_pending_days_avg": 144.52462777777777, "review_time_pending_days_median": 140.31545, "review_time_pending_update_days_avg": 99.936250000000001, "review_time_pending_update_days_median": 91.308250000000001, "submitted": 553}