{"abandoned": 11, "merged": 50, "new": 13, "pending": 13, "review_time_days_avg": 10.644491176470586, "review_time_days_median": 3.82495, "review_time_pending_days_avg": 152.0606153846154, "review_time_pending_days_median": 79.033199999999994, "review_time_pending_update_days_avg": 121.90073076923078, "review_time_pending_update_days_median": 74.565799999999996, "submitted": 74}