{"abandoned": 356, "merged": 3246, "new": 21, "pending": 21, "review_time_days_avg": 3.113670432868675, "review_time_days_median": 0.7875, "review_time_pending_days_avg": 22.490771428571424, "review_time_pending_days_median": 10.470800000000001, "review_time_pending_update_days_avg": 7.0555142857142839, "review_time_pending_update_days_median": 4.3019999999999996, "submitted": 3623}