{"abandoned": 14, "merged": 413, "new": 6, "pending": 6, "review_time_days_avg": 1.7799599999999998, "review_time_days_median": 0.25775000000000003, "review_time_pending_days_avg": 85.240899999999996, "review_time_pending_days_median": 52.508299999999998, "submitted": 433}