{"abandoned": 1, "merged": 145, "pending": 0, "review_time_days_avg": 259.41558000000003, "review_time_days_median": 308.85945000000004, "submitted": 147}