{"abandoned": 33, "merged": 448, "new": 15, "pending": 15, "review_time_days_avg": 4.319065972222223, "review_time_days_median": 1.38635, "review_time_pending_days_avg": 79.773773333333338, "review_time_pending_days_median": 87.066100000000006, "submitted": 496}