{"abandoned": 380, "merged": 4447, "new": 55, "pending": 55, "review_time_days_avg": 5.238984257488844, "review_time_days_median": 0.7572, "review_time_pending_days_avg": 48.494370370370376, "review_time_pending_days_median": 9.6610000000000014, "review_time_pending_update_days_avg": 23.202290740740754, "review_time_pending_update_days_median": 2.5983000000000001, "submitted": 4882}