{"abandoned": 7, "merged": 11, "new": 1, "pending": 1, "review_time_days_avg": 22.064533333333333, "review_time_days_median": 30.1796, "review_time_pending_days_avg": 21.883299999999998, "review_time_pending_days_median": 21.883299999999998, "review_time_pending_update_days_avg": 21.876300000000001, "review_time_pending_update_days_median": 21.876300000000001, "submitted": 19}