{"abandoned": 2, "merged": 17, "new": 2, "pending": 2, "review_time_days_avg": 11.710171428571428, "review_time_days_median": 5.3892, "review_time_pending_days_avg": 201.52160000000001, "review_time_pending_days_median": 201.52160000000001, "submitted": 21}