{"abandoned": 48, "merged": 290, "new": 11, "pending": 11, "review_time_days_avg": 4.730732653061223, "review_time_days_median": 0.685, "review_time_pending_days_avg": 57.609499999999997, "review_time_pending_days_median": 23.009499999999999, "submitted": 349}