{"abandoned": 9, "merged": 264, "new": 6, "pending": 6, "review_time_days_avg": 5.290658333333334, "review_time_days_median": 2.3208, "review_time_pending_days_avg": 56.267599999999995, "review_time_pending_days_median": 57.480400000000003, "submitted": 279}