{"abandoned": 5, "merged": 137, "new": 11, "pending": 11, "review_time_days_avg": 10.43269814814815, "review_time_days_median": 1.98765, "review_time_pending_days_avg": 162.17330909090904, "review_time_pending_days_median": 194.24119999999999, "review_time_pending_update_days_avg": 149.5088090909091, "review_time_pending_update_days_median": 180.09129999999999, "submitted": 153}