{"abandoned": 5, "merged": 81, "new": 13, "pending": 13, "review_time_days_avg": 21.671042857142854, "review_time_days_median": 16.5602, "review_time_pending_days_avg": 98.916992307692311, "review_time_pending_days_median": 99.708299999999994, "review_time_pending_update_days_avg": 93.583676923076908, "review_time_pending_update_days_median": 88.642499999999998, "submitted": 99}