{"abandoned": 5, "merged": 81, "new": 13, "pending": 13, "review_time_days_avg": 21.671042857142854, "review_time_days_median": 16.5602, "review_time_pending_days_avg": 93.981553846153844, "review_time_pending_days_median": 94.772900000000007, "review_time_pending_update_days_avg": 88.64823076923075, "review_time_pending_update_days_median": 83.706999999999994, "submitted": 99}