{"abandoned": 1, "merged": 6, "new": 1, "pending": 1, "review_time_days_avg": 5.1188666666666665, "review_time_days_median": 0.1262, "review_time_pending_days_avg": 24.620799999999999, "review_time_pending_days_median": 24.620799999999999, "submitted": 8}