{"abandoned": 2, "merged": 11, "new": 1, "pending": 1, "review_time_days_avg": 12.1225, "review_time_days_median": 12.1225, "review_time_pending_days_avg": 40.999000000000002, "review_time_pending_days_median": 40.999000000000002, "review_time_pending_update_days_avg": 39.213700000000003, "review_time_pending_update_days_median": 39.213700000000003, "submitted": 14}