{"abandoned": 45, "merged": 917, "new": 20, "pending": 20, "review_time_days_avg": 10.149102409638555, "review_time_days_median": 4.06705, "review_time_pending_days_avg": 139.63611666666665, "review_time_pending_days_median": 130.31184999999999, "submitted": 982}