{"abandoned": 27, "merged": 271, "new": 2, "pending": 2, "review_time_days_avg": 11.450705063291139, "review_time_days_median": 1.8874, "review_time_pending_days_avg": 24.167149999999999, "review_time_pending_days_median": 24.167149999999999, "review_time_pending_update_days_avg": 21.466899999999999, "review_time_pending_update_days_median": 21.466899999999999, "submitted": 300}