{"abandoned": 5, "merged": 138, "new": 12, "pending": 12, "review_time_days_avg": 10.243430909090911, "review_time_days_median": 1.8345, "review_time_pending_days_avg": 155.32554999999996, "review_time_pending_days_median": 197.90550000000002, "review_time_pending_update_days_avg": 142.39060833333332, "review_time_pending_update_days_median": 185.93304999999998, "submitted": 155}