{"abandoned": 36, "merged": 470, "new": 9, "pending": 9, "review_time_days_avg": 4.906619902912623, "review_time_days_median": 0.5243, "review_time_pending_days_avg": 93.982955555555549, "review_time_pending_days_median": 113.5844, "review_time_pending_update_days_avg": 70.907855555555571, "review_time_pending_update_days_median": 79.762100000000004, "submitted": 515}