{"abandoned": 86, "merged": 1546, "new": 9, "pending": 9, "review_time_days_avg": 4.636185125858121, "review_time_days_median": 0.3067, "review_time_pending_days_avg": 74.075344444444426, "review_time_pending_days_median": 46.506900000000002, "review_time_pending_update_days_avg": 31.200066666666672, "review_time_pending_update_days_median": 11.593400000000001, "submitted": 1641}