{"abandoned": 6, "merged": 111, "new": 1, "pending": 1, "review_time_days_avg": 12.77457083333333, "review_time_days_median": 0.6529, "review_time_pending_days_avg": 92.469700000000003, "review_time_pending_days_median": 92.469700000000003, "review_time_pending_update_days_avg": 18.504999999999999, "review_time_pending_update_days_median": 18.504999999999999, "submitted": 118}