{"abandoned": 87, "merged": 1555, "new": 9, "pending": 9, "review_time_days_avg": 4.634406741573031, "review_time_days_median": 0.3066, "review_time_pending_days_avg": 64.996711111111097, "review_time_pending_days_median": 37.339300000000001, "review_time_pending_update_days_avg": 19.331722222222222, "review_time_pending_update_days_median": 5.3280000000000003, "submitted": 1651}