{"abandoned": 59, "merged": 1244, "new": 9, "pending": 9, "review_time_days_avg": 3.170119170984452, "review_time_days_median": 0.91015, "review_time_pending_days_avg": 67.186511111111116, "review_time_pending_days_median": 32.777999999999999, "submitted": 1312}