{"abandoned": 40, "merged": 422, "new": 9, "pending": 9, "review_time_days_avg": 22.06057346938775, "review_time_days_median": 3.076, "review_time_pending_days_avg": 98.316814285714287, "review_time_pending_days_median": 84.274000000000001, "submitted": 471}