{"abandoned": 2, "merged": 20, "new": 3, "pending": 3, "review_time_days_avg": 21.343671428571422, "review_time_days_median": 0.1311, "review_time_pending_days_avg": 319.46749999999997, "review_time_pending_days_median": 319.46749999999997, "review_time_pending_update_days_avg": 206.32300000000001, "review_time_pending_update_days_median": 206.32300000000001, "submitted": 25}