{"abandoned": 30, "merged": 612, "new": 10, "pending": 10, "review_time_days_avg": 4.433829166666669, "review_time_days_median": 0.44015, "review_time_pending_days_avg": 76.916180000000011, "review_time_pending_days_median": 46.340949999999999, "review_time_pending_update_days_avg": 40.806629999999998, "review_time_pending_update_days_median": 19.084199999999999, "submitted": 652}