{"abandoned": 36, "merged": 471, "new": 8, "pending": 8, "review_time_days_avg": 4.893864734299519, "review_time_days_median": 0.5287, "review_time_pending_days_avg": 106.32965000000002, "review_time_pending_days_median": 120.51925, "review_time_pending_update_days_avg": 80.370162499999992, "review_time_pending_update_days_median": 80.778899999999993, "submitted": 515}