{"abandoned": 25, "merged": 201, "new": 2, "pending": 2, "review_time_days_avg": 8.940065517241377, "review_time_days_median": 1.7056, "review_time_pending_days_avg": 85.861000000000004, "review_time_pending_days_median": 85.861000000000004, "review_time_pending_update_days_avg": 85.009399999999999, "review_time_pending_update_days_median": 85.009399999999999, "submitted": 228}