{"abandoned": 17, "merged": 515, "new": 5, "pending": 5, "review_time_days_avg": 1.97811206225681, "review_time_days_median": 0.8229, "review_time_pending_days_avg": 8.2665000000000006, "review_time_pending_days_median": 7.5225999999999997, "submitted": 537}