{"abandoned": 62, "merged": 892, "new": 50, "pending": 50, "review_time_days_avg": 18.652284761904752, "review_time_days_median": 2.6743, "review_time_pending_days_avg": 160.00257096774197, "review_time_pending_days_median": 149.50319999999999, "submitted": 1004}