{"abandoned": 36, "merged": 468, "new": 11, "pending": 11, "review_time_days_avg": 4.694297073170733, "review_time_days_median": 0.5199, "review_time_pending_days_avg": 80.347536363636365, "review_time_pending_days_median": 78.544200000000004, "review_time_pending_update_days_avg": 61.734400000000001, "review_time_pending_update_days_median": 48.3399, "submitted": 515}