{"abandoned": 5, "merged": 134, "new": 11, "pending": 11, "review_time_days_avg": 9.52352380952381, "review_time_days_median": 4.0173, "review_time_pending_days_avg": 166.54059090909089, "review_time_pending_days_median": 183.36279999999999, "submitted": 150}