{"abandoned": 4, "merged": 526, "new": 3, "pending": 3, "review_time_days_avg": 18.018623529411766, "review_time_days_median": 1.8802500000000002, "review_time_pending_days_avg": 87.096466666666672, "review_time_pending_days_median": 68.052899999999994, "submitted": 533}