{"abandoned": 342, "merged": 3155, "new": 32, "pending": 32, "review_time_days_avg": 3.145499611801244, "review_time_days_median": 0.8140000000000001, "review_time_pending_days_avg": 19.673649999999999, "review_time_pending_days_median": 9.4916999999999998, "submitted": 3529}