{"abandoned": 40, "merged": 227, "new": 11, "pending": 11, "review_time_days_avg": 18.639277586206894, "review_time_days_median": 2.5198, "review_time_pending_days_avg": 83.157077777777758, "review_time_pending_days_median": 52.238799999999998, "submitted": 278}