{"abandoned": 840, "merged": 12506, "new": 137, "pending": 137, "review_time_days_avg": 6.683806730769231, "review_time_days_median": 0.34409999999999996, "review_time_pending_days_avg": 74.355421259842558, "review_time_pending_days_median": 38.954500000000003, "submitted": 13483}