{"abandoned": 211, "merged": 3752, "new": 37, "pending": 37, "review_time_days_avg": 6.874180238726795, "review_time_days_median": 1.77305, "review_time_pending_days_avg": 42.447133333333333, "review_time_pending_days_median": 14.758050000000001, "review_time_pending_update_days_avg": 26.585458333333342, "review_time_pending_update_days_median": 11.881550000000001, "submitted": 4000}