{"abandoned": 26, "merged": 322, "new": 17, "pending": 17, "review_time_days_avg": 4.3783536231884055, "review_time_days_median": 0.15875, "review_time_pending_days_avg": 77.055317647058828, "review_time_pending_days_median": 61.091299999999997, "review_time_pending_update_days_avg": 54.955635294117641, "review_time_pending_update_days_median": 34.257100000000001, "submitted": 365}