{"abandoned": 110, "merged": 656, "new": 9, "pending": 9, "review_time_days_avg": 2.9228221198156685, "review_time_days_median": 0.3506, "review_time_pending_days_avg": 68.054533333333353, "review_time_pending_days_median": 68.7667, "review_time_pending_update_days_avg": 30.386244444444444, "review_time_pending_update_days_median": 37.250999999999998, "submitted": 775}