{"abandoned": 8, "merged": 39, "new": 4, "pending": 4, "review_time_days_avg": 9.537525, "review_time_days_median": 2.4466, "review_time_pending_days_avg": 148.02340000000001, "review_time_pending_days_median": 148.02340000000001, "review_time_pending_update_days_avg": 137.49680000000001, "review_time_pending_update_days_median": 137.49680000000001, "submitted": 51}