{"abandoned": 8, "merged": 40, "new": 4, "pending": 4, "review_time_days_avg": 8.808653846153847, "review_time_days_median": 2.0318, "review_time_pending_days_avg": 154.07499999999999, "review_time_pending_days_median": 154.07499999999999, "review_time_pending_update_days_avg": 143.54839999999999, "review_time_pending_update_days_median": 143.54839999999999, "submitted": 52}