{"abandoned": 28, "merged": 397, "new": 12, "pending": 12, "review_time_days_avg": 4.826906249999998, "review_time_days_median": 0.7966500000000001, "review_time_pending_days_avg": 55.616849999999992, "review_time_pending_days_median": 8.6899999999999995, "review_time_pending_update_days_avg": 53.608483333333332, "review_time_pending_update_days_median": 5.2214, "submitted": 437}