{"abandoned": 4, "merged": 33, "new": 4, "pending": 4, "review_time_days_avg": 26.696266666666663, "review_time_days_median": 6.9784, "review_time_pending_days_avg": 118.81324999999998, "review_time_pending_days_median": 83.866599999999991, "submitted": 41}