{"abandoned": 13, "merged": 130, "new": 1, "pending": 1, "review_time_days_avg": 39.27281666666667, "review_time_days_median": 7.041300000000001, "review_time_pending_days_avg": 10.324299999999999, "review_time_pending_days_median": 10.324299999999999, "review_time_pending_update_days_avg": 0.31979999999999997, "review_time_pending_update_days_median": 0.31979999999999997, "submitted": 144}