{"abandoned": 13, "merged": 78, "new": 6, "pending": 6, "review_time_days_avg": 2.1693666666666664, "review_time_days_median": 0.3058, "review_time_pending_days_avg": 99.653600000000012, "review_time_pending_days_median": 69.281199999999998, "review_time_pending_update_days_avg": 69.986599999999996, "review_time_pending_update_days_median": 66.555700000000002, "submitted": 97}