{"abandoned": 32, "merged": 256, "new": 4, "pending": 4, "review_time_days_avg": 5.7401568627450965, "review_time_days_median": 0.71, "review_time_pending_days_avg": 86.196950000000001, "review_time_pending_days_median": 89.456099999999992, "review_time_pending_update_days_avg": 83.674025, "review_time_pending_update_days_median": 88.415199999999999, "submitted": 292}