{"abandoned": 1, "merged": 15, "new": 2, "pending": 2, "review_time_days_avg": 48.663128571428565, "review_time_days_median": 3.1805, "review_time_pending_days_avg": 249.72435000000002, "review_time_pending_days_median": 249.72435000000002, "review_time_pending_update_days_avg": 192.09834999999998, "review_time_pending_update_days_median": 192.09834999999998, "submitted": 18}