{"abandoned": 4, "merged": 145, "new": 2, "pending": 2, "review_time_days_avg": 8.504266666666666, "review_time_days_median": 2.88435, "review_time_pending_days_avg": 2.5625999999999998, "review_time_pending_days_median": 2.5625999999999998, "submitted": 151}