{"abandoned": 4, "merged": 163, "new": 4, "pending": 4, "review_time_days_avg": 26.696266666666663, "review_time_days_median": 6.9784, "review_time_pending_days_avg": 113.88142500000001, "review_time_pending_days_median": 78.934750000000008, "submitted": 171}