{"abandoned": 83, "merged": 1537, "new": 15, "pending": 15, "review_time_days_avg": 6.598583221476508, "review_time_days_median": 0.92275, "review_time_pending_days_avg": 64.039106666666669, "review_time_pending_days_median": 18.549700000000001, "submitted": 1635}