{"abandoned": 63, "merged": 983, "new": 6, "pending": 6, "review_time_days_avg": 2.281682028469749, "review_time_days_median": 0.17620000000000002, "review_time_pending_days_avg": 86.26551666666667, "review_time_pending_days_median": 35.397649999999999, "review_time_pending_update_days_avg": 20.214316666666665, "review_time_pending_update_days_median": 21.48105, "submitted": 1052}