{"abandoned": 3, "merged": 51, "new": 2, "pending": 2, "review_time_days_avg": 23.674841666666666, "review_time_days_median": 1.3883, "review_time_pending_days_avg": 81.408649999999994, "review_time_pending_days_median": 81.408649999999994, "submitted": 56}