{"abandoned": 1341, "merged": 10897, "new": 464, "pending": 464, "review_time_days_avg": 14.627802650015257, "review_time_days_median": 0.9223, "review_time_pending_days_avg": 113.69064153005472, "review_time_pending_days_median": 77.74485, "review_time_pending_update_days_avg": 64.271161748633943, "review_time_pending_update_days_median": 35.958600000000004, "submitted": 12702}