{"abandoned": 34, "merged": 453, "new": 14, "pending": 14, "review_time_days_avg": 3.1730141414141424, "review_time_days_median": 0.4971, "review_time_pending_days_avg": 91.720242857142878, "review_time_pending_days_median": 95.482349999999997, "submitted": 501}