{"abandoned": 34, "merged": 456, "new": 13, "pending": 13, "review_time_days_avg": 3.1684150753768856, "review_time_days_median": 0.5081, "review_time_pending_days_avg": 102.6115076923077, "review_time_pending_days_median": 99.513999999999996, "review_time_pending_update_days_avg": 66.238330769230771, "review_time_pending_update_days_median": 38.671300000000002, "submitted": 503}