{"abandoned": 25, "merged": 199, "new": 8, "pending": 8, "review_time_days_avg": 17.73255176470589, "review_time_days_median": 2.1456, "review_time_pending_days_avg": 155.37200000000001, "review_time_pending_days_median": 170.68729999999999, "review_time_pending_update_days_avg": 105.25260000000002, "review_time_pending_update_days_median": 137.86959999999999, "submitted": 232}