{"abandoned": 12, "merged": 342, "new": 9, "pending": 9, "review_time_days_avg": 12.791407228915665, "review_time_days_median": 1.2061, "review_time_pending_days_avg": 60.35167777777778, "review_time_pending_days_median": 48.331800000000001, "submitted": 363}