{"abandoned": 5, "merged": 37, "new": 3, "pending": 3, "review_time_days_avg": 6.759242857142857, "review_time_days_median": 0.9522999999999999, "review_time_pending_days_avg": 11.768033333333333, "review_time_pending_days_median": 10.247999999999999, "submitted": 45}