{"abandoned": 23, "merged": 334, "new": 3, "pending": 3, "review_time_days_avg": 1.692885185185185, "review_time_days_median": 0.7206, "review_time_pending_days_avg": 123.86456666666668, "review_time_pending_days_median": 56.227800000000002, "review_time_pending_update_days_avg": 108.9769, "review_time_pending_update_days_median": 53.674500000000002, "submitted": 360}