{"abandoned": 2, "merged": 24, "new": 3, "pending": 3, "review_time_days_avg": 70.65338181818183, "review_time_days_median": 30.9682, "review_time_pending_days_avg": 78.489100000000008, "review_time_pending_days_median": 78.489100000000008, "submitted": 29}