{"abandoned": 60, "merged": 488, "new": 19, "pending": 19, "review_time_days_avg": 32.77889999999999, "review_time_days_median": 10.6663, "review_time_pending_days_avg": 283.52148666666665, "review_time_pending_days_median": 308.55880000000002, "review_time_pending_update_days_avg": 256.27510666666666, "review_time_pending_update_days_median": 295.63220000000001, "submitted": 567}