{"abandoned": 11, "merged": 50, "new": 14, "pending": 14, "review_time_days_avg": 10.644491176470586, "review_time_days_median": 3.82495, "review_time_pending_days_avg": 149.64560714285713, "review_time_pending_days_median": 85.715800000000002, "review_time_pending_update_days_avg": 118.80857857142857, "review_time_pending_update_days_median": 78.847149999999999, "submitted": 75}