{"abandoned": 4, "merged": 90, "new": 2, "pending": 2, "review_time_days_avg": 1.5133999999999999, "review_time_days_median": 1.5133999999999999, "review_time_pending_days_avg": 5.3190499999999998, "review_time_pending_days_median": 5.3190499999999998, "submitted": 96}