{"abandoned": 25, "merged": 199, "new": 8, "pending": 8, "review_time_days_avg": 17.73255176470589, "review_time_days_median": 2.1456, "review_time_pending_days_avg": 162.31791428571429, "review_time_pending_days_median": 177.63319999999999, "review_time_pending_update_days_avg": 108.90522857142855, "review_time_pending_update_days_median": 144.81549999999999, "submitted": 232}