{"abandoned": 23, "merged": 434, "new": 3, "pending": 3, "review_time_days_avg": 2.252710526315789, "review_time_days_median": 0.9911, "review_time_pending_days_avg": 100.15820000000001, "review_time_pending_days_median": 32.521500000000003, "submitted": 460}