{"abandoned": 2, "merged": 13, "new": 1, "pending": 1, "review_time_days_avg": 75.512225, "review_time_days_median": 5.5927500000000006, "review_time_pending_days_avg": 9.5609000000000002, "review_time_pending_days_median": 9.5609000000000002, "review_time_pending_update_days_avg": 4.4343000000000004, "review_time_pending_update_days_median": 4.4343000000000004, "submitted": 16}