{"abandoned": 85, "merged": 2104, "new": 13, "pending": 13, "review_time_days_avg": 6.598583221476508, "review_time_days_median": 0.92275, "review_time_pending_days_avg": 70.351615384615386, "review_time_pending_days_median": 31.4849, "submitted": 2202}