{"abandoned": 5, "merged": 81, "new": 8, "pending": 8, "review_time_days_avg": 21.671042857142854, "review_time_days_median": 16.5602, "review_time_pending_days_avg": 145.51453749999999, "review_time_pending_days_median": 132.66674999999998, "submitted": 94}