{"abandoned": 836, "merged": 12429, "new": 141, "pending": 141, "review_time_days_avg": 10.42840580568721, "review_time_days_median": 1.78145, "review_time_pending_days_avg": 70.597701526717529, "review_time_pending_days_median": 33.807000000000002, "submitted": 13406}