{"abandoned": 26, "merged": 322, "new": 15, "pending": 15, "review_time_days_avg": 4.3783536231884055, "review_time_days_median": 0.15875, "review_time_pending_days_avg": 82.027659999999997, "review_time_pending_days_median": 68.246600000000001, "review_time_pending_update_days_avg": 57.591066666666663, "review_time_pending_update_days_median": 29.4316, "submitted": 363}