{"abandoned": 1, "merged": 35, "new": 3, "pending": 3, "review_time_days_avg": 53.03986666666667, "review_time_days_median": 3.9379, "review_time_pending_days_avg": 84.006500000000003, "review_time_pending_days_median": 84.006500000000003, "review_time_pending_update_days_avg": 49.646900000000002, "review_time_pending_update_days_median": 49.646900000000002, "submitted": 39}