{"abandoned": 4, "merged": 61, "new": 2, "pending": 2, "review_time_days_avg": 5.671077777777778, "review_time_days_median": 0.1107, "review_time_pending_days_avg": 4.7831999999999999, "review_time_pending_days_median": 4.7831999999999999, "submitted": 67}