{"abandoned": 22, "merged": 713, "new": 7, "pending": 7, "review_time_days_avg": 23.590953333333324, "review_time_days_median": 1.8401999999999998, "review_time_pending_days_avg": 95.1995, "review_time_pending_days_median": 89.794849999999997, "submitted": 742}