{"abandoned": 8, "merged": 132, "new": 10, "pending": 10, "review_time_days_avg": 19.395007894736835, "review_time_days_median": 2.01495, "review_time_pending_days_avg": 94.791500000000013, "review_time_pending_days_median": 66.599000000000004, "submitted": 150}