{"abandoned": 4, "merged": 77, "new": 1, "pending": 1, "review_time_days_avg": 11.774838095238094, "review_time_days_median": 1.66135, "review_time_pending_days_avg": 226.77070000000001, "review_time_pending_days_median": 226.77070000000001, "review_time_pending_update_days_avg": 160.43940000000001, "review_time_pending_update_days_median": 160.43940000000001, "submitted": 82}