{"abandoned": 11, "merged": 180, "new": 7, "pending": 7, "review_time_days_avg": 6.982540860215051, "review_time_days_median": 1.7909, "review_time_pending_days_avg": 19.355057142857142, "review_time_pending_days_median": 16.854399999999998, "review_time_pending_update_days_avg": 11.352328571428572, "review_time_pending_update_days_median": 4.5153999999999996, "submitted": 198}