{"abandoned": 3, "merged": 52, "new": 1, "pending": 1, "review_time_days_avg": 24.28827692307692, "review_time_days_median": 1.6461, "review_time_pending_days_avg": 151.58500000000001, "review_time_pending_days_median": 151.58500000000001, "review_time_pending_update_days_avg": 150.77690000000001, "review_time_pending_update_days_median": 150.77690000000001, "submitted": 56}