{"abandoned": 828, "merged": 12346, "new": 141, "pending": 141, "review_time_days_avg": 10.401380695443649, "review_time_days_median": 1.78145, "submitted": 13315}