{"abandoned": 4, "merged": 571, "new": 3, "pending": 3, "review_time_days_avg": 14.15932258064516, "review_time_days_median": 3.0711, "review_time_pending_days_avg": 84.34663333333333, "review_time_pending_days_median": 32.412799999999997, "submitted": 578}