{"abandoned": 12, "merged": 346, "new": 10, "pending": 10, "review_time_days_avg": 12.375928735632188, "review_time_days_median": 1.2061, "review_time_pending_days_avg": 73.25451000000001, "review_time_pending_days_median": 69.270399999999995, "review_time_pending_update_days_avg": 62.177409999999988, "review_time_pending_update_days_median": 67.72775, "submitted": 368}