{"abandoned": 68, "merged": 379, "new": 43, "pending": 43, "review_time_days_avg": 15.243354794520544, "review_time_days_median": 1.36415, "review_time_pending_days_avg": 196.06783846153846, "review_time_pending_days_median": 176.381, "review_time_pending_update_days_avg": 157.88812692307695, "review_time_pending_update_days_median": 161.65649999999999, "submitted": 490}