{"abandoned": 29, "merged": 605, "new": 10, "pending": 10, "review_time_days_avg": 4.553734285714288, "review_time_days_median": 0.45575, "review_time_pending_days_avg": 70.920880000000011, "review_time_pending_days_median": 40.345649999999999, "review_time_pending_update_days_avg": 34.811340000000008, "review_time_pending_update_days_median": 13.088899999999999, "submitted": 644}