{"abandoned": 9, "merged": 176, "new": 7, "pending": 7, "review_time_days_avg": 6.922603370786515, "review_time_days_median": 1.7909, "review_time_pending_days_avg": 8.2254285714285711, "review_time_pending_days_median": 2.7004000000000001, "review_time_pending_update_days_avg": 5.6573714285714285, "review_time_pending_update_days_median": 1.6684000000000001, "submitted": 192}