{"abandoned": 86, "merged": 1545, "new": 8, "pending": 8, "review_time_days_avg": 4.646811467889905, "review_time_days_median": 0.3092, "review_time_pending_days_avg": 81.250225, "review_time_pending_days_median": 75.392349999999993, "review_time_pending_update_days_avg": 33.019199999999998, "review_time_pending_update_days_median": 10.114799999999999, "submitted": 1639}