{"abandoned": 34, "merged": 456, "new": 13, "pending": 13, "review_time_days_avg": 3.1684150753768856, "review_time_days_median": 0.5081, "review_time_pending_days_avg": 99.415715384615396, "review_time_pending_days_median": 96.318200000000004, "submitted": 503}