{"abandoned": 1, "merged": 302, "new": 4, "pending": 4, "review_time_days_avg": 76.32167000000001, "review_time_days_median": 5.94345, "review_time_pending_days_avg": 42.308799999999998, "review_time_pending_days_median": 48.969900000000003, "submitted": 307}