{"abandoned": 204, "merged": 3422, "new": 35, "pending": 35, "review_time_days_avg": 4.149338981562769, "review_time_days_median": 0.9089, "review_time_pending_days_avg": 100.25346857142857, "review_time_pending_days_median": 84.2166, "submitted": 3661}