{"abandoned": 1317, "merged": 10771, "new": 472, "pending": 472, "review_time_days_avg": 14.67545882167613, "review_time_days_median": 0.9045, "review_time_pending_days_avg": 112.39756310160412, "review_time_pending_days_median": 75.292900000000003, "review_time_pending_update_days_avg": 61.276799999999987, "review_time_pending_update_days_median": 33.083550000000002, "submitted": 12560}