{"abandoned": 6, "merged": 39, "new": 1, "pending": 1, "review_time_days_avg": 7.5890666666666675, "review_time_days_median": 0.4781, "review_time_pending_days_avg": 95.240799999999993, "review_time_pending_days_median": 95.240799999999993, "review_time_pending_update_days_avg": 66.722300000000004, "review_time_pending_update_days_median": 66.722300000000004, "submitted": 46}