{"abandoned": 371, "merged": 4767, "pending": 43, "review_time_days_avg": 78.16161734, "review_time_days_median": 35.804050000000004, "submitted": 5181}