{"abandoned": 29, "merged": 601, "new": 11, "pending": 11, "review_time_days_avg": 4.553734285714288, "review_time_days_median": 0.45575, "review_time_pending_days_avg": 60.98334545454545, "review_time_pending_days_median": 31.282800000000002, "submitted": 641}