{"abandoned": 63, "merged": 980, "new": 8, "pending": 8, "review_time_days_avg": 2.2407871198568854, "review_time_days_median": 0.1755, "review_time_pending_days_avg": 64.656050000000008, "review_time_pending_days_median": 23.783200000000001, "submitted": 1051}