{"abandoned": 27, "merged": 706, "new": 3, "pending": 3, "review_time_days_avg": 14.450862711864406, "review_time_days_median": 2.5817, "review_time_pending_days_avg": 9.8570666666666664, "review_time_pending_days_median": 8.6457999999999995, "submitted": 736}