{"abandoned": 31, "merged": 713, "new": 6, "pending": 6, "review_time_days_avg": 5.030592857142856, "review_time_days_median": 1.8005, "review_time_pending_days_avg": 166.47192000000001, "review_time_pending_days_median": 205.70740000000001, "submitted": 750}