{"abandoned": 18, "merged": 246, "new": 5, "pending": 5, "review_time_days_avg": 3.368722727272727, "review_time_days_median": 0.45775, "review_time_pending_days_avg": 26.902680000000004, "review_time_pending_days_median": 36.308300000000003, "review_time_pending_update_days_avg": 5.8475400000000004, "review_time_pending_update_days_median": 3.6678000000000002, "submitted": 269}