{"abandoned": 29, "merged": 331, "new": 13, "pending": 13, "review_time_days_avg": 4.514707586206898, "review_time_days_median": 0.1692, "review_time_pending_days_avg": 101.47450000000001, "review_time_pending_days_median": 119.399, "review_time_pending_update_days_avg": 38.214807692307687, "review_time_pending_update_days_median": 38.057600000000001, "submitted": 373}