{"abandoned": 200, "merged": 3580, "pending": 33, "review_time_days_avg": 85.02143175355444, "review_time_days_median": 28.81225, "submitted": 3813}