{"abandoned": 5, "merged": 26, "new": 2, "pending": 2, "review_time_days_avg": 10.225200000000001, "review_time_days_median": 4.50145, "review_time_pending_days_avg": 211.85390000000001, "review_time_pending_days_median": 211.85390000000001, "review_time_pending_update_days_avg": 159.30995000000001, "review_time_pending_update_days_median": 159.30995000000001, "submitted": 33}