{"abandoned": 34, "merged": 456, "new": 14, "pending": 14, "review_time_days_avg": 3.1684150753768856, "review_time_days_median": 0.5081, "review_time_pending_days_avg": 99.066107142857135, "review_time_pending_days_median": 103.49539999999999, "review_time_pending_update_days_avg": 65.291007142857154, "review_time_pending_update_days_median": 42.049900000000001, "submitted": 504}