{"abandoned": 10, "merged": 91, "new": 2, "pending": 2, "review_time_days_avg": 3.962249367088607, "review_time_days_median": 0.8387, "review_time_pending_days_avg": 0.63419999999999999, "review_time_pending_days_median": 0.63419999999999999, "review_time_pending_update_days_avg": 0.62695000000000001, "review_time_pending_update_days_median": 0.62695000000000001, "submitted": 103}