{"abandoned": 20, "merged": 219, "new": 9, "pending": 9, "review_time_days_avg": 16.917007142857138, "review_time_days_median": 0.6789000000000001, "review_time_pending_days_avg": 80.02321666666667, "review_time_pending_days_median": 99.171099999999996, "review_time_pending_update_days_avg": 50.90891666666667, "review_time_pending_update_days_median": 59.598149999999997, "submitted": 248}