{"abandoned": 25, "merged": 473, "new": 3, "pending": 3, "review_time_days_avg": 10.767329166666668, "review_time_days_median": 3.0408, "review_time_pending_days_avg": 41.520133333333334, "review_time_pending_days_median": 16.462700000000002, "submitted": 501}