{"abandoned": 2, "merged": 19, "new": 4, "pending": 4, "review_time_days_avg": 23.242199999999997, "review_time_days_median": 0.10025, "review_time_pending_days_avg": 208.32046666666668, "review_time_pending_days_median": 309.25900000000001, "submitted": 25}