{"abandoned": 4, "merged": 40, "new": 1, "pending": 1, "review_time_days_avg": 20.798457142857142, "review_time_days_median": 5.0488, "review_time_pending_days_avg": 164.61410000000001, "review_time_pending_days_median": 164.61410000000001, "submitted": 45}