{"abandoned": 24, "merged": 649, "new": 1, "pending": 1, "review_time_days_avg": 2.947386538461537, "review_time_days_median": 0.7945, "review_time_pending_days_avg": 33.793799999999997, "review_time_pending_days_median": 33.793799999999997, "submitted": 674}