{"abandoned": 62, "merged": 878, "pending": 50, "review_time_days_avg": 155.5649571428571, "review_time_days_median": 123.43545, "submitted": 990}