{"abandoned": 209, "merged": 3069, "new": 37, "pending": 37, "review_time_days_avg": 3.0312597956730722, "review_time_days_median": 0.24025000000000002, "review_time_pending_days_avg": 99.478094594594623, "review_time_pending_days_median": 69.933000000000007, "review_time_pending_update_days_avg": 60.832467567567583, "review_time_pending_update_days_median": 25.7913, "submitted": 3315}