{"abandoned": 857, "merged": 12781, "new": 140, "pending": 140, "review_time_days_avg": 7.015792260692469, "review_time_days_median": 0.3691, "review_time_pending_days_avg": 69.490596153846198, "review_time_pending_days_median": 27.737349999999999, "review_time_pending_update_days_avg": 44.208948461538462, "review_time_pending_update_days_median": 13.112100000000002, "submitted": 13778}