{"abandoned": 25, "merged": 203, "new": 2, "pending": 2, "review_time_days_avg": 8.36512258064516, "review_time_days_median": 1.3763, "review_time_pending_days_avg": 87.888599999999997, "review_time_pending_days_median": 87.888599999999997, "review_time_pending_update_days_avg": 87.037000000000006, "review_time_pending_update_days_median": 87.037000000000006, "submitted": 230}