{"abandoned": 86, "merged": 950, "new": 34, "pending": 34, "review_time_days_avg": 3.4336068614993667, "review_time_days_median": 0.8415, "review_time_pending_days_avg": 35.601799999999983, "review_time_pending_days_median": 21.864899999999999, "review_time_pending_update_days_avg": 22.562738235294113, "review_time_pending_update_days_median": 5.3782999999999994, "submitted": 1070}