{"abandoned": 15, "merged": 544, "new": 2, "pending": 2, "review_time_days_avg": 10.78061395348837, "review_time_days_median": 3.3511, "review_time_pending_days_avg": 140.25570000000002, "review_time_pending_days_median": 140.25570000000002, "submitted": 561}