{"abandoned": 23, "merged": 329, "new": 3, "pending": 3, "review_time_days_avg": 2.252710526315789, "review_time_days_median": 0.9911, "review_time_pending_days_avg": 105.09006666666666, "review_time_pending_days_median": 37.453299999999999, "submitted": 355}