{"abandoned": 15, "merged": 235, "new": 7, "pending": 7, "review_time_days_avg": 7.737410810810812, "review_time_days_median": 0.6249, "review_time_pending_days_avg": 191.17099999999999, "review_time_pending_days_median": 233.74109999999999, "review_time_pending_update_days_avg": 139.87442000000001, "review_time_pending_update_days_median": 142.3742, "submitted": 257}