{"abandoned": 87, "merged": 1557, "new": 9, "pending": 9, "review_time_days_avg": 4.624357847533629, "review_time_days_median": 0.30545, "review_time_pending_days_avg": 67.064699999999988, "review_time_pending_days_median": 39.407299999999999, "review_time_pending_update_days_avg": 21.220377777777781, "review_time_pending_update_days_median": 7.3959000000000001, "submitted": 1653}