{"abandoned": 34, "merged": 273, "new": 7, "pending": 7, "review_time_days_avg": 4.702236904761902, "review_time_days_median": 0.3377, "review_time_pending_days_avg": 106.44873333333335, "review_time_pending_days_median": 64.795900000000003, "submitted": 314}