{"abandoned": 19, "merged": 248, "new": 8, "pending": 8, "review_time_days_avg": 3.2462630434782604, "review_time_days_median": 0.45775, "review_time_pending_days_avg": 22.292574999999999, "review_time_pending_days_median": 18.135400000000001, "review_time_pending_update_days_avg": 5.4343124999999999, "review_time_pending_update_days_median": 1.5369000000000002, "submitted": 275}