{"abandoned": 13, "merged": 78, "new": 6, "pending": 6, "review_time_days_avg": 2.1693666666666664, "review_time_days_median": 0.3058, "review_time_pending_days_avg": 92.711920000000006, "review_time_pending_days_median": 62.339599999999997, "review_time_pending_update_days_avg": 63.044940000000011, "review_time_pending_update_days_median": 59.614100000000001, "submitted": 97}