{"abandoned": 3, "merged": 25, "new": 5, "pending": 5, "review_time_days_avg": 0.9373166666666667, "review_time_days_median": 0.41835, "review_time_pending_days_avg": 61.227175000000003, "review_time_pending_days_median": 51.158250000000002, "review_time_pending_update_days_avg": 59.858674999999998, "review_time_pending_update_days_median": 51.151499999999999, "submitted": 33}