{"abandoned": 1295, "merged": 10659, "new": 483, "pending": 483, "review_time_days_avg": 14.707211924821786, "review_time_days_median": 0.89595, "review_time_pending_days_avg": 107.63288025974038, "review_time_pending_days_median": 70.481499999999997, "review_time_pending_update_days_avg": 58.869010649350649, "review_time_pending_update_days_median": 30.891300000000001, "submitted": 12437}