{"abandoned": 59, "merged": 1239, "new": 9, "pending": 9, "review_time_days_avg": 3.1644216145833295, "review_time_days_median": 0.91015, "review_time_pending_days_avg": 62.444155555555554, "review_time_pending_days_median": 28.035599999999999, "submitted": 1307}