{"abandoned": 11, "merged": 50, "new": 14, "pending": 14, "review_time_days_avg": 10.644491176470586, "review_time_days_median": 3.82495, "review_time_pending_days_avg": 153.68751428571426, "review_time_pending_days_median": 89.7577, "review_time_pending_update_days_avg": 122.85047857142857, "review_time_pending_update_days_median": 82.889049999999997, "submitted": 75}