{"abandoned": 48, "merged": 288, "new": 11, "pending": 11, "review_time_days_avg": 7.224521874999999, "review_time_days_median": 3.326, "review_time_pending_days_avg": 53.402788888888878, "review_time_pending_days_median": 18.802800000000001, "submitted": 347}