{"abandoned": 55, "merged": 716, "new": 22, "pending": 22, "review_time_days_avg": 10.487740476190474, "review_time_days_median": 1.3674, "review_time_pending_days_avg": 196.82446666666669, "review_time_pending_days_median": 282.25330000000002, "submitted": 793}