{"abandoned": 2, "merged": 26, "new": 4, "pending": 4, "review_time_days_avg": 52.282093333333336, "review_time_days_median": 6.9699, "review_time_pending_days_avg": 66.960566666666665, "review_time_pending_days_median": 73.357500000000002, "review_time_pending_update_days_avg": 65.438733333333332, "review_time_pending_update_days_median": 73.357100000000003, "submitted": 32}