{"abandoned": 31, "merged": 613, "new": 9, "pending": 9, "review_time_days_avg": 4.433829166666669, "review_time_days_median": 0.44015, "review_time_pending_days_avg": 83.850300000000004, "review_time_pending_days_median": 54.391599999999997, "review_time_pending_update_days_avg": 47.047722222222212, "review_time_pending_update_days_median": 27.329999999999998, "submitted": 653}