{"abandoned": 3, "merged": 52, "new": 1, "pending": 1, "review_time_days_avg": 24.28827692307692, "review_time_days_median": 1.6461, "review_time_pending_days_avg": 158.62719999999999, "review_time_pending_days_median": 158.62719999999999, "review_time_pending_update_days_avg": 157.81909999999999, "review_time_pending_update_days_median": 157.81909999999999, "submitted": 56}