{"abandoned": 375, "merged": 4840, "new": 52, "pending": 52, "review_time_days_avg": 7.093923996175909, "review_time_days_median": 2.12385, "review_time_pending_days_avg": 60.59782745098039, "review_time_pending_days_median": 28.630800000000001, "submitted": 5267}