{"abandoned": 0, "merged": 57, "new": 1, "pending": 1, "review_time_days_avg": 12.006977192982456, "review_time_days_median": 10.7847, "review_time_pending_days_avg": 6.9259000000000004, "review_time_pending_days_median": 6.9259000000000004, "review_time_pending_update_days_avg": 5.5922999999999998, "review_time_pending_update_days_median": 5.5922999999999998, "submitted": 58}