{"abandoned": 40, "merged": 227, "new": 9, "pending": 9, "review_time_days_avg": 18.639277586206894, "review_time_days_median": 2.5198, "review_time_pending_days_avg": 102.29669999999999, "review_time_pending_days_median": 88.253900000000002, "submitted": 276}