{"abandoned": 1, "merged": 35, "new": 2, "pending": 2, "review_time_days_avg": 1.3272090909090906, "review_time_days_median": 0.0493, "review_time_pending_days_avg": 152.94569999999999, "review_time_pending_days_median": 152.94569999999999, "submitted": 38}