{"abandoned": 27, "merged": 323, "new": 15, "pending": 15, "review_time_days_avg": 4.378402877697841, "review_time_days_median": 0.1615, "review_time_pending_days_avg": 86.435699999999983, "review_time_pending_days_median": 75.192499999999995, "review_time_pending_update_days_avg": 61.781993333333347, "review_time_pending_update_days_median": 36.212299999999999, "submitted": 365}