{"abandoned": 32, "merged": 255, "new": 5, "pending": 5, "review_time_days_avg": 5.7401568627450965, "review_time_days_median": 0.71, "review_time_pending_days_avg": 72.7333, "review_time_pending_days_median": 78.400499999999994, "review_time_pending_update_days_avg": 66.754140000000007, "review_time_pending_update_days_median": 77.468999999999994, "submitted": 292}