{"abandoned": 11, "merged": 181, "new": 6, "pending": 6, "review_time_days_avg": 7.094730851063828, "review_time_days_median": 1.9167, "review_time_pending_days_avg": 20.646283333333333, "review_time_pending_days_median": 17.279199999999999, "review_time_pending_update_days_avg": 13.974483333333332, "review_time_pending_update_days_median": 6.6912000000000003, "submitted": 198}