{"abandoned": 4, "merged": 29, "new": 6, "pending": 6, "review_time_days_avg": 7.529068421052631, "review_time_days_median": 2.519, "review_time_pending_days_avg": 28.006633333333337, "review_time_pending_days_median": 4.4969999999999999, "review_time_pending_update_days_avg": 3.6023666666666667, "review_time_pending_update_days_median": 4.3311999999999999, "submitted": 39}