{"abandoned": 0, "merged": 4, "pending": 0, "review_time_days_avg": 92.62622499999999, "review_time_days_median": 94.96600000000001, "submitted": 4}