{"abandoned": 19, "merged": 455, "new": 5, "pending": 5, "review_time_days_avg": 1.3190768292682926, "review_time_days_median": 0.133, "review_time_pending_days_avg": 9.6230799999999981, "review_time_pending_days_median": 5.2408999999999999, "review_time_pending_update_days_avg": 7.6756199999999994, "review_time_pending_update_days_median": 4.3128000000000002, "submitted": 479}