{"abandoned": 34, "merged": 247, "new": 5, "pending": 5, "review_time_days_avg": 6.1946577464788755, "review_time_days_median": 0.9155, "review_time_pending_days_avg": 81.227819999999994, "review_time_pending_days_median": 58.295499999999997, "review_time_pending_update_days_avg": 75.24776, "review_time_pending_update_days_median": 58.274500000000003, "submitted": 286}