{"abandoned": 68, "merged": 378, "new": 43, "pending": 43, "review_time_days_avg": 15.243354794520544, "review_time_days_median": 1.36415, "review_time_pending_days_avg": 190.00956153846158, "review_time_pending_days_median": 169.46889999999999, "review_time_pending_update_days_avg": 151.36034999999998, "review_time_pending_update_days_median": 154.74439999999998, "submitted": 489}