{"abandoned": 1, "merged": 15, "new": 2, "pending": 2, "review_time_days_avg": 48.663128571428565, "review_time_days_median": 3.1805, "review_time_pending_days_avg": 239.80219999999997, "review_time_pending_days_median": 239.80219999999997, "review_time_pending_update_days_avg": 182.17624999999998, "review_time_pending_update_days_median": 182.17624999999998, "submitted": 18}