{"abandoned": 32, "merged": 619, "new": 10, "pending": 10, "review_time_days_avg": 4.274930666666669, "review_time_days_median": 0.4255, "review_time_pending_days_avg": 78.292249999999996, "review_time_pending_days_median": 45.002049999999997, "review_time_pending_update_days_avg": 45.169749999999993, "review_time_pending_update_days_median": 25.028399999999998, "submitted": 661}