{"abandoned": 9, "merged": 104, "new": 7, "pending": 7, "review_time_days_avg": 18.058781818181817, "review_time_days_median": 2.6518, "review_time_pending_days_avg": 63.293542857142846, "review_time_pending_days_median": 65.8185, "review_time_pending_update_days_avg": 30.380257142857143, "review_time_pending_update_days_median": 27.392600000000002, "submitted": 120}