{"abandoned": 1287, "merged": 10613, "new": 482, "pending": 482, "review_time_days_avg": 14.829402787799284, "review_time_days_median": 0.8949, "review_time_pending_days_avg": 104.86418172323768, "review_time_pending_days_median": 68.409099999999995, "submitted": 12382}