{"abandoned": 5, "merged": 111, "new": 2, "pending": 2, "review_time_days_avg": 12.77457083333333, "review_time_days_median": 0.6529, "review_time_pending_days_avg": 141.65754999999999, "review_time_pending_days_median": 141.65754999999999, "review_time_pending_update_days_avg": 7.6064999999999996, "review_time_pending_update_days_median": 7.6064999999999996, "submitted": 118}