{"abandoned": 31, "merged": 231, "new": 9, "pending": 9, "review_time_days_avg": 5.945522916666669, "review_time_days_median": 1.7660999999999998, "review_time_pending_days_avg": 51.559449999999991, "review_time_pending_days_median": 29.246200000000002, "submitted": 271}