{"abandoned": 8, "merged": 132, "new": 10, "pending": 10, "review_time_days_avg": 9.335044303797467, "review_time_days_median": 0.0345, "review_time_pending_days_avg": 107.60618888888888, "review_time_pending_days_median": 79.413600000000002, "review_time_pending_update_days_avg": 89.75574444444446, "review_time_pending_update_days_median": 79.412700000000001, "submitted": 150}