{"abandoned": 6, "merged": 58, "new": 3, "pending": 3, "review_time_days_avg": 6.8559770833333324, "review_time_days_median": 1.0131, "review_time_pending_days_avg": 170.88149999999999, "review_time_pending_days_median": 223.87459999999999, "review_time_pending_update_days_avg": 118.07033333333334, "review_time_pending_update_days_median": 131.4787, "submitted": 67}