{"abandoned": 57, "merged": 336, "new": 25, "pending": 25, "review_time_days_avg": 4.841525252525252, "review_time_days_median": 0.0497, "review_time_pending_days_avg": 192.36744166666662, "review_time_pending_days_median": 237.69065000000001, "review_time_pending_update_days_avg": 169.17097916666668, "review_time_pending_update_days_median": 179.72665000000001, "submitted": 418}