{"abandoned": 213, "merged": 3084, "new": 35, "pending": 35, "review_time_days_avg": 3.019573879258811, "review_time_days_median": 0.2406, "review_time_pending_days_avg": 89.273914285714298, "review_time_pending_days_median": 51.625100000000003, "review_time_pending_update_days_avg": 51.76670285714286, "review_time_pending_update_days_median": 14.213900000000001, "submitted": 3332}