{"abandoned": 383, "merged": 4455, "new": 57, "pending": 57, "review_time_days_avg": 5.26506092757306, "review_time_days_median": 0.7551, "review_time_pending_days_avg": 42.914248214285735, "review_time_pending_days_median": 8.7333499999999997, "review_time_pending_update_days_avg": 19.686307142857142, "review_time_pending_update_days_median": 2.6295999999999999, "submitted": 4895}