{"abandoned": 1337, "merged": 10834, "new": 480, "pending": 480, "review_time_days_avg": 14.752859269576005, "review_time_days_median": 0.9115, "review_time_pending_days_avg": 109.02943219895296, "review_time_pending_days_median": 72.66395, "review_time_pending_update_days_avg": 61.73662251308901, "review_time_pending_update_days_median": 31.906350000000003, "submitted": 12651}