{"abandoned": 12, "merged": 36, "new": 1, "pending": 1, "review_time_days_avg": 0.2129777777777778, "review_time_days_median": 0.2574, "review_time_pending_days_avg": 78.078199999999995, "review_time_pending_days_median": 78.078199999999995, "review_time_pending_update_days_avg": 77.770200000000003, "review_time_pending_update_days_median": 77.770200000000003, "submitted": 49}