{"abandoned": 26, "merged": 323, "new": 16, "pending": 16, "review_time_days_avg": 4.378402877697841, "review_time_days_median": 0.1615, "review_time_pending_days_avg": 82.55055625, "review_time_pending_days_median": 68.111099999999993, "review_time_pending_update_days_avg": 59.243575000000007, "review_time_pending_update_days_median": 35.286450000000002, "submitted": 365}