{"abandoned": 337, "merged": 3593, "pending": 18, "review_time_days_avg": 115.0872385195338, "review_time_days_median": 58.79765, "submitted": 3948}