{"abandoned": 4, "merged": 77, "new": 2, "pending": 2, "review_time_days_avg": 11.774838095238094, "review_time_days_median": 1.66135, "review_time_pending_days_avg": 115.15599999999999, "review_time_pending_days_median": 115.15599999999999, "review_time_pending_update_days_avg": 81.415099999999995, "review_time_pending_update_days_median": 81.415099999999995, "submitted": 83}