{"abandoned": 25, "merged": 311, "new": 17, "pending": 17, "review_time_days_avg": 4.065661904761904, "review_time_days_median": 0.5172, "review_time_pending_days_avg": 79.52474117647057, "review_time_pending_days_median": 59.374499999999998, "submitted": 353}