{"abandoned": 4, "merged": 75, "new": 3, "pending": 3, "review_time_days_avg": 10.975107499999998, "review_time_days_median": 1.46435, "review_time_pending_days_avg": 93.372033333333334, "review_time_pending_days_median": 41.438200000000002, "review_time_pending_update_days_avg": 57.158266666666663, "review_time_pending_update_days_median": 12.399800000000001, "submitted": 82}