{"abandoned": 1271, "merged": 11114, "new": 465, "pending": 465, "review_time_days_avg": 19.870418177697196, "review_time_days_median": 2.8236, "review_time_pending_days_avg": 109.92712833333333, "review_time_pending_days_median": 80.583449999999999, "submitted": 12850}