{"abandoned": 340, "merged": 3659, "new": 25, "pending": 25, "review_time_days_avg": 4.26745750798722, "review_time_days_median": 1.8302, "review_time_pending_days_avg": 20.193471999999996, "review_time_pending_days_median": 3.2088999999999999, "submitted": 4024}