{"abandoned": 36, "merged": 471, "new": 9, "pending": 9, "review_time_days_avg": 4.893864734299519, "review_time_days_median": 0.5287, "review_time_pending_days_avg": 98.228322222222218, "review_time_pending_days_median": 118.4301, "review_time_pending_update_days_avg": 75.153199999999998, "review_time_pending_update_days_median": 84.607699999999994, "submitted": 516}