{"abandoned": 49, "merged": 148, "new": 11, "pending": 11, "review_time_days_avg": 4.730732653061223, "review_time_days_median": 0.685, "review_time_pending_days_avg": 58.39051111111111, "review_time_pending_days_median": 23.790500000000002, "submitted": 208}