{"abandoned": 10, "merged": 178, "new": 7, "pending": 7, "review_time_days_avg": 7.117105494505492, "review_time_days_median": 2.0425, "review_time_pending_days_avg": 13.328514285714288, "review_time_pending_days_median": 10.8278, "review_time_pending_update_days_avg": 9.0892285714285723, "review_time_pending_update_days_median": 1.8038000000000001, "submitted": 195}