{"abandoned": 31, "merged": 232, "new": 8, "pending": 8, "review_time_days_avg": 5.945522916666669, "review_time_days_median": 1.7660999999999998, "review_time_pending_days_avg": 60.682385714285708, "review_time_pending_days_median": 33.426000000000002, "submitted": 271}