{"abandoned": 1, "merged": 16, "new": 1, "pending": 1, "review_time_days_avg": 9.307242857142857, "review_time_days_median": 0.9293, "review_time_pending_days_avg": 70.156999999999996, "review_time_pending_days_median": 70.156999999999996, "review_time_pending_update_days_avg": 70.156999999999996, "review_time_pending_update_days_median": 70.156999999999996, "submitted": 18}