{"abandoned": 5, "merged": 172, "new": 9, "pending": 9, "review_time_days_avg": 35.23437142857143, "review_time_days_median": 17.0082, "review_time_pending_days_avg": 172.27860000000001, "review_time_pending_days_median": 173.77350000000001, "review_time_pending_update_days_avg": 133.45901666666666, "review_time_pending_update_days_median": 68.196100000000001, "submitted": 186}