{"abandoned": 9, "merged": 105, "new": 8, "pending": 8, "review_time_days_avg": 17.868611538461536, "review_time_days_median": 2.69825, "review_time_pending_days_avg": 63.243949999999991, "review_time_pending_days_median": 73.141750000000002, "review_time_pending_update_days_avg": 34.215474999999998, "review_time_pending_update_days_median": 33.477449999999997, "submitted": 122}