{"abandoned": 35, "merged": 460, "new": 12, "pending": 12, "review_time_days_avg": 3.981266666666668, "review_time_days_median": 0.5199, "review_time_pending_days_avg": 101.05152500000001, "review_time_pending_days_median": 107.42660000000001, "review_time_pending_update_days_avg": 73.37714166666666, "review_time_pending_update_days_median": 59.444500000000005, "submitted": 507}