{"abandoned": 349, "merged": 3194, "new": 17, "pending": 17, "review_time_days_avg": 3.1405059046177164, "review_time_days_median": 0.8278, "review_time_pending_days_avg": 25.568658823529411, "review_time_pending_days_median": 15.4703, "review_time_pending_update_days_avg": 8.2231294117647042, "review_time_pending_update_days_median": 2.4226000000000001, "submitted": 3560}