{"abandoned": 3, "merged": 20, "new": 1, "pending": 1, "review_time_days_avg": 0.5087333333333334, "review_time_days_median": 0.011550000000000001, "review_time_pending_days_avg": 21.278500000000001, "review_time_pending_days_median": 21.278500000000001, "review_time_pending_update_days_avg": 7.5204000000000004, "review_time_pending_update_days_median": 7.5204000000000004, "submitted": 24}