{"abandoned": 340, "merged": 3641, "new": 15, "pending": 15, "review_time_days_avg": 4.246591630434783, "review_time_days_median": 1.8258, "review_time_pending_days_avg": 31.342933333333338, "review_time_pending_days_median": 22.586300000000001, "submitted": 3996}