{"abandoned": 62, "merged": 610, "new": 31, "pending": 31, "review_time_days_avg": 4.437415902964962, "review_time_days_median": 1.0383, "review_time_pending_days_avg": 62.36062580645163, "review_time_pending_days_median": 22.226600000000001, "submitted": 703}