{"abandoned": 43, "merged": 490, "new": 20, "pending": 20, "review_time_days_avg": 10.63592634730539, "review_time_days_median": 4.0747, "review_time_pending_days_avg": 137.67450555555558, "review_time_pending_days_median": 133.46530000000001, "submitted": 553}