{"abandoned": 9, "merged": 397, "new": 3, "pending": 3, "review_time_days_avg": 8.863756521739129, "review_time_days_median": 4.0205, "review_time_pending_days_avg": 5.8035666666666659, "review_time_pending_days_median": 5.6318000000000001, "submitted": 409}