{"abandoned": 31, "merged": 714, "new": 6, "pending": 6, "review_time_days_avg": 4.404018749999999, "review_time_days_median": 1.3310499999999998, "review_time_pending_days_avg": 170.68356, "review_time_pending_days_median": 209.91900000000001, "submitted": 751}