{"abandoned": 20, "merged": 470, "new": 1, "pending": 1, "review_time_days_avg": 1.308090476190476, "review_time_days_median": 0.1311, "review_time_pending_days_avg": 47.502400000000002, "review_time_pending_days_median": 47.502400000000002, "review_time_pending_update_days_avg": 39.693899999999999, "review_time_pending_update_days_median": 39.693899999999999, "submitted": 491}