{"abandoned": 5, "merged": 95, "new": 5, "pending": 5, "review_time_days_avg": 2.8298625, "review_time_days_median": 0.66905, "review_time_pending_days_avg": 81.908274999999989, "review_time_pending_days_median": 87.992949999999993, "review_time_pending_update_days_avg": 59.320450000000008, "review_time_pending_update_days_median": 47.091799999999999, "submitted": 105}