{"abandoned": 198, "merged": 3384, "new": 37, "pending": 37, "review_time_days_avg": 4.188270143884887, "review_time_days_median": 0.90025, "submitted": 3619}