{"abandoned": 28, "merged": 397, "new": 12, "pending": 12, "review_time_days_avg": 4.826906249999998, "review_time_days_median": 0.7966500000000001, "review_time_pending_days_avg": 54.610091666666648, "review_time_pending_days_median": 7.6832499999999992, "review_time_pending_update_days_avg": 52.791599999999995, "review_time_pending_update_days_median": 4.2145999999999999, "submitted": 437}