{"abandoned": 43, "merged": 490, "new": 20, "pending": 20, "review_time_days_avg": 8.926303517587941, "review_time_days_median": 2.0951, "review_time_pending_days_avg": 137.90510555555554, "review_time_pending_days_median": 133.69589999999999, "submitted": 553}