{"abandoned": 142, "merged": 846, "new": 9, "pending": 9, "review_time_days_avg": 12.63650666666667, "review_time_days_median": 0.25855, "review_time_pending_days_avg": 210.78388571428573, "review_time_pending_days_median": 236.11269999999999, "review_time_pending_update_days_avg": 78.392085714285713, "review_time_pending_update_days_median": 88.653999999999996, "submitted": 997}