{"abandoned": 5, "merged": 528, "new": 2, "pending": 2, "review_time_days_avg": 17.528474285714285, "review_time_days_median": 1.5313, "review_time_pending_days_avg": 133.62470000000002, "review_time_pending_days_median": 133.62470000000002, "submitted": 535}