{"abandoned": 4, "merged": 62, "new": 1, "pending": 1, "review_time_days_avg": 6.113049999999999, "review_time_days_median": 1.02985, "review_time_pending_days_avg": 14.603899999999999, "review_time_pending_days_median": 14.603899999999999, "review_time_pending_update_days_avg": 4.5476999999999999, "review_time_pending_update_days_median": 4.5476999999999999, "submitted": 67}