{"abandoned": 142, "merged": 846, "new": 9, "pending": 9, "review_time_days_avg": 12.63650666666667, "review_time_days_median": 0.25855, "review_time_pending_days_avg": 212.73914285714287, "review_time_pending_days_median": 238.06800000000001, "review_time_pending_update_days_avg": 80.347328571428562, "review_time_pending_update_days_median": 90.609200000000001, "submitted": 997}