{"abandoned": 319, "merged": 3726, "new": 46, "pending": 46, "review_time_days_avg": 5.247199937616968, "review_time_days_median": 0.7572, "review_time_pending_days_avg": 52.749255555555564, "review_time_pending_days_median": 11.787699999999999, "review_time_pending_update_days_avg": 25.15108, "review_time_pending_update_days_median": 4.7407000000000004, "submitted": 4091}