{"abandoned": 22, "merged": 711, "new": 7, "pending": 7, "review_time_days_avg": 23.590953333333324, "review_time_days_median": 1.8401999999999998, "review_time_pending_days_avg": 93.191299999999998, "review_time_pending_days_median": 87.786650000000009, "submitted": 740}