{"abandoned": 1281, "merged": 11144, "new": 460, "pending": 460, "review_time_days_avg": 19.83988911870504, "review_time_days_median": 2.80465, "review_time_pending_days_avg": 107.73897396121893, "review_time_pending_days_median": 78.194299999999998, "submitted": 12885}