{"abandoned": 12, "merged": 36, "new": 1, "pending": 1, "review_time_days_avg": 0.2129777777777778, "review_time_days_median": 0.2574, "review_time_pending_days_avg": 94.673599999999993, "review_time_pending_days_median": 94.673599999999993, "review_time_pending_update_days_avg": 94.365600000000001, "review_time_pending_update_days_median": 94.365600000000001, "submitted": 49}