{"abandoned": 9, "merged": 104, "new": 7, "pending": 7, "review_time_days_avg": 18.058781818181817, "review_time_days_median": 2.6518, "review_time_pending_days_avg": 64.240328571428577, "review_time_pending_days_median": 66.765299999999996, "review_time_pending_update_days_avg": 30.976585714285722, "review_time_pending_update_days_median": 28.339300000000001, "submitted": 120}