{"abandoned": 209, "merged": 3712, "new": 39, "pending": 39, "review_time_days_avg": 8.621340715502555, "review_time_days_median": 3.0475, "review_time_pending_days_avg": 37.235818421052628, "review_time_pending_days_median": 13.92665, "submitted": 3960}