{"abandoned": 4, "merged": 75, "new": 3, "pending": 3, "review_time_days_avg": 14.15932258064516, "review_time_days_median": 3.0711, "review_time_pending_days_avg": 85.505233333333351, "review_time_pending_days_median": 33.571399999999997, "submitted": 82}