{"abandoned": 110, "merged": 658, "new": 9, "pending": 9, "review_time_days_avg": 2.9147260273972604, "review_time_days_median": 0.364, "review_time_pending_days_avg": 77.758133333333333, "review_time_pending_days_median": 80.908900000000003, "review_time_pending_update_days_avg": 39.364544444444448, "review_time_pending_update_days_median": 49.3932, "submitted": 777}