{"abandoned": 5, "merged": 174, "new": 9, "pending": 9, "review_time_days_avg": 35.23437142857143, "review_time_days_median": 17.0082, "review_time_pending_days_avg": 178.48329999999999, "review_time_pending_days_median": 179.97820000000002, "review_time_pending_update_days_avg": 139.66373333333334, "review_time_pending_update_days_median": 74.400800000000004, "submitted": 188}