{"abandoned": 12, "merged": 365, "pending": 0, "review_time_days_avg": 188.98728731884052, "review_time_days_median": 216.35225, "submitted": 377}