{"abandoned": 2, "merged": 23, "new": 1, "pending": 1, "review_time_days_avg": 31.291566666666668, "review_time_days_median": 0.8632, "review_time_pending_days_avg": 317.66489999999999, "review_time_pending_days_median": 317.66489999999999, "review_time_pending_update_days_avg": 197.60169999999999, "review_time_pending_update_days_median": 197.60169999999999, "submitted": 26}