{"abandoned": 34, "merged": 245, "new": 5, "pending": 5, "review_time_days_avg": 6.37353623188406, "review_time_days_median": 0.9426, "review_time_pending_days_avg": 74.157419999999988, "review_time_pending_days_median": 51.225099999999998, "review_time_pending_update_days_avg": 68.177359999999993, "review_time_pending_update_days_median": 51.204099999999997, "submitted": 284}