{"abandoned": 12, "merged": 36, "new": 1, "pending": 1, "review_time_days_avg": 0.2129777777777778, "review_time_days_median": 0.2574, "review_time_pending_days_avg": 97.702100000000002, "review_time_pending_days_median": 97.702100000000002, "review_time_pending_update_days_avg": 97.394099999999995, "review_time_pending_update_days_median": 97.394099999999995, "submitted": 49}