{"abandoned": 10, "merged": 91, "new": 3, "pending": 3, "review_time_days_avg": 3.962249367088607, "review_time_days_median": 0.8387, "review_time_pending_days_avg": 1.4451000000000001, "review_time_pending_days_median": 1.6318999999999999, "review_time_pending_update_days_avg": 1.4094999999999998, "review_time_pending_update_days_median": 1.6278999999999999, "submitted": 104}