{"abandoned": 83, "merged": 1538, "new": 16, "pending": 16, "review_time_days_avg": 4.594971561771558, "review_time_days_median": 0.3066, "review_time_pending_days_avg": 60.645812499999998, "review_time_pending_days_median": 19.133499999999998, "submitted": 1637}