{"abandoned": 10, "merged": 178, "new": 7, "pending": 7, "review_time_days_avg": 7.117105494505492, "review_time_days_median": 2.0425, "review_time_pending_days_avg": 14.312257142857144, "review_time_pending_days_median": 11.8116, "review_time_pending_update_days_avg": 10.072928571428571, "review_time_pending_update_days_median": 2.7875000000000001, "submitted": 195}