{"abandoned": 33, "merged": 238, "new": 10, "pending": 10, "review_time_days_avg": 4.8696920634920655, "review_time_days_median": 0.9155, "review_time_pending_days_avg": 49.007588888888883, "review_time_pending_days_median": 41.323599999999999, "review_time_pending_update_days_avg": 46.230122222222228, "review_time_pending_update_days_median": 41.32, "submitted": 281}