{"abandoned": 64, "merged": 893, "new": 48, "pending": 48, "review_time_days_avg": 18.652284761904752, "review_time_days_median": 2.6743, "review_time_pending_days_avg": 160.75549354838708, "review_time_pending_days_median": 150.2561, "submitted": 1005}