{"abandoned": 1, "merged": 15, "new": 2, "pending": 2, "review_time_days_avg": 48.663128571428565, "review_time_days_median": 3.1805, "review_time_pending_days_avg": 254.76920000000001, "review_time_pending_days_median": 254.76920000000001, "review_time_pending_update_days_avg": 197.14325000000002, "review_time_pending_update_days_median": 197.14325000000002, "submitted": 18}