{"abandoned": 57, "merged": 333, "new": 23, "pending": 23, "review_time_days_avg": 5.044142105263157, "review_time_days_median": 0.0666, "review_time_pending_days_avg": 201.35205454545448, "review_time_pending_days_median": 295.78134999999997, "review_time_pending_update_days_avg": 176.0693136363636, "review_time_pending_update_days_median": 191.80180000000001, "submitted": 413}