{"abandoned": 5, "merged": 25, "new": 2, "pending": 2, "review_time_days_avg": 11.358566666666668, "review_time_days_median": 6.439, "review_time_pending_days_avg": 191.83124999999998, "review_time_pending_days_median": 191.83124999999998, "submitted": 32}