{"abandoned": 9, "merged": 74, "new": 10, "pending": 10, "review_time_days_avg": 5.4590493150684924, "review_time_days_median": 0.7899, "review_time_pending_days_avg": 67.943609999999993, "review_time_pending_days_median": 45.845349999999996, "review_time_pending_update_days_avg": 47.474199999999996, "review_time_pending_update_days_median": 24.068350000000002, "submitted": 93}