{"abandoned": 2, "merged": 16, "new": 1, "pending": 1, "review_time_days_avg": 21.0531, "review_time_days_median": 21.0531, "review_time_pending_days_avg": 0.59309999999999996, "review_time_pending_days_median": 0.59309999999999996, "review_time_pending_update_days_avg": 0.59309999999999996, "review_time_pending_update_days_median": 0.59309999999999996, "submitted": 19}