{"abandoned": 59, "merged": 989, "pending": 21, "review_time_days_avg": 144.47196126, "review_time_days_median": 145.29295000000002, "submitted": 1069}