{"abandoned": 860, "merged": 12799, "new": 140, "pending": 140, "review_time_days_avg": 6.984537609723166, "review_time_days_median": 0.3691, "review_time_pending_days_avg": 67.948278461538479, "review_time_pending_days_median": 25.417450000000002, "review_time_pending_update_days_avg": 43.395180769230777, "review_time_pending_update_days_median": 11.644300000000001, "submitted": 13799}