{"abandoned": 110, "merged": 651, "new": 9, "pending": 9, "review_time_days_avg": 2.8368586854460096, "review_time_days_median": 0.3467, "review_time_pending_days_avg": 63.817377777777779, "review_time_pending_days_median": 60.718499999999999, "submitted": 770}