{"abandoned": 3, "merged": 20, "new": 1, "pending": 1, "review_time_days_avg": 0.5087333333333334, "review_time_days_median": 0.011550000000000001, "review_time_pending_days_avg": 26.296800000000001, "review_time_pending_days_median": 26.296800000000001, "review_time_pending_update_days_avg": 12.5387, "review_time_pending_update_days_median": 12.5387, "submitted": 24}