{"abandoned": 11, "merged": 50, "new": 13, "pending": 13, "review_time_days_avg": 10.644491176470586, "review_time_days_median": 3.82495, "review_time_pending_days_avg": 156.99606153846153, "review_time_pending_days_median": 83.968599999999995, "review_time_pending_update_days_avg": 126.83616153846154, "review_time_pending_update_days_median": 79.501300000000001, "submitted": 74}