{"abandoned": 40, "merged": 230, "new": 12, "pending": 12, "review_time_days_avg": 17.794550819672132, "review_time_days_median": 2.2272, "review_time_pending_days_avg": 88.526559999999989, "review_time_pending_days_median": 64.255949999999999, "review_time_pending_update_days_avg": 62.067340000000002, "review_time_pending_update_days_median": 23.998650000000001, "submitted": 282}