{"abandoned": 8, "merged": 132, "new": 10, "pending": 10, "review_time_days_avg": 9.335044303797467, "review_time_days_median": 0.0345, "review_time_pending_days_avg": 103.63293333333333, "review_time_pending_days_median": 75.440399999999997, "review_time_pending_update_days_avg": 85.782522222222212, "review_time_pending_update_days_median": 75.439499999999995, "submitted": 150}