{"abandoned": 49, "merged": 155, "new": 10, "pending": 10, "review_time_days_avg": 5.136972549019606, "review_time_days_median": 0.685, "review_time_pending_days_avg": 73.796925000000002, "review_time_pending_days_median": 34.835099999999997, "review_time_pending_update_days_avg": 36.705625000000005, "review_time_pending_update_days_median": 12.97185, "submitted": 214}