{"abandoned": 5, "merged": 81, "new": 13, "pending": 13, "review_time_days_avg": 21.671042857142854, "review_time_days_median": 16.5602, "review_time_pending_days_avg": 102.89693076923075, "review_time_pending_days_median": 103.6883, "review_time_pending_update_days_avg": 97.563623076923079, "review_time_pending_update_days_median": 92.622399999999999, "submitted": 99}