{"abandoned": 208, "merged": 3700, "new": 32, "pending": 32, "review_time_days_avg": 8.626231228668942, "review_time_days_median": 3.0426, "review_time_pending_days_avg": 49.400951612903228, "review_time_pending_days_median": 17.389399999999998, "submitted": 3940}