{"abandoned": 59, "merged": 1238, "new": 10, "pending": 10, "review_time_days_avg": 3.1644216145833295, "review_time_days_median": 0.91015, "submitted": 1307}