{"abandoned": 28, "merged": 327, "new": 16, "pending": 16, "review_time_days_avg": 4.440290140845071, "review_time_days_median": 0.15875, "review_time_pending_days_avg": 84.363162500000016, "review_time_pending_days_median": 74.315799999999996, "review_time_pending_update_days_avg": 60.921543749999991, "review_time_pending_update_days_median": 38.327150000000003, "submitted": 371}