{"abandoned": 378, "merged": 4415, "new": 50, "pending": 50, "review_time_days_avg": 5.2494813350615654, "review_time_days_median": 0.759, "review_time_pending_days_avg": 54.453728571428591, "review_time_pending_days_median": 19.795100000000001, "review_time_pending_update_days_avg": 26.199908163265306, "review_time_pending_update_days_median": 5.2180999999999997, "submitted": 4843}