{"abandoned": 3, "merged": 228, "new": 1, "pending": 1, "review_time_days_avg": 37.549420000000005, "review_time_days_median": 0.9041, "review_time_pending_days_avg": 299.92360000000002, "review_time_pending_days_median": 299.92360000000002, "submitted": 232}