{"abandoned": 836, "merged": 12427, "new": 141, "pending": 141, "review_time_days_avg": 10.42840580568721, "review_time_days_median": 1.78145, "review_time_pending_days_avg": 69.597887786259562, "review_time_pending_days_median": 32.807200000000002, "submitted": 13404}