{"abandoned": 2, "merged": 83, "pending": 0, "review_time_days_avg": 2.5355499999999997, "review_time_days_median": 2.5355499999999997, "submitted": 85}