{"abandoned": 372, "merged": 4351, "new": 46, "pending": 46, "review_time_days_avg": 5.1429250675675675, "review_time_days_median": 0.7663500000000001, "review_time_pending_days_avg": 71.213319999999996, "review_time_pending_days_median": 37.348700000000001, "submitted": 4769}