{"abandoned": 8, "merged": 32, "new": 7, "pending": 7, "review_time_days_avg": 6.36849375, "review_time_days_median": 0.56165, "review_time_pending_days_avg": 51.814324999999997, "review_time_pending_days_median": 46.832999999999998, "review_time_pending_update_days_avg": 48.918499999999995, "review_time_pending_update_days_median": 42.869149999999998, "submitted": 47}