{"abandoned": 2, "merged": 17, "new": 2, "pending": 2, "review_time_days_avg": 13.660316666666667, "review_time_days_median": 8.26245, "review_time_pending_days_avg": 201.48354999999998, "review_time_pending_days_median": 201.48354999999998, "submitted": 21}