{"abandoned": 4, "merged": 78, "new": 1, "pending": 1, "review_time_days_avg": 11.592853488372093, "review_time_days_median": 1.685, "review_time_pending_days_avg": 232.71449999999999, "review_time_pending_days_median": 232.71449999999999, "review_time_pending_update_days_avg": 166.38329999999999, "review_time_pending_update_days_median": 166.38329999999999, "submitted": 83}