{"abandoned": 60, "merged": 998, "new": 21, "pending": 21, "review_time_days_avg": 32.20032545454545, "review_time_days_median": 10.1583, "review_time_pending_days_avg": 255.54285000000004, "review_time_pending_days_median": 286.96535, "submitted": 1079}