{"abandoned": 24, "merged": 656, "new": 2, "pending": 2, "review_time_days_avg": 2.947386538461537, "review_time_days_median": 0.7945, "review_time_pending_days_avg": 18.950399999999998, "review_time_pending_days_median": 18.950399999999998, "submitted": 682}