{"abandoned": 56, "merged": 323, "new": 23, "pending": 23, "review_time_days_avg": 10.819737209302325, "review_time_days_median": 1.4257, "review_time_pending_days_avg": 192.05370909090914, "review_time_pending_days_median": 285.90710000000001, "submitted": 402}