{"abandoned": 14, "merged": 236, "new": 6, "pending": 6, "review_time_days_avg": 3.7343407407407407, "review_time_days_median": 0.8884, "review_time_pending_days_avg": 20.909783333333333, "review_time_pending_days_median": 20.515799999999999, "submitted": 256}