{"abandoned": 202, "merged": 2997, "new": 33, "pending": 33, "review_time_days_avg": 4.156304133685131, "review_time_days_median": 0.9091, "review_time_pending_days_avg": 106.47128181818178, "review_time_pending_days_median": 91.895600000000002, "submitted": 3232}