{"abandoned": 6, "merged": 56, "new": 7, "pending": 7, "review_time_days_avg": 13.138724000000002, "review_time_days_median": 5.9316, "review_time_pending_days_avg": 214.24146666666664, "review_time_pending_days_median": 295.6884, "review_time_pending_update_days_avg": 103.43830000000001, "review_time_pending_update_days_median": 96.372200000000007, "submitted": 69}