{"abandoned": 1, "merged": 15, "new": 2, "pending": 2, "review_time_days_avg": 48.663128571428565, "review_time_days_median": 3.1805, "review_time_pending_days_avg": 246.74385000000001, "review_time_pending_days_median": 246.74385000000001, "review_time_pending_update_days_avg": 189.11784999999998, "review_time_pending_update_days_median": 189.11784999999998, "submitted": 18}