{"abandoned": 40, "merged": 422, "new": 9, "pending": 9, "review_time_days_avg": 22.06057346938775, "review_time_days_median": 3.076, "review_time_pending_days_avg": 100.34238571428571, "review_time_pending_days_median": 86.299599999999998, "submitted": 471}