{"abandoned": 25, "merged": 201, "new": 2, "pending": 2, "review_time_days_avg": 8.940065517241377, "review_time_days_median": 1.7056, "review_time_pending_days_avg": 78.844449999999995, "review_time_pending_days_median": 78.844449999999995, "review_time_pending_update_days_avg": 77.992850000000004, "review_time_pending_update_days_median": 77.992850000000004, "submitted": 228}