{"abandoned": 2, "merged": 13, "new": 1, "pending": 1, "review_time_days_avg": 75.512225, "review_time_days_median": 5.5927500000000006, "review_time_pending_days_avg": 11.555199999999999, "review_time_pending_days_median": 11.555199999999999, "review_time_pending_update_days_avg": 6.4286000000000003, "review_time_pending_update_days_median": 6.4286000000000003, "submitted": 16}