{"abandoned": 110, "merged": 658, "new": 7, "pending": 7, "review_time_days_avg": 2.9147260273972604, "review_time_days_median": 0.364, "review_time_pending_days_avg": 92.004914285714293, "review_time_pending_days_median": 89.003699999999995, "review_time_pending_update_days_avg": 43.851042857142865, "review_time_pending_update_days_median": 47.785899999999998, "submitted": 775}