{"abandoned": 110, "merged": 651, "new": 8, "pending": 8, "review_time_days_avg": 4.1055285714285725, "review_time_days_median": 1.2949, "review_time_pending_days_avg": 70.811499999999995, "review_time_pending_days_median": 67.548500000000004, "submitted": 769}