{"abandoned": 2, "merged": 144, "new": 3, "pending": 3, "review_time_days_avg": 70.65338181818183, "review_time_days_median": 30.9682, "review_time_pending_days_avg": 76.306600000000003, "review_time_pending_days_median": 76.306600000000003, "submitted": 149}