{"abandoned": 31, "merged": 251, "new": 7, "pending": 7, "review_time_days_avg": 5.814831999999998, "review_time_days_median": 0.6845, "review_time_pending_days_avg": 49.797928571428585, "review_time_pending_days_median": 17.042100000000001, "submitted": 289}