{"abandoned": 13, "merged": 167, "new": 14, "pending": 14, "review_time_days_avg": 10.186578494623657, "review_time_days_median": 1.3901, "review_time_pending_days_avg": 105.06205714285716, "review_time_pending_days_median": 120.1992, "review_time_pending_update_days_avg": 59.102057142857134, "review_time_pending_update_days_median": 56.840699999999998, "submitted": 194}