{"abandoned": 2, "merged": 12, "new": 2, "pending": 2, "review_time_days_avg": 81.7788857142857, "review_time_days_median": 0.2468, "review_time_pending_days_avg": 13.904299999999999, "review_time_pending_days_median": 13.904299999999999, "submitted": 16}