{"abandoned": 14, "merged": 479, "pending": 6, "review_time_days_avg": 2.104807196969696, "review_time_days_median": 0.8382000000000001, "submitted": 499}