{"abandoned": 5, "merged": 81, "new": 13, "pending": 13, "review_time_days_avg": 21.671042857142854, "review_time_days_median": 16.5602, "review_time_pending_days_avg": 100.92319999999998, "review_time_pending_days_median": 101.7145, "review_time_pending_update_days_avg": 95.589876923076943, "review_time_pending_update_days_median": 90.648700000000005, "submitted": 99}