{"abandoned": 6, "merged": 56, "new": 7, "pending": 7, "review_time_days_avg": 13.138724000000002, "review_time_days_median": 5.9316, "review_time_pending_days_avg": 209.30176666666662, "review_time_pending_days_median": 290.74869999999999, "review_time_pending_update_days_avg": 98.498666666666665, "review_time_pending_update_days_median": 91.432500000000005, "submitted": 69}