{"abandoned": 1332, "merged": 10818, "new": 491, "pending": 491, "review_time_days_avg": 14.745489368977328, "review_time_days_median": 0.9047, "review_time_pending_days_avg": 105.57027862595419, "review_time_pending_days_median": 70.458600000000004, "review_time_pending_update_days_avg": 59.327982697201001, "review_time_pending_update_days_median": 25.5946, "submitted": 12641}