{"abandoned": 23, "merged": 331, "new": 3, "pending": 3, "review_time_days_avg": 1.692885185185185, "review_time_days_median": 0.7206, "review_time_pending_days_avg": 118.93780000000002, "review_time_pending_days_median": 51.301099999999998, "review_time_pending_update_days_avg": 104.05016666666667, "review_time_pending_update_days_median": 48.747799999999998, "submitted": 357}