{"abandoned": 4, "merged": 571, "new": 3, "pending": 3, "review_time_days_avg": 14.15932258064516, "review_time_days_median": 3.0711, "review_time_pending_days_avg": 80.854133333333337, "review_time_pending_days_median": 28.920300000000001, "submitted": 578}