{"abandoned": 40, "merged": 231, "new": 11, "pending": 11, "review_time_days_avg": 17.679198387096775, "review_time_days_median": 2.5198, "review_time_pending_days_avg": 99.313577777777766, "review_time_pending_days_median": 70.202600000000004, "review_time_pending_update_days_avg": 70.466311111111111, "review_time_pending_update_days_median": 36.345199999999998, "submitted": 282}