{"abandoned": 25, "merged": 199, "new": 8, "pending": 8, "review_time_days_avg": 17.73255176470589, "review_time_days_median": 2.1456, "review_time_pending_days_avg": 159.34528571428569, "review_time_pending_days_median": 174.66059999999999, "review_time_pending_update_days_avg": 105.93258571428571, "review_time_pending_update_days_median": 141.84289999999999, "submitted": 232}