{"abandoned": 63, "merged": 989, "new": 12, "pending": 12, "review_time_days_avg": 2.2644411971830976, "review_time_days_median": 0.17695, "review_time_pending_days_avg": 47.083183333333331, "review_time_pending_days_median": 7.4449999999999994, "review_time_pending_update_days_avg": 13.723075, "review_time_pending_update_days_median": 5.2030999999999992, "submitted": 1064}