{"abandoned": 28, "merged": 327, "new": 14, "pending": 14, "review_time_days_avg": 4.440290140845071, "review_time_days_median": 0.15875, "review_time_pending_days_avg": 95.056614285714275, "review_time_pending_days_median": 97.266850000000005, "review_time_pending_update_days_avg": 68.314928571428581, "review_time_pending_update_days_median": 40.273150000000001, "submitted": 369}