{"abandoned": 7, "merged": 206, "new": 1, "pending": 1, "review_time_days_avg": 1.66085, "review_time_days_median": 1.0423499999999999, "review_time_pending_days_avg": 94.473200000000006, "review_time_pending_days_median": 94.473200000000006, "submitted": 214}