{"abandoned": 3, "merged": 35, "new": 4, "pending": 4, "review_time_days_avg": 2.7594666666666665, "review_time_days_median": 0.13185, "review_time_pending_days_avg": 50.853425000000009, "review_time_pending_days_median": 34.591300000000004, "review_time_pending_update_days_avg": 35.654175000000009, "review_time_pending_update_days_median": 4.2473000000000001, "submitted": 42}