{"abandoned": 6, "merged": 61, "new": 3, "pending": 3, "review_time_days_avg": 11.248806249999996, "review_time_days_median": 2.25155, "review_time_pending_days_avg": 30.247633333333336, "review_time_pending_days_median": 8.4730000000000008, "review_time_pending_update_days_avg": 27.387366666666669, "review_time_pending_update_days_median": 7.9175000000000004, "submitted": 70}