{"abandoned": 3, "merged": 105, "new": 2, "pending": 2, "review_time_days_avg": 1.936375, "review_time_days_median": 1.9366999999999999, "review_time_pending_days_avg": 28.031700000000001, "review_time_pending_days_median": 28.031700000000001, "review_time_pending_update_days_avg": 27.892699999999998, "review_time_pending_update_days_median": 27.892699999999998, "submitted": 110}