{"abandoned": 375, "merged": 4849, "new": 48, "pending": 48, "review_time_days_avg": 7.109900856327308, "review_time_days_median": 2.1213, "review_time_pending_days_avg": 65.676663829787245, "review_time_pending_days_median": 31.329899999999999, "submitted": 5272}