{"abandoned": 4, "merged": 557, "pending": 3, "review_time_days_avg": 153.40398355263153, "review_time_days_median": 150.57819999999998, "submitted": 564}