{"abandoned": 13, "merged": 168, "new": 14, "pending": 14, "review_time_days_avg": 10.07844255319149, "review_time_days_median": 1.3559999999999999, "review_time_pending_days_avg": 107.08966428571428, "review_time_pending_days_median": 122.2268, "review_time_pending_update_days_avg": 61.129664285714284, "review_time_pending_update_days_median": 58.86835, "submitted": 195}