{"abandoned": 22, "merged": 709, "new": 7, "pending": 7, "review_time_days_avg": 23.590953333333324, "review_time_days_median": 1.8401999999999998, "review_time_pending_days_avg": 90.753399999999999, "review_time_pending_days_median": 85.348749999999995, "submitted": 738}