{"abandoned": 2, "merged": 27, "new": 4, "pending": 4, "review_time_days_avg": 49.0431875, "review_time_days_median": 5.0723, "review_time_pending_days_avg": 75.014766666666659, "review_time_pending_days_median": 81.411699999999996, "review_time_pending_update_days_avg": 73.492900000000006, "review_time_pending_update_days_median": 81.411199999999994, "submitted": 33}