{"abandoned": 855, "merged": 12763, "new": 132, "pending": 132, "review_time_days_avg": 7.048166734972683, "review_time_days_median": 0.37395, "review_time_pending_days_avg": 73.129795081967245, "review_time_pending_days_median": 31.437100000000001, "review_time_pending_update_days_avg": 46.308986065573734, "review_time_pending_update_days_median": 15.154250000000001, "submitted": 13750}