{"abandoned": 83, "merged": 1537, "new": 15, "pending": 15, "review_time_days_avg": 6.619352861952859, "review_time_days_median": 0.9243, "review_time_pending_days_avg": 64.069906666666668, "review_time_pending_days_median": 18.580500000000001, "submitted": 1635}