{"abandoned": 1, "merged": 61, "new": 1, "pending": 1, "review_time_days_avg": 48.666650000000004, "review_time_days_median": 48.666650000000004, "review_time_pending_days_avg": 16.427800000000001, "review_time_pending_days_median": 16.427800000000001, "submitted": 63}