{"abandoned": 376, "merged": 4397, "new": 44, "pending": 44, "review_time_days_avg": 5.254367650918633, "review_time_days_median": 0.7624500000000001, "review_time_pending_days_avg": 59.045476744186026, "review_time_pending_days_median": 27.9148, "review_time_pending_update_days_avg": 30.581755813953492, "review_time_pending_update_days_median": 3.6837, "submitted": 4817}