{"abandoned": 12, "merged": 75, "new": 9, "pending": 9, "review_time_days_avg": 13.140518750000004, "review_time_days_median": 5.26265, "review_time_pending_days_avg": 123.87627777777779, "review_time_pending_days_median": 106.4109, "review_time_pending_update_days_avg": 62.633522222222219, "review_time_pending_update_days_median": 47.024099999999997, "submitted": 96}