{"abandoned": 6, "merged": 112, "new": 1, "pending": 1, "review_time_days_avg": 12.51515102040816, "review_time_days_median": 0.6031, "review_time_pending_days_avg": 97.514499999999998, "review_time_pending_days_median": 97.514499999999998, "review_time_pending_update_days_avg": 23.549800000000001, "review_time_pending_update_days_median": 23.549800000000001, "submitted": 119}