{"abandoned": 33, "merged": 238, "new": 7, "pending": 7, "review_time_days_avg": 4.8696920634920655, "review_time_days_median": 0.9155, "review_time_pending_days_avg": 72.078716666666665, "review_time_pending_days_median": 40.2761, "review_time_pending_update_days_avg": 67.915499999999994, "review_time_pending_update_days_median": 40.272750000000002, "submitted": 278}