{"abandoned": 5, "merged": 162, "new": 9, "pending": 9, "review_time_days_avg": 35.23437142857143, "review_time_days_median": 17.0082, "review_time_pending_days_avg": 159.29806666666667, "review_time_pending_days_median": 160.79295000000002, "submitted": 176}