{"abandoned": 34, "merged": 456, "new": 13, "pending": 13, "review_time_days_avg": 3.1684150753768856, "review_time_days_median": 0.5081, "review_time_pending_days_avg": 104.63350769230769, "review_time_pending_days_median": 101.536, "review_time_pending_update_days_avg": 68.260346153846157, "review_time_pending_update_days_median": 40.693300000000001, "submitted": 503}