{"abandoned": 33, "merged": 258, "new": 2, "pending": 2, "review_time_days_avg": 5.8038780645161285, "review_time_days_median": 0.71, "review_time_pending_days_avg": 127.12010000000001, "review_time_pending_days_median": 127.12010000000001, "review_time_pending_update_days_avg": 122.84564999999999, "review_time_pending_update_days_median": 122.84564999999999, "submitted": 293}