{"abandoned": 9, "merged": 173, "new": 2, "pending": 2, "review_time_days_avg": 3.0441610778443122, "review_time_days_median": 0.7814, "review_time_pending_days_avg": 0.89139999999999997, "review_time_pending_days_median": 0.89139999999999997, "review_time_pending_update_days_avg": 0.50249999999999995, "review_time_pending_update_days_median": 0.50249999999999995, "submitted": 184}