{"abandoned": 20, "merged": 218, "new": 9, "pending": 9, "review_time_days_avg": 16.981421599999994, "review_time_days_median": 0.6739, "review_time_pending_days_avg": 73.520800000000008, "review_time_pending_days_median": 91.002199999999988, "review_time_pending_update_days_avg": 45.102899999999998, "review_time_pending_update_days_median": 51.429250000000003, "submitted": 247}