{"abandoned": 1, "merged": 12, "new": 2, "pending": 2, "review_time_days_avg": 18.10145, "review_time_days_median": 18.10145, "review_time_pending_days_avg": 121.86199999999999, "review_time_pending_days_median": 121.86199999999999, "review_time_pending_update_days_avg": 115.41659999999999, "review_time_pending_update_days_median": 115.41659999999999, "submitted": 15}