{"abandoned": 2, "merged": 15, "new": 1, "pending": 1, "review_time_days_avg": 6.372075000000001, "review_time_days_median": 7.44935, "review_time_pending_days_avg": 74.643600000000006, "review_time_pending_days_median": 74.643600000000006, "review_time_pending_update_days_avg": 73.858900000000006, "review_time_pending_update_days_median": 73.858900000000006, "submitted": 18}