{"abandoned": 49, "merged": 158, "new": 10, "pending": 10, "review_time_days_avg": 6.261909259259259, "review_time_days_median": 0.8285, "review_time_pending_days_avg": 71.977400000000003, "review_time_pending_days_median": 41.756100000000004, "review_time_pending_update_days_avg": 39.939562499999994, "review_time_pending_update_days_median": 19.891550000000002, "submitted": 217}