{"abandoned": 209, "merged": 3714, "new": 37, "pending": 37, "review_time_days_avg": 6.895552774018947, "review_time_days_median": 1.7778, "review_time_pending_days_avg": 39.54573333333331, "review_time_pending_days_median": 14.099250000000001, "submitted": 3960}