{"abandoned": 20, "merged": 218, "new": 9, "pending": 9, "review_time_days_avg": 16.981421599999994, "review_time_days_median": 0.6739, "review_time_pending_days_avg": 77.491200000000006, "review_time_pending_days_median": 94.9726, "review_time_pending_update_days_avg": 48.929833333333335, "review_time_pending_update_days_median": 55.399650000000001, "submitted": 247}