{"abandoned": 23, "merged": 336, "new": 5, "pending": 5, "review_time_days_avg": 1.5782482758620688, "review_time_days_median": 0.2955, "review_time_pending_days_avg": 79.410060000000001, "review_time_pending_days_median": 41.517699999999998, "review_time_pending_update_days_avg": 69.385760000000005, "review_time_pending_update_days_median": 41.517299999999999, "submitted": 364}