{"abandoned": 1, "merged": 54, "pending": 0, "review_time_days_avg": 0.6947583333333335, "review_time_days_median": 0.15705000000000002, "submitted": 55}