{"abandoned": 17, "merged": 512, "new": 4, "pending": 4, "review_time_days_avg": 1.9845988281250007, "review_time_days_median": 0.8284499999999999, "review_time_pending_days_avg": 9.4811749999999986, "review_time_pending_days_median": 6.8028499999999994, "submitted": 533}