{"abandoned": 836, "merged": 12430, "new": 140, "pending": 140, "review_time_days_avg": 10.42840580568721, "review_time_days_median": 1.78145, "review_time_pending_days_avg": 72.319241538461569, "review_time_pending_days_median": 35.554600000000001, "submitted": 13406}