{"abandoned": 1, "merged": 35, "new": 1, "pending": 1, "review_time_days_avg": 5.256885714285715, "review_time_days_median": 1.01075, "review_time_pending_days_avg": 112.76730000000001, "review_time_pending_days_median": 112.76730000000001, "submitted": 37}