{"abandoned": 1239, "merged": 10894, "pending": 484, "review_time_days_avg": 131.47762587264054, "review_time_days_median": 114.85485, "submitted": 12617}