{"abandoned": 1, "merged": 35, "new": 1, "pending": 1, "review_time_days_avg": 2.2350393939393935, "review_time_days_median": 0.0209, "review_time_pending_days_avg": 142.22900000000001, "review_time_pending_days_median": 142.22900000000001, "review_time_pending_update_days_avg": 73.370099999999994, "review_time_pending_update_days_median": 73.370099999999994, "submitted": 37}