{"abandoned": 5, "merged": 162, "new": 9, "pending": 9, "review_time_days_avg": 35.23437142857143, "review_time_days_median": 17.0082, "review_time_pending_days_avg": 169.33750000000001, "review_time_pending_days_median": 170.83240000000001, "review_time_pending_update_days_avg": 130.51791666666665, "review_time_pending_update_days_median": 65.254999999999995, "submitted": 176}