{"abandoned": 31, "merged": 251, "new": 8, "pending": 8, "review_time_days_avg": 5.814831999999998, "review_time_days_median": 0.6845, "review_time_pending_days_avg": 43.716137500000002, "review_time_pending_days_median": 15.484500000000001, "submitted": 290}