{"abandoned": 215, "merged": 3119, "new": 30, "pending": 30, "review_time_days_avg": 3.087421680376024, "review_time_days_median": 0.2375, "review_time_pending_days_avg": 98.976523333333304, "review_time_pending_days_median": 61.004049999999999, "review_time_pending_update_days_avg": 57.092463333333335, "review_time_pending_update_days_median": 25.196950000000001, "submitted": 3364}