{"abandoned": 6, "merged": 111, "new": 1, "pending": 1, "review_time_days_avg": 12.77457083333333, "review_time_days_median": 0.6529, "review_time_pending_days_avg": 91.462900000000005, "review_time_pending_days_median": 91.462900000000005, "review_time_pending_update_days_avg": 17.498200000000001, "review_time_pending_update_days_median": 17.498200000000001, "submitted": 118}