{"abandoned": 49, "merged": 155, "new": 10, "pending": 10, "review_time_days_avg": 5.136972549019606, "review_time_days_median": 0.685, "review_time_pending_days_avg": 74.773825000000002, "review_time_pending_days_median": 35.811999999999998, "review_time_pending_update_days_avg": 37.682525000000005, "review_time_pending_update_days_median": 13.94875, "submitted": 214}