{"abandoned": 26, "merged": 322, "new": 16, "pending": 16, "review_time_days_avg": 4.3783536231884055, "review_time_days_median": 0.15875, "review_time_pending_days_avg": 78.862781249999998, "review_time_pending_days_median": 64.179850000000002, "review_time_pending_update_days_avg": 55.556206250000002, "review_time_pending_update_days_median": 31.355249999999998, "submitted": 364}