{"abandoned": 61, "merged": 998, "new": 20, "pending": 20, "review_time_days_avg": 32.20032545454545, "review_time_days_median": 10.1583, "review_time_pending_days_avg": 259.19131249999998, "review_time_pending_days_median": 290.61384999999996, "submitted": 1079}