{"abandoned": 4, "merged": 34, "new": 4, "pending": 4, "review_time_days_avg": 11.482642857142858, "review_time_days_median": 0.0842, "review_time_pending_days_avg": 144.65822500000002, "review_time_pending_days_median": 109.71155, "review_time_pending_update_days_avg": 70.627375000000001, "review_time_pending_update_days_median": 34.686799999999998, "submitted": 42}