{"abandoned": 60, "merged": 488, "new": 19, "pending": 19, "review_time_days_avg": 32.20032545454545, "review_time_days_median": 10.1583, "review_time_pending_days_avg": 266.72073333333327, "review_time_pending_days_median": 291.75810000000001, "submitted": 567}