{"abandoned": 62, "merged": 878, "pending": 49, "review_time_days_avg": 152.80960910596013, "review_time_days_median": 134.56955, "submitted": 989}