{"abandoned": 12, "merged": 75, "pending": 0, "review_time_days_avg": 212.941946875, "review_time_days_median": 176.07580000000002, "submitted": 87}