{"abandoned": 12, "merged": 345, "new": 10, "pending": 10, "review_time_days_avg": 12.464354651162795, "review_time_days_median": 1.1571500000000001, "review_time_pending_days_avg": 69.186240000000012, "review_time_pending_days_median": 64.424750000000003, "review_time_pending_update_days_avg": 58.109230000000004, "review_time_pending_update_days_median": 62.882100000000001, "submitted": 367}