{"abandoned": 28, "merged": 576, "new": 11, "pending": 11, "review_time_days_avg": 6.249454000000002, "review_time_days_median": 0.82195, "review_time_pending_days_avg": 64.635845454545475, "review_time_pending_days_median": 33.656799999999997, "submitted": 615}