{"abandoned": 2, "merged": 26, "new": 5, "pending": 5, "review_time_days_avg": 52.282093333333336, "review_time_days_median": 6.9699, "review_time_pending_days_avg": 55.600025000000002, "review_time_pending_days_median": 47.860099999999996, "review_time_pending_update_days_avg": 54.458600000000004, "review_time_pending_update_days_median": 45.580149999999996, "submitted": 33}