{"abandoned": 373, "merged": 4376, "new": 47, "pending": 47, "review_time_days_avg": 5.131624252491693, "review_time_days_median": 0.759, "review_time_pending_days_avg": 71.391821739130449, "review_time_pending_days_median": 38.749899999999997, "review_time_pending_update_days_avg": 37.105189130434788, "review_time_pending_update_days_median": 6.4883500000000005, "submitted": 4796}