{"abandoned": 9, "merged": 270, "new": 4, "pending": 4, "review_time_days_avg": 10.436663636363637, "review_time_days_median": 2.8614, "review_time_pending_days_avg": 129.05950000000001, "review_time_pending_days_median": 129.05950000000001, "submitted": 283}