{"abandoned": 23, "merged": 254, "new": 6, "pending": 6, "review_time_days_avg": 4.997107843137254, "review_time_days_median": 0.468, "review_time_pending_days_avg": 13.664100000000003, "review_time_pending_days_median": 7.9403500000000005, "review_time_pending_update_days_avg": 3.5875666666666675, "review_time_pending_update_days_median": 2.1641499999999998, "submitted": 283}