{"abandoned": 9, "merged": 136, "new": 9, "pending": 9, "review_time_days_avg": 8.993973170731705, "review_time_days_median": 0.02815, "review_time_pending_days_avg": 128.00740000000002, "review_time_pending_days_median": 103.89655, "review_time_pending_update_days_avg": 103.77080000000001, "review_time_pending_update_days_median": 103.89574999999999, "submitted": 154}