{"abandoned": 2, "merged": 25, "new": 1, "pending": 1, "review_time_days_avg": 13.301425000000002, "review_time_days_median": 11.01465, "review_time_pending_days_avg": 67.201899999999995, "review_time_pending_days_median": 67.201899999999995, "submitted": 28}