{"abandoned": 14, "merged": 227, "new": 3, "pending": 3, "review_time_days_avg": 7.239973437499998, "review_time_days_median": 0.7098, "review_time_pending_days_avg": 97.806366666666648, "review_time_pending_days_median": 25.198899999999998, "submitted": 244}