{"abandoned": 5, "merged": 138, "new": 12, "pending": 12, "review_time_days_avg": 10.243430909090911, "review_time_days_median": 1.8345, "review_time_pending_days_avg": 157.31606666666667, "review_time_pending_days_median": 199.89600000000002, "review_time_pending_update_days_avg": 144.38111666666666, "review_time_pending_update_days_median": 187.92354999999998, "submitted": 155}