{"abandoned": 13, "merged": 78, "new": 6, "pending": 6, "review_time_days_avg": 2.1693666666666664, "review_time_days_median": 0.3058, "review_time_pending_days_avg": 102.63410000000002, "review_time_pending_days_median": 72.261700000000005, "review_time_pending_update_days_avg": 72.967100000000002, "review_time_pending_update_days_median": 69.536199999999994, "submitted": 97}