{"abandoned": 3, "merged": 17, "new": 1, "pending": 1, "review_time_days_avg": 4.3450999999999995, "review_time_days_median": 0.9293, "review_time_pending_days_avg": 0.83709999999999996, "review_time_pending_days_median": 0.83709999999999996, "review_time_pending_update_days_avg": 0.83699999999999997, "review_time_pending_update_days_median": 0.83699999999999997, "submitted": 21}