{"abandoned": 31, "merged": 253, "new": 6, "pending": 6, "review_time_days_avg": 5.777835526315788, "review_time_days_median": 0.72715, "review_time_pending_days_avg": 58.393483333333336, "review_time_pending_days_median": 45.713300000000004, "submitted": 290}