{"abandoned": 0, "merged": 37, "pending": 0, "review_time_days_avg": 295.3683333333333, "review_time_days_median": 322.88964999999996, "submitted": 37}