{"abandoned": 22, "merged": 707, "new": 7, "pending": 7, "review_time_days_avg": 23.590953333333324, "review_time_days_median": 1.8401999999999998, "review_time_pending_days_avg": 89.869850000000014, "review_time_pending_days_median": 84.46520000000001, "submitted": 736}