{"abandoned": 24, "merged": 673, "new": 2, "pending": 2, "review_time_days_avg": 1.8107516853932581, "review_time_days_median": 0.1241, "review_time_pending_days_avg": 38.938800000000001, "review_time_pending_days_median": 38.938800000000001, "review_time_pending_update_days_avg": 30.126799999999999, "review_time_pending_update_days_median": 30.126799999999999, "submitted": 699}