{"abandoned": 20, "merged": 215, "new": 7, "pending": 7, "review_time_days_avg": 17.25723333333333, "review_time_days_median": 0.6839, "review_time_pending_days_avg": 98.239200000000011, "review_time_pending_days_median": 92.834550000000007, "submitted": 242}