{"abandoned": 20, "merged": 461, "new": 1, "pending": 1, "review_time_days_avg": 1.32966286407767, "review_time_days_median": 0.13395, "review_time_pending_days_avg": 42.656700000000001, "review_time_pending_days_median": 42.656700000000001, "review_time_pending_update_days_avg": 34.848300000000002, "review_time_pending_update_days_median": 34.848300000000002, "submitted": 482}