{"abandoned": 2, "merged": 10, "new": 6, "pending": 6, "review_time_days_avg": 3.202925, "review_time_days_median": 1.35135, "review_time_pending_days_avg": 16.307000000000002, "review_time_pending_days_median": 6.3018999999999998, "review_time_pending_update_days_avg": 13.717150000000004, "review_time_pending_update_days_median": 2.8686500000000001, "submitted": 18}