{"abandoned": 15, "merged": 228, "new": 6, "pending": 6, "review_time_days_avg": 9.488733333333334, "review_time_days_median": 1.6479, "review_time_pending_days_avg": 229.98700000000002, "review_time_pending_days_median": 243.80459999999999, "review_time_pending_update_days_avg": 166.15834999999998, "review_time_pending_update_days_median": 135.61500000000001, "submitted": 249}