{"abandoned": 12, "merged": 446, "new": 9, "pending": 9, "review_time_days_avg": 14.016493333333337, "review_time_days_median": 7.2355, "review_time_pending_days_avg": 116.85183333333332, "review_time_pending_days_median": 99.386499999999998, "submitted": 467}