{"abandoned": 26, "merged": 365, "new": 8, "pending": 8, "review_time_days_avg": 4.986101886792451, "review_time_days_median": 0.2987, "review_time_pending_days_avg": 69.85499999999999, "review_time_pending_days_median": 53.681750000000001, "submitted": 399}