{"abandoned": 4, "merged": 525, "new": 2, "pending": 2, "review_time_days_avg": 18.018623529411766, "review_time_days_median": 1.8802500000000002, "review_time_pending_days_avg": 130.03104999999999, "review_time_pending_days_median": 130.03104999999999, "submitted": 531}