{"abandoned": 12, "merged": 342, "new": 9, "pending": 9, "review_time_days_avg": 12.374297560975613, "review_time_days_median": 1.1571500000000001, "review_time_pending_days_avg": 59.13847777777778, "review_time_pending_days_median": 47.118600000000001, "submitted": 363}