{"abandoned": 63, "merged": 1002, "new": 12, "pending": 12, "review_time_days_avg": 2.3086685025817544, "review_time_days_median": 0.1836, "review_time_pending_days_avg": 53.295708333333344, "review_time_pending_days_median": 12.437899999999999, "review_time_pending_update_days_avg": 16.217891666666663, "review_time_pending_update_days_median": 9.9050499999999992, "submitted": 1077}