{"abandoned": 63, "merged": 984, "new": 10, "pending": 10, "review_time_days_avg": 2.277841740674954, "review_time_days_median": 0.1761, "review_time_pending_days_avg": 53.371369999999999, "review_time_pending_days_median": 7.7806000000000006, "review_time_pending_update_days_avg": 13.694179999999999, "review_time_pending_update_days_median": 5.4136500000000005, "submitted": 1057}