{"abandoned": 55, "merged": 716, "new": 22, "pending": 22, "review_time_days_avg": 10.819737209302325, "review_time_days_median": 1.4257, "review_time_pending_days_avg": 196.80842857142861, "review_time_pending_days_median": 282.23719999999997, "submitted": 793}