{"abandoned": 15, "merged": 225, "new": 6, "pending": 6, "review_time_days_avg": 10.130810714285715, "review_time_days_median": 2.15735, "review_time_pending_days_avg": 225.04730000000001, "review_time_pending_days_median": 238.86490000000001, "review_time_pending_update_days_avg": 161.21870000000001, "review_time_pending_update_days_median": 130.67534999999998, "submitted": 246}