{"abandoned": 5, "merged": 134, "new": 11, "pending": 11, "review_time_days_avg": 7.844482352941177, "review_time_days_median": 2.1408, "review_time_pending_days_avg": 166.57863636363638, "review_time_pending_days_median": 183.40090000000001, "submitted": 150}