{"abandoned": 11, "merged": 182, "new": 5, "pending": 5, "review_time_days_avg": 7.094730851063828, "review_time_days_median": 1.9167, "review_time_pending_days_avg": 19.834319999999998, "review_time_pending_days_median": 17.713999999999999, "review_time_pending_update_days_avg": 11.34362, "review_time_pending_update_days_median": 6.5430000000000001, "submitted": 198}