{"abandoned": 57, "merged": 334, "new": 25, "pending": 25, "review_time_days_avg": 4.940840206185567, "review_time_days_median": 0.053, "review_time_pending_days_avg": 189.37122083333338, "review_time_pending_days_median": 234.69440000000003, "review_time_pending_update_days_avg": 166.17477499999998, "review_time_pending_update_days_median": 176.73045000000002, "submitted": 416}