{"abandoned": 25, "merged": 201, "new": 2, "pending": 2, "review_time_days_avg": 8.940065517241377, "review_time_days_median": 1.7056, "review_time_pending_days_avg": 66.896199999999993, "review_time_pending_days_median": 66.896199999999993, "submitted": 228}