{"abandoned": 86, "merged": 957, "new": 37, "pending": 37, "review_time_days_avg": 3.506277455919397, "review_time_days_median": 0.85395, "review_time_pending_days_avg": 33.633305405405402, "review_time_pending_days_median": 23.301600000000001, "review_time_pending_update_days_avg": 22.407424324324314, "review_time_pending_update_days_median": 3.7742, "submitted": 1080}