{"abandoned": 43, "merged": 492, "new": 19, "pending": 19, "review_time_days_avg": 8.97138457711443, "review_time_days_median": 2.0951, "review_time_pending_days_avg": 170.96307647058825, "review_time_pending_days_median": 162.0847, "review_time_pending_update_days_avg": 124.04430588235294, "review_time_pending_update_days_median": 110.38079999999999, "submitted": 554}