{"abandoned": 15, "merged": 451, "new": 7, "pending": 7, "review_time_days_avg": 9.312122222222223, "review_time_days_median": 1.9961, "review_time_pending_days_avg": 176.69785999999999, "review_time_pending_days_median": 209.95169999999999, "submitted": 473}