{"abandoned": 29, "merged": 533, "pending": 5, "review_time_days_avg": 263.27122916666656, "review_time_days_median": 319.35795, "submitted": 567}