{"abandoned": 62, "merged": 624, "new": 26, "pending": 26, "review_time_days_avg": 3.4826889558232934, "review_time_days_median": 0.6719999999999999, "review_time_pending_days_avg": 79.694934615384625, "review_time_pending_days_median": 49.46405, "review_time_pending_update_days_avg": 57.180030769230754, "review_time_pending_update_days_median": 41.0289, "submitted": 712}