{"abandoned": 21, "merged": 250, "new": 7, "pending": 7, "review_time_days_avg": 4.126708333333332, "review_time_days_median": 0.45775, "review_time_pending_days_avg": 19.334642857142857, "review_time_pending_days_median": 8.4421999999999997, "review_time_pending_update_days_avg": 3.4500142857142859, "review_time_pending_update_days_median": 0.68659999999999999, "submitted": 278}