{"abandoned": 1280, "merged": 11121, "new": 449, "pending": 449, "review_time_days_avg": 19.870418177697196, "review_time_days_median": 2.8236, "review_time_pending_days_avg": 111.11821742857151, "review_time_pending_days_median": 82.382000000000005, "submitted": 12850}