{"abandoned": 1281, "merged": 11163, "new": 463, "pending": 463, "review_time_days_avg": 19.800978888390862, "review_time_days_median": 2.7988, "review_time_pending_days_avg": 107.72573956043955, "review_time_pending_days_median": 77.51124999999999, "submitted": 12907}