{"abandoned": 87, "merged": 1549, "new": 8, "pending": 8, "review_time_days_avg": 4.685778636363634, "review_time_days_median": 0.3092, "review_time_pending_days_avg": 69.83937499999999, "review_time_pending_days_median": 42.412100000000002, "review_time_pending_update_days_avg": 18.917237499999999, "review_time_pending_update_days_median": 5.5975000000000001, "submitted": 1644}