{"abandoned": 214, "merged": 3780, "new": 34, "pending": 34, "review_time_days_avg": 6.897467496723464, "review_time_days_median": 1.8643, "review_time_pending_days_avg": 45.513424242424257, "review_time_pending_days_median": 19.502700000000001, "review_time_pending_update_days_avg": 29.061369696969695, "review_time_pending_update_days_median": 16.638100000000001, "submitted": 4028}