{"abandoned": 30, "merged": 541, "new": 6, "pending": 6, "review_time_days_avg": 7.58110956521739, "review_time_days_median": 1.7158, "review_time_pending_days_avg": 51.647700000000007, "review_time_pending_days_median": 38.967500000000001, "submitted": 577}