{"abandoned": 11, "merged": 50, "new": 13, "pending": 13, "review_time_days_avg": 10.644491176470586, "review_time_days_median": 3.82495, "review_time_pending_days_avg": 148.05491538461538, "review_time_pending_days_median": 75.027500000000003, "submitted": 74}