{"abandoned": 18, "merged": 246, "new": 8, "pending": 8, "review_time_days_avg": 3.368722727272727, "review_time_days_median": 0.45775, "review_time_pending_days_avg": 20.445150000000002, "review_time_pending_days_median": 16.161650000000002, "review_time_pending_update_days_avg": 4.2666250000000003, "review_time_pending_update_days_median": 0.73365000000000002, "submitted": 272}