{"abandoned": 23, "merged": 336, "new": 5, "pending": 5, "review_time_days_avg": 1.5782482758620688, "review_time_days_median": 0.2955, "review_time_pending_days_avg": 80.42886, "review_time_pending_days_median": 42.536499999999997, "review_time_pending_update_days_avg": 70.404560000000004, "review_time_pending_update_days_median": 42.536099999999998, "submitted": 364}