{"abandoned": 23, "merged": 330, "new": 3, "pending": 3, "review_time_days_avg": 1.710107692307692, "review_time_days_median": 0.50805, "review_time_pending_days_avg": 111.9251, "review_time_pending_days_median": 44.288400000000003, "review_time_pending_update_days_avg": 97.037500000000009, "review_time_pending_update_days_median": 41.735100000000003, "submitted": 356}