{"abandoned": 25, "merged": 201, "new": 2, "pending": 2, "review_time_days_avg": 8.940065517241377, "review_time_days_median": 1.7056, "review_time_pending_days_avg": 68.878749999999997, "review_time_pending_days_median": 68.878749999999997, "review_time_pending_update_days_avg": 68.027150000000006, "review_time_pending_update_days_median": 68.027150000000006, "submitted": 228}