{"abandoned": 8, "merged": 132, "new": 10, "pending": 10, "review_time_days_avg": 9.335044303797467, "review_time_days_median": 0.0345, "review_time_pending_days_avg": 111.57662222222221, "review_time_pending_days_median": 83.384100000000004, "review_time_pending_update_days_avg": 93.726155555555565, "review_time_pending_update_days_median": 83.383099999999999, "submitted": 150}