{"abandoned": 31, "merged": 709, "pending": 4, "review_time_days_avg": 244.33804457142867, "review_time_days_median": 247.79285, "submitted": 745}