{"abandoned": 37, "merged": 273, "new": 4, "pending": 4, "review_time_days_avg": 4.702236904761902, "review_time_days_median": 0.3377, "review_time_pending_days_avg": 213.53786666666667, "review_time_pending_days_median": 210.17070000000001, "submitted": 314}