{"abandoned": 338, "merged": 3121, "new": 22, "pending": 22, "review_time_days_avg": 3.210963788968827, "review_time_days_median": 0.834, "review_time_pending_days_avg": 24.818522727272725, "review_time_pending_days_median": 22.89555, "submitted": 3481}