{"abandoned": 40, "merged": 228, "new": 10, "pending": 10, "review_time_days_avg": 18.381447457627118, "review_time_days_median": 2.8124, "review_time_pending_days_avg": 94.097474999999974, "review_time_pending_days_median": 73.267799999999994, "submitted": 278}