{"abandoned": 27, "merged": 711, "new": 4, "pending": 4, "review_time_days_avg": 14.211456666666667, "review_time_days_median": 2.5097500000000004, "review_time_pending_days_avg": 11.358599999999999, "review_time_pending_days_median": 11.608550000000001, "submitted": 742}