{"abandoned": 28, "merged": 591, "new": 16, "pending": 16, "review_time_days_avg": 6.249454000000002, "review_time_days_median": 0.82195, "review_time_pending_days_avg": 41.295418749999982, "review_time_pending_days_median": 8.5931999999999995, "submitted": 635}