{"abandoned": 7, "merged": 11, "new": 1, "pending": 1, "review_time_days_avg": 22.064533333333333, "review_time_days_median": 30.1796, "review_time_pending_days_avg": 17.894600000000001, "review_time_pending_days_median": 17.894600000000001, "review_time_pending_update_days_avg": 17.887599999999999, "review_time_pending_update_days_median": 17.887599999999999, "submitted": 19}