{"abandoned": 204, "merged": 3031, "new": 38, "pending": 38, "review_time_days_avg": 2.969568404907971, "review_time_days_median": 0.2486, "review_time_pending_days_avg": 95.682142105263168, "review_time_pending_days_median": 71.525800000000004, "review_time_pending_update_days_avg": 56.466068421052626, "review_time_pending_update_days_median": 24.953150000000001, "submitted": 3273}