{"abandoned": 354, "merged": 3219, "new": 14, "pending": 14, "review_time_days_avg": 3.136743124065773, "review_time_days_median": 0.8024, "review_time_pending_days_avg": 26.846614285714285, "review_time_pending_days_median": 18.3093, "review_time_pending_update_days_avg": 11.572278571428571, "review_time_pending_update_days_median": 4.4199999999999999, "submitted": 3587}