{"abandoned": 1, "merged": 7, "new": 1, "pending": 1, "review_time_days_avg": 48.666650000000004, "review_time_days_median": 48.666650000000004, "review_time_pending_days_avg": 24.448899999999998, "review_time_pending_days_median": 24.448899999999998, "submitted": 9}