{"abandoned": 6, "merged": 10, "new": 2, "pending": 2, "review_time_days_avg": 18.006999999999998, "review_time_days_median": 18.006999999999998, "submitted": 18}