{"abandoned": 2, "merged": 26, "new": 4, "pending": 4, "review_time_days_avg": 52.282093333333336, "review_time_days_median": 6.9699, "review_time_pending_days_avg": 67.944266666666664, "review_time_pending_days_median": 74.341200000000001, "review_time_pending_update_days_avg": 66.422466666666665, "review_time_pending_update_days_median": 74.340800000000002, "submitted": 32}