{"abandoned": 6, "merged": 39, "new": 1, "pending": 1, "review_time_days_avg": 7.5890666666666675, "review_time_days_median": 0.4781, "review_time_pending_days_avg": 96.245000000000005, "review_time_pending_days_median": 96.245000000000005, "review_time_pending_update_days_avg": 67.726500000000001, "review_time_pending_update_days_median": 67.726500000000001, "submitted": 46}