{"abandoned": 85, "merged": 2103, "new": 12, "pending": 12, "review_time_days_avg": 6.64099966216216, "review_time_days_median": 0.9248000000000001, "review_time_pending_days_avg": 75.161091666666664, "review_time_pending_days_median": 58.929299999999998, "submitted": 2200}