{"abandoned": 14, "merged": 412, "new": 5, "pending": 5, "review_time_days_avg": 2.2227875, "review_time_days_median": 0.43789999999999996, "review_time_pending_days_avg": 101.17837499999999, "review_time_pending_days_median": 97.826949999999997, "submitted": 431}