{"abandoned": 321, "merged": 3771, "new": 47, "pending": 47, "review_time_days_avg": 5.2458611077297626, "review_time_days_median": 0.759, "review_time_pending_days_avg": 51.436169565217398, "review_time_pending_days_median": 9.1444499999999991, "review_time_pending_update_days_avg": 24.988449999999993, "review_time_pending_update_days_median": 2.8342000000000001, "submitted": 4139}