{"abandoned": 20, "merged": 248, "new": 9, "pending": 9, "review_time_days_avg": 3.2462630434782604, "review_time_days_median": 0.45775, "review_time_pending_days_avg": 22.722955555555551, "review_time_pending_days_median": 14.7438, "review_time_pending_update_days_avg": 5.4859333333333336, "review_time_pending_update_days_median": 0.72119999999999995, "submitted": 277}