{"abandoned": 7, "merged": 11, "new": 1, "pending": 1, "review_time_days_avg": 22.064533333333333, "review_time_days_median": 30.1796, "review_time_pending_days_avg": 29.872199999999999, "review_time_pending_days_median": 29.872199999999999, "review_time_pending_update_days_avg": 4.2636000000000003, "review_time_pending_update_days_median": 4.2636000000000003, "submitted": 19}