{"abandoned": 377, "merged": 4405, "new": 44, "pending": 44, "review_time_days_avg": 5.227769406392691, "review_time_days_median": 0.759, "review_time_pending_days_avg": 60.866013953488384, "review_time_pending_days_median": 29.909099999999999, "review_time_pending_update_days_avg": 32.137274418604655, "review_time_pending_update_days_median": 4.5946999999999996, "submitted": 4826}