{"abandoned": 25, "merged": 201, "new": 8, "pending": 8, "review_time_days_avg": 18.19207011494254, "review_time_days_median": 2.1456, "review_time_pending_days_avg": 159.07684285714285, "review_time_pending_days_median": 185.64750000000001, "review_time_pending_update_days_avg": 114.78580000000001, "review_time_pending_update_days_median": 152.82980000000001, "submitted": 234}