{"abandoned": 7, "merged": 11, "new": 1, "pending": 1, "review_time_days_avg": 22.064533333333333, "review_time_days_median": 30.1796, "review_time_pending_days_avg": 7.0949999999999998, "review_time_pending_days_median": 7.0949999999999998, "submitted": 19}