{"abandoned": 1, "merged": 29, "new": 2, "pending": 2, "review_time_days_avg": 11.018279999999999, "review_time_days_median": 0.9293, "review_time_pending_days_avg": 23.370650000000001, "review_time_pending_days_median": 23.370650000000001, "submitted": 32}