{"abandoned": 34, "merged": 242, "new": 6, "pending": 6, "review_time_days_avg": 6.552644776119405, "review_time_days_median": 1.0372, "review_time_pending_days_avg": 57.44700000000001, "review_time_pending_days_median": 25.499550000000003, "review_time_pending_update_days_avg": 52.190116666666675, "review_time_pending_update_days_median": 24.446249999999999, "submitted": 282}