{"abandoned": 2, "merged": 13, "new": 1, "pending": 1, "review_time_days_avg": 75.512225, "review_time_days_median": 5.5927500000000006, "review_time_pending_days_avg": 7.5666000000000002, "review_time_pending_days_median": 7.5666000000000002, "review_time_pending_update_days_avg": 2.4399000000000002, "review_time_pending_update_days_median": 2.4399000000000002, "submitted": 16}