{"abandoned": 9, "merged": 268, "new": 4, "pending": 4, "review_time_days_avg": 10.436663636363637, "review_time_days_median": 2.8614, "review_time_pending_days_avg": 128.10599999999999, "review_time_pending_days_median": 128.10599999999999, "submitted": 281}