{"abandoned": 14, "merged": 234, "pending": 6, "review_time_days_avg": 3.1879269230769234, "review_time_days_median": 0.8838999999999999, "submitted": 254}