{"abandoned": 49, "merged": 153, "new": 11, "pending": 11, "review_time_days_avg": 4.730732653061223, "review_time_days_median": 0.685, "review_time_pending_days_avg": 64.41670000000002, "review_time_pending_days_median": 29.816700000000001, "review_time_pending_update_days_avg": 31.003655555555554, "review_time_pending_update_days_median": 7.9543999999999997, "submitted": 213}