{"abandoned": 59, "merged": 1243, "new": 9, "pending": 9, "review_time_days_avg": 3.170119170984452, "review_time_days_median": 0.91015, "review_time_pending_days_avg": 66.178133333333335, "review_time_pending_days_median": 31.769600000000001, "submitted": 1311}