{"abandoned": 12, "merged": 342, "new": 10, "pending": 10, "review_time_days_avg": 12.791407228915665, "review_time_days_median": 1.2061, "review_time_pending_days_avg": 56.151319999999998, "review_time_pending_days_median": 50.260549999999995, "review_time_pending_update_days_avg": 45.074280000000002, "review_time_pending_update_days_median": 48.717849999999999, "submitted": 364}