{"abandoned": 86, "merged": 1543, "new": 9, "pending": 9, "review_time_days_avg": 4.647692396313361, "review_time_days_median": 0.3092, "review_time_pending_days_avg": 69.5927111111111, "review_time_pending_days_median": 40.506900000000002, "submitted": 1638}