{"abandoned": 24, "merged": 656, "new": 2, "pending": 2, "review_time_days_avg": 1.8282630952380947, "review_time_days_median": 0.12440000000000001, "review_time_pending_days_avg": 21.175850000000001, "review_time_pending_days_median": 21.175850000000001, "submitted": 682}