{"abandoned": 14, "merged": 412, "new": 5, "pending": 5, "review_time_days_avg": 2.2227875, "review_time_days_median": 0.43789999999999996, "review_time_pending_days_avg": 101.63005000000001, "review_time_pending_days_median": 98.278600000000012, "submitted": 431}