{"abandoned": 9, "merged": 104, "new": 6, "pending": 6, "review_time_days_avg": 20.446644117647057, "review_time_days_median": 3.3734, "review_time_pending_days_avg": 59.654783333333334, "review_time_pending_days_median": 52.076599999999999, "submitted": 119}