{"abandoned": 23, "merged": 434, "new": 4, "pending": 4, "review_time_days_avg": 2.252710526315789, "review_time_days_median": 0.9911, "review_time_pending_days_avg": 78.811849999999978, "review_time_pending_days_median": 26.882999999999999, "submitted": 461}