{"abandoned": 349, "merged": 3194, "new": 17, "pending": 17, "review_time_days_avg": 3.142186959818046, "review_time_days_median": 0.8211, "review_time_pending_days_avg": 24.578529411764713, "review_time_pending_days_median": 14.4802, "review_time_pending_update_days_avg": 7.2330176470588228, "review_time_pending_update_days_median": 1.4325000000000001, "submitted": 3560}