{"abandoned": 5, "merged": 135, "new": 12, "pending": 12, "review_time_days_avg": 7.708882692307692, "review_time_days_median": 1.98765, "review_time_pending_days_avg": 154.39684166666669, "review_time_pending_days_median": 181.92869999999999, "submitted": 152}