{"abandoned": 40, "merged": 422, "new": 9, "pending": 9, "review_time_days_avg": 22.06057346938775, "review_time_days_median": 3.076, "review_time_pending_days_avg": 97.301528571428562, "review_time_pending_days_median": 83.258700000000005, "submitted": 471}