{"abandoned": 49, "merged": 162, "new": 10, "pending": 10, "review_time_days_avg": 6.0418160714285705, "review_time_days_median": 0.6166, "review_time_pending_days_avg": 77.020200000000003, "review_time_pending_days_median": 46.798900000000003, "review_time_pending_update_days_avg": 44.982362499999994, "review_time_pending_update_days_median": 24.934350000000002, "submitted": 221}