{"abandoned": 6, "merged": 56, "new": 7, "pending": 7, "review_time_days_avg": 13.138724000000002, "review_time_days_median": 5.9316, "review_time_pending_days_avg": 219.28096666666661, "review_time_pending_days_median": 300.72789999999998, "review_time_pending_update_days_avg": 108.47786666666667, "review_time_pending_update_days_median": 101.4117, "submitted": 69}