{"abandoned": 1, "merged": 106, "pending": 1, "review_time_days_avg": 190.91686388888894, "review_time_days_median": 216.00265000000002, "submitted": 108}