{"abandoned": 12, "merged": 75, "new": 9, "pending": 9, "review_time_days_avg": 13.140518750000004, "review_time_days_median": 5.26265, "review_time_pending_days_avg": 123.26229999999997, "review_time_pending_days_median": 105.79689999999999, "review_time_pending_update_days_avg": 71.308922222222236, "review_time_pending_update_days_median": 66.102099999999993, "submitted": 96}