{"abandoned": 5, "merged": 135, "new": 11, "pending": 11, "review_time_days_avg": 7.844482352941177, "review_time_days_median": 2.1408, "review_time_pending_days_avg": 167.36455454545455, "review_time_pending_days_median": 184.18680000000001, "submitted": 151}