{"abandoned": 211, "merged": 3763, "new": 30, "pending": 30, "review_time_days_avg": 6.904446587926514, "review_time_days_median": 1.8682500000000002, "review_time_pending_days_avg": 51.011917241379322, "review_time_pending_days_median": 24.106999999999999, "review_time_pending_update_days_avg": 30.964937931034481, "review_time_pending_update_days_median": 12.9305, "submitted": 4004}