{"abandoned": 25, "merged": 200, "new": 7, "pending": 7, "review_time_days_avg": 18.401132558139544, "review_time_days_median": 2.5356, "review_time_pending_days_avg": 181.11488333333332, "review_time_pending_days_median": 198.43344999999999, "review_time_pending_update_days_avg": 129.44583333333335, "review_time_pending_update_days_median": 155.16315, "submitted": 232}