{"abandoned": 201, "merged": 3402, "new": 39, "pending": 39, "review_time_days_avg": 4.1870338379341, "review_time_days_median": 0.8998, "review_time_pending_days_avg": 91.839361538461532, "review_time_pending_days_median": 76.297899999999998, "submitted": 3642}