{"abandoned": 60, "merged": 488, "new": 19, "pending": 19, "review_time_days_avg": 32.77889999999999, "review_time_days_median": 10.6663, "review_time_pending_days_avg": 276.57981999999998, "review_time_pending_days_median": 301.61720000000003, "review_time_pending_update_days_avg": 249.33342666666667, "review_time_pending_update_days_median": 288.69060000000002, "submitted": 567}