{"abandoned": 23, "merged": 331, "new": 3, "pending": 3, "review_time_days_avg": 1.692885185185185, "review_time_days_median": 0.7206, "review_time_pending_days_avg": 114.94916666666666, "review_time_pending_days_median": 47.312399999999997, "review_time_pending_update_days_avg": 100.06153333333333, "review_time_pending_update_days_median": 44.759099999999997, "submitted": 357}