{"abandoned": 1303, "merged": 10701, "new": 473, "pending": 473, "review_time_days_avg": 14.756438928112981, "review_time_days_median": 0.9045, "review_time_pending_days_avg": 108.01311493333323, "review_time_pending_days_median": 69.395700000000005, "review_time_pending_update_days_avg": 57.675527200000012, "review_time_pending_update_days_median": 28.582699999999999, "submitted": 12477}