{"abandoned": 2, "merged": 44, "new": 1, "pending": 1, "review_time_days_avg": 7.768300000000001, "review_time_days_median": 5.9089, "review_time_pending_days_avg": 20.206299999999999, "review_time_pending_days_median": 20.206299999999999, "submitted": 47}