{"abandoned": 57, "merged": 336, "new": 25, "pending": 25, "review_time_days_avg": 4.841525252525252, "review_time_days_median": 0.0497, "review_time_pending_days_avg": 195.5759333333333, "review_time_pending_days_median": 240.89915000000002, "review_time_pending_update_days_avg": 172.37947916666667, "review_time_pending_update_days_median": 182.93515000000002, "submitted": 418}