{"abandoned": 27, "merged": 270, "new": 3, "pending": 3, "review_time_days_avg": 11.589308974358975, "review_time_days_median": 1.89055, "review_time_pending_days_avg": 7.5330000000000004, "review_time_pending_days_median": 0.64070000000000005, "review_time_pending_update_days_avg": 7.5289666666666681, "review_time_pending_update_days_median": 0.629, "submitted": 300}