{"abandoned": 45, "merged": 917, "new": 20, "pending": 20, "review_time_days_avg": 10.149102409638555, "review_time_days_median": 4.06705, "review_time_pending_days_avg": 138.16919444444443, "review_time_pending_days_median": 128.8449, "submitted": 982}