{"abandoned": 110, "merged": 658, "new": 7, "pending": 7, "review_time_days_avg": 2.9147260273972604, "review_time_days_median": 0.364, "review_time_pending_days_avg": 92.951728571428589, "review_time_pending_days_median": 89.950500000000005, "review_time_pending_update_days_avg": 43.63588571428572, "review_time_pending_update_days_median": 48.732700000000001, "submitted": 775}