{"abandoned": 37, "merged": 274, "new": 4, "pending": 4, "review_time_days_avg": 4.647562352941173, "review_time_days_median": 0.2945, "review_time_pending_days_avg": 216.57636666666667, "review_time_pending_days_median": 213.20920000000001, "submitted": 315}