{"abandoned": 1330, "merged": 10815, "new": 482, "pending": 482, "review_time_days_avg": 14.724427784691992, "review_time_days_median": 0.90335, "review_time_pending_days_avg": 107.53297942708339, "review_time_pending_days_median": 71.257949999999994, "review_time_pending_update_days_avg": 59.872055468749984, "review_time_pending_update_days_median": 29.681650000000001, "submitted": 12627}