{"abandoned": 62, "merged": 612, "new": 31, "pending": 31, "review_time_days_avg": 3.3775426229508203, "review_time_days_median": 0.6486000000000001, "review_time_pending_days_avg": 66.273951612903218, "review_time_pending_days_median": 26.274699999999999, "submitted": 705}