{"abandoned": 215, "merged": 3815, "new": 27, "pending": 27, "review_time_days_avg": 6.853467870967746, "review_time_days_median": 1.8722, "review_time_pending_days_avg": 60.154599999999995, "review_time_pending_days_median": 35.697150000000001, "review_time_pending_update_days_avg": 39.214938461538466, "review_time_pending_update_days_median": 22.865749999999998, "submitted": 4057}