{"abandoned": 202, "merged": 2997, "new": 33, "pending": 33, "review_time_days_avg": 2.9507309419837773, "review_time_days_median": 0.2504, "review_time_pending_days_avg": 106.4942212121212, "review_time_pending_days_median": 91.918599999999998, "submitted": 3232}