{"abandoned": 43, "merged": 490, "new": 20, "pending": 20, "review_time_days_avg": 10.697474698795181, "review_time_days_median": 4.0782, "review_time_pending_days_avg": 137.70530555555558, "review_time_pending_days_median": 133.49610000000001, "submitted": 553}