{"abandoned": 12, "merged": 36, "new": 1, "pending": 1, "review_time_days_avg": 0.2129777777777778, "review_time_days_median": 0.2574, "review_time_pending_days_avg": 79.739699999999999, "review_time_pending_days_median": 79.739699999999999, "review_time_pending_update_days_avg": 79.431700000000006, "review_time_pending_update_days_median": 79.431700000000006, "submitted": 49}