{"abandoned": 202, "merged": 2999, "new": 35, "pending": 35, "review_time_days_avg": 2.9472903426791244, "review_time_days_median": 0.2468, "review_time_pending_days_avg": 100.65839428571432, "review_time_pending_days_median": 84.621499999999997, "submitted": 3236}