{"abandoned": 847, "merged": 12644, "new": 118, "pending": 118, "review_time_days_avg": 6.855924171952083, "review_time_days_median": 0.3688, "review_time_pending_days_avg": 84.74164907407409, "review_time_pending_days_median": 51.180050000000001, "review_time_pending_update_days_avg": 53.519668518518522, "review_time_pending_update_days_median": 27.225549999999998, "submitted": 13609}