{"abandoned": 15, "merged": 79, "new": 4, "pending": 4, "review_time_days_avg": 2.0749727272727267, "review_time_days_median": 0.25775000000000003, "review_time_pending_days_avg": 90.137266666666676, "review_time_pending_days_median": 77.306600000000003, "review_time_pending_update_days_avg": 44.260100000000001, "review_time_pending_update_days_median": 42.3645, "submitted": 98}