{"abandoned": 9, "merged": 397, "new": 2, "pending": 2, "review_time_days_avg": 8.863756521739129, "review_time_days_median": 4.0205, "review_time_pending_days_avg": 5.3309999999999995, "review_time_pending_days_median": 5.3309999999999995, "submitted": 408}