{"abandoned": 1, "merged": 31, "new": 4, "pending": 4, "review_time_days_avg": 76.32167000000001, "review_time_days_median": 5.94345, "review_time_pending_days_avg": 44.506399999999992, "review_time_pending_days_median": 51.167499999999997, "submitted": 36}