{"abandoned": 27, "merged": 711, "new": 4, "pending": 4, "review_time_days_avg": 11.365638666666666, "review_time_days_median": 1.7434, "review_time_pending_days_avg": 12.584275000000002, "review_time_pending_days_median": 12.834199999999999, "submitted": 742}