{"abandoned": 14, "merged": 227, "new": 3, "pending": 3, "review_time_days_avg": 7.239973437499998, "review_time_days_median": 0.7098, "review_time_pending_days_avg": 97.210466666666676, "review_time_pending_days_median": 24.603000000000002, "submitted": 244}