{"abandoned": 69, "merged": 383, "new": 42, "pending": 42, "review_time_days_avg": 16.197619463087243, "review_time_days_median": 1.3241, "review_time_pending_days_avg": 202.61173600000001, "review_time_pending_days_median": 175.4358, "review_time_pending_update_days_avg": 165.32042000000001, "review_time_pending_update_days_median": 167.86160000000001, "submitted": 494}