{"abandoned": 842, "merged": 12526, "new": 137, "pending": 137, "review_time_days_avg": 6.6667382137628115, "review_time_days_median": 0.3506, "review_time_pending_days_avg": 74.422994488189076, "review_time_pending_days_median": 39.743499999999997, "submitted": 13505}