{"abandoned": 17, "merged": 512, "new": 4, "pending": 4, "review_time_days_avg": 1.9845988281250007, "review_time_days_median": 0.8284499999999999, "review_time_pending_days_avg": 8.2241, "review_time_pending_days_median": 5.5457999999999998, "submitted": 533}