{"abandoned": 4, "merged": 64, "new": 1, "pending": 1, "review_time_days_avg": 5.561436363636363, "review_time_days_median": 0.1107, "review_time_pending_days_avg": 30.538799999999998, "review_time_pending_days_median": 30.538799999999998, "review_time_pending_update_days_avg": 0.29310000000000003, "review_time_pending_update_days_median": 0.29310000000000003, "submitted": 69}