{"abandoned": 40, "merged": 231, "new": 11, "pending": 11, "review_time_days_avg": 17.679198387096775, "review_time_days_median": 2.5198, "review_time_pending_days_avg": 100.31454444444444, "review_time_pending_days_median": 71.203599999999994, "review_time_pending_update_days_avg": 71.467299999999994, "review_time_pending_update_days_median": 37.346200000000003, "submitted": 282}