{"abandoned": 10, "merged": 347, "new": 1, "pending": 1, "review_time_days_avg": 3.609225757575759, "review_time_days_median": 1.06, "review_time_pending_days_avg": 20.024699999999999, "review_time_pending_days_median": 20.024699999999999, "submitted": 358}