{"abandoned": 208, "merged": 3693, "new": 31, "pending": 31, "review_time_days_avg": 8.684862650602408, "review_time_days_median": 3.0481, "review_time_pending_days_avg": 50.013556666666673, "review_time_pending_days_median": 20.912099999999999, "submitted": 3932}