{"abandoned": 12, "merged": 343, "new": 10, "pending": 10, "review_time_days_avg": 12.63939285714286, "review_time_days_median": 1.1571500000000001, "review_time_pending_days_avg": 65.119249999999994, "review_time_pending_days_median": 59.228499999999997, "review_time_pending_update_days_avg": 53.322390000000006, "review_time_pending_update_days_median": 57.685850000000002, "submitted": 365}