{"abandoned": 142, "merged": 846, "new": 9, "pending": 9, "review_time_days_avg": 12.63650666666667, "review_time_days_median": 0.25855, "review_time_pending_days_avg": 206.7952714285714, "review_time_pending_days_median": 232.1241, "review_time_pending_update_days_avg": 74.403471428571422, "review_time_pending_update_days_median": 84.665400000000005, "submitted": 997}