{"abandoned": 1, "merged": 35, "new": 2, "pending": 2, "review_time_days_avg": 1.3272090909090906, "review_time_days_median": 0.0493, "review_time_pending_days_avg": 153.73410000000001, "review_time_pending_days_median": 153.73410000000001, "submitted": 38}