{"abandoned": 86, "merged": 1544, "new": 8, "pending": 8, "review_time_days_avg": 4.657276781609193, "review_time_days_median": 0.3117, "review_time_pending_days_avg": 78.226137500000007, "review_time_pending_days_median": 72.368250000000003, "review_time_pending_update_days_avg": 41.608862500000001, "review_time_pending_update_days_median": 21.194749999999999, "submitted": 1638}