{"abandoned": 1337, "merged": 10834, "new": 480, "pending": 480, "review_time_days_avg": 14.752859269576005, "review_time_days_median": 0.9115, "review_time_pending_days_avg": 108.87261753926701, "review_time_pending_days_median": 72.507100000000008, "review_time_pending_update_days_avg": 61.579803403141369, "review_time_pending_update_days_median": 31.749549999999999, "submitted": 12651}