{"abandoned": 3, "merged": 52, "new": 4, "pending": 4, "review_time_days_avg": 7.94735, "review_time_days_median": 4.8165000000000004, "review_time_pending_days_avg": 2.7872500000000002, "review_time_pending_days_median": 2.7462999999999997, "submitted": 59}