{"abandoned": 30, "merged": 752, "new": 2, "pending": 2, "review_time_days_avg": 6.857911158798284, "review_time_days_median": 3.1152, "review_time_pending_days_avg": 208.12414999999999, "review_time_pending_days_median": 208.12414999999999, "submitted": 784}