{"abandoned": 215, "merged": 3819, "new": 36, "pending": 36, "review_time_days_avg": 6.824658386683744, "review_time_days_median": 1.8722, "review_time_pending_days_avg": 47.510442857142841, "review_time_pending_days_median": 24.835999999999999, "review_time_pending_update_days_avg": 31.795628571428566, "review_time_pending_update_days_median": 16.392900000000001, "submitted": 4070}