{"abandoned": 5, "merged": 172, "new": 9, "pending": 9, "review_time_days_avg": 35.23437142857143, "review_time_days_median": 17.0082, "review_time_pending_days_avg": 173.28703333333337, "review_time_pending_days_median": 174.78190000000001, "review_time_pending_update_days_avg": 134.46744999999999, "review_time_pending_update_days_median": 69.204499999999996, "submitted": 186}