{"abandoned": 4, "merged": 42, "new": 1, "pending": 1, "review_time_days_avg": 11.311040000000002, "review_time_days_median": 4.1637, "review_time_pending_days_avg": 89.153599999999997, "review_time_pending_days_median": 89.153599999999997, "submitted": 47}