{"abandoned": 24, "merged": 699, "pending": 11, "review_time_days_avg": 143.05204212962965, "review_time_days_median": 102.05420000000001, "submitted": 734}