{"abandoned": 2, "merged": 25, "new": 4, "pending": 4, "review_time_days_avg": 56.01163571428572, "review_time_days_median": 9.5441, "review_time_pending_days_avg": 63.017566666666674, "review_time_pending_days_median": 69.414500000000004, "review_time_pending_update_days_avg": 62.66793333333333, "review_time_pending_update_days_median": 69.414100000000005, "submitted": 31}