{"abandoned": 23, "merged": 330, "new": 4, "pending": 4, "review_time_days_avg": 1.710107692307692, "review_time_days_median": 0.50805, "review_time_pending_days_avg": 85.080325000000002, "review_time_pending_days_median": 34.954900000000002, "review_time_pending_update_days_avg": 73.914325000000005, "review_time_pending_update_days_median": 33.678049999999999, "submitted": 357}