{"abandoned": 2, "merged": 66, "pending": 2, "review_time_days_avg": 233.9738714285714, "review_time_days_median": 300.73040000000003, "submitted": 71}