{"abandoned": 25, "merged": 201, "new": 2, "pending": 2, "review_time_days_avg": 8.940065517241377, "review_time_days_median": 1.7056, "review_time_pending_days_avg": 77.846699999999998, "review_time_pending_days_median": 77.846699999999998, "review_time_pending_update_days_avg": 76.995099999999994, "review_time_pending_update_days_median": 76.995099999999994, "submitted": 228}