{"abandoned": 15, "merged": 232, "new": 7, "pending": 7, "review_time_days_avg": 8.399070588235295, "review_time_days_median": 0.8869499999999999, "review_time_pending_days_avg": 189.19039999999998, "review_time_pending_days_median": 231.76050000000001, "review_time_pending_update_days_avg": 137.8938, "review_time_pending_update_days_median": 140.39349999999999, "submitted": 254}