{"abandoned": 26, "merged": 365, "new": 8, "pending": 8, "review_time_days_avg": 4.986101886792451, "review_time_days_median": 0.2987, "review_time_pending_days_avg": 69.850137500000002, "review_time_pending_days_median": 53.676899999999996, "submitted": 399}