{"abandoned": 64, "merged": 684, "new": 21, "pending": 21, "review_time_days_avg": 3.9824149362477215, "review_time_days_median": 0.7285, "review_time_pending_days_avg": 89.876480952380945, "review_time_pending_days_median": 77.406599999999997, "review_time_pending_update_days_avg": 62.770647619047608, "review_time_pending_update_days_median": 60.549199999999999, "submitted": 769}