{"abandoned": 110, "merged": 658, "new": 7, "pending": 7, "review_time_days_avg": 2.9147260273972604, "review_time_days_median": 0.364, "review_time_pending_days_avg": 90.987528571428584, "review_time_pending_days_median": 87.9863, "review_time_pending_update_days_avg": 42.833657142857149, "review_time_pending_update_days_median": 46.768500000000003, "submitted": 775}