{"abandoned": 4, "merged": 61, "new": 2, "pending": 2, "review_time_days_avg": 5.671077777777778, "review_time_days_median": 0.1107, "review_time_pending_days_avg": 8.3994999999999997, "review_time_pending_days_median": 8.3994999999999997, "submitted": 67}