{"abandoned": 6, "merged": 58, "new": 3, "pending": 3, "review_time_days_avg": 6.8559770833333324, "review_time_days_median": 1.0131, "review_time_pending_days_avg": 172.94949999999997, "review_time_pending_days_median": 225.9426, "review_time_pending_update_days_avg": 120.13833333333332, "review_time_pending_update_days_median": 133.54669999999999, "submitted": 67}