{"abandoned": 1, "merged": 8, "new": 1, "pending": 1, "review_time_days_avg": 32.46686666666667, "review_time_days_median": 30.207, "review_time_pending_days_avg": 44.422400000000003, "review_time_pending_days_median": 44.422400000000003, "review_time_pending_update_days_avg": 44.393099999999997, "review_time_pending_update_days_median": 44.393099999999997, "submitted": 10}