{"abandoned": 25, "merged": 310, "new": 18, "pending": 18, "review_time_days_avg": 4.065661904761904, "review_time_days_median": 0.5172, "review_time_pending_days_avg": 75.140261111111101, "review_time_pending_days_median": 52.375999999999998, "submitted": 353}