{"abandoned": 1, "merged": 62, "pending": 0, "review_time_days_avg": 147.68120323, "review_time_days_median": 180.98354999999998, "submitted": 63}