{"abandoned": 23, "merged": 197, "new": 11, "pending": 11, "review_time_days_avg": 17.80761445783133, "review_time_days_median": 2.1456, "review_time_pending_days_avg": 127.85538999999999, "review_time_pending_days_median": 145.75460000000001, "submitted": 231}