{"abandoned": 4, "merged": 12, "new": 4, "pending": 4, "review_time_days_avg": 9.84568, "review_time_days_median": 7.4113500000000005, "review_time_pending_days_avg": 18.964774999999999, "review_time_pending_days_median": 21.286200000000001, "review_time_pending_update_days_avg": 7.4333749999999998, "review_time_pending_update_days_median": 5.6728500000000004, "submitted": 20}