{"abandoned": 110, "merged": 651, "new": 8, "pending": 8, "review_time_days_avg": 4.1055285714285725, "review_time_days_median": 1.2949, "review_time_pending_days_avg": 67.627287499999994, "review_time_pending_days_median": 64.364249999999998, "submitted": 769}