{"abandoned": 26, "merged": 365, "new": 8, "pending": 8, "review_time_days_avg": 7.5450142857142835, "review_time_days_median": 2.0807, "review_time_pending_days_avg": 67.629550000000009, "review_time_pending_days_median": 51.456299999999999, "submitted": 399}