{"abandoned": 3, "merged": 176, "pending": 0, "review_time_days_avg": 252.96982999999992, "review_time_days_median": 308.33545000000004, "submitted": 181}