{"abandoned": 56, "merged": 716, "new": 24, "pending": 24, "review_time_days_avg": 10.819737209302325, "review_time_days_median": 1.4257, "review_time_pending_days_avg": 180.744447826087, "review_time_pending_days_median": 282.24380000000002, "submitted": 796}