{"abandoned": 220, "merged": 3123, "new": 25, "pending": 25, "review_time_days_avg": 3.0860449589683427, "review_time_days_median": 0.2375, "review_time_pending_days_avg": 91.06660399999997, "review_time_pending_days_median": 57.4101, "review_time_pending_update_days_avg": 42.673268000000007, "review_time_pending_update_days_median": 22.227699999999999, "submitted": 3368}