{"abandoned": 66, "merged": 372, "new": 48, "pending": 48, "review_time_days_avg": 18.478346226415084, "review_time_days_median": 2.5846999999999998, "review_time_pending_days_avg": 162.36089677419358, "review_time_pending_days_median": 154.41990000000001, "submitted": 486}