{"abandoned": 199, "merged": 3595, "pending": 18, "review_time_days_avg": 8.565751492537318, "review_time_days_median": 3.01675, "submitted": 3813}