{"abandoned": 8, "merged": 132, "new": 10, "pending": 10, "review_time_days_avg": 19.566124324324317, "review_time_days_median": 1.7971, "review_time_pending_days_avg": 90.140333333333345, "review_time_pending_days_median": 61.947800000000001, "submitted": 150}