{"abandoned": 3, "merged": 103, "new": 1, "pending": 1, "review_time_days_avg": 1.936375, "review_time_days_median": 1.9366999999999999, "review_time_pending_days_avg": 43.656300000000002, "review_time_pending_days_median": 43.656300000000002, "submitted": 107}