{"abandoned": 1338, "merged": 10858, "new": 487, "pending": 487, "review_time_days_avg": 14.708426024022197, "review_time_days_median": 0.9115, "review_time_pending_days_avg": 107.6615200514139, "review_time_pending_days_median": 72.520600000000002, "review_time_pending_update_days_avg": 61.116867866323922, "review_time_pending_update_days_median": 29.257200000000001, "submitted": 12683}