{"abandoned": 1, "merged": 28, "pending": 1, "review_time_days_avg": 2.57842143, "review_time_days_median": 0.018799999999999997, "submitted": 30}