{"abandoned": 45, "merged": 919, "new": 20, "pending": 20, "review_time_days_avg": 8.926303517587941, "review_time_days_median": 2.0951, "review_time_pending_days_avg": 137.71741666666665, "review_time_pending_days_median": 133.50819999999999, "submitted": 984}