{"abandoned": 3, "merged": 229, "new": 1, "pending": 1, "review_time_days_avg": 37.549420000000005, "review_time_days_median": 0.9041, "review_time_pending_days_avg": 299.66640000000001, "review_time_pending_days_median": 299.66640000000001, "submitted": 233}