{"abandoned": 5, "merged": 281, "new": 10, "pending": 10, "review_time_days_avg": 9.52352380952381, "review_time_days_median": 4.0173, "review_time_pending_days_avg": 177.95937000000001, "review_time_pending_days_median": 178.45529999999999, "submitted": 296}