{"abandoned": 34, "merged": 242, "new": 6, "pending": 6, "review_time_days_avg": 6.552644776119405, "review_time_days_median": 1.0372, "review_time_pending_days_avg": 56.470100000000009, "review_time_pending_days_median": 24.522650000000002, "review_time_pending_update_days_avg": 51.213233333333335, "review_time_pending_update_days_median": 23.469349999999999, "submitted": 282}