{"abandoned": 19, "merged": 448, "new": 3, "pending": 3, "review_time_days_avg": 1.34424552238806, "review_time_days_median": 0.1351, "review_time_pending_days_avg": 11.771700000000001, "review_time_pending_days_median": 1.4845999999999999, "review_time_pending_update_days_avg": 8.5423666666666662, "review_time_pending_update_days_median": 0.53320000000000001, "submitted": 470}