{"abandoned": 836, "merged": 12385, "new": 137, "pending": 137, "review_time_days_avg": 10.396210179640724, "review_time_days_median": 1.7905, "review_time_pending_days_avg": 71.459359842519731, "review_time_pending_days_median": 35.718200000000003, "submitted": 13358}