{"abandoned": 33, "merged": 449, "new": 15, "pending": 15, "review_time_days_avg": 4.319065972222223, "review_time_days_median": 1.38635, "review_time_pending_days_avg": 82.124300000000005, "review_time_pending_days_median": 89.416700000000006, "submitted": 497}