{"abandoned": 12, "merged": 342, "new": 9, "pending": 9, "review_time_days_avg": 12.791407228915665, "review_time_days_median": 1.2061, "review_time_pending_days_avg": 61.352622222222216, "review_time_pending_days_median": 49.332799999999999, "submitted": 363}