{"abandoned": 6, "merged": 232, "new": 3, "pending": 3, "review_time_days_avg": 6.759242857142857, "review_time_days_median": 0.9522999999999999, "review_time_pending_days_avg": 11.772866666666665, "review_time_pending_days_median": 10.252800000000001, "submitted": 241}