{"abandoned": 22, "merged": 709, "new": 7, "pending": 7, "review_time_days_avg": 23.590953333333324, "review_time_days_median": 1.8401999999999998, "review_time_pending_days_avg": 92.220399999999998, "review_time_pending_days_median": 86.815750000000008, "submitted": 738}