{"abandoned": 8, "merged": 51, "new": 1, "pending": 1, "review_time_days_avg": 15.080929411764703, "review_time_days_median": 1.5179, "review_time_pending_days_avg": 21.076599999999999, "review_time_pending_days_median": 21.076599999999999, "review_time_pending_update_days_avg": 20.838799999999999, "review_time_pending_update_days_median": 20.838799999999999, "submitted": 60}