{"abandoned": 11, "merged": 50, "new": 13, "pending": 13, "review_time_days_avg": 10.644491176470586, "review_time_days_median": 3.82495, "review_time_pending_days_avg": 151.05862307692308, "review_time_pending_days_median": 78.031199999999998, "review_time_pending_update_days_avg": 120.89874615384618, "review_time_pending_update_days_median": 73.563900000000004, "submitted": 74}