{"abandoned": 2, "merged": 10, "new": 6, "pending": 6, "review_time_days_avg": 3.202925, "review_time_days_median": 1.35135, "review_time_pending_days_avg": 14.312699999999994, "review_time_pending_days_median": 4.3075999999999999, "review_time_pending_update_days_avg": 11.855666666666666, "review_time_pending_update_days_median": 0.87434999999999996, "submitted": 18}