{"abandoned": 20, "merged": 218, "new": 9, "pending": 9, "review_time_days_avg": 16.981421599999994, "review_time_days_median": 0.6739, "review_time_pending_days_avg": 70.549549999999996, "review_time_pending_days_median": 88.030900000000003, "review_time_pending_update_days_avg": 43.362683333333329, "review_time_pending_update_days_median": 48.458000000000006, "submitted": 247}