{"abandoned": 142, "merged": 847, "new": 9, "pending": 9, "review_time_days_avg": 12.443295081967216, "review_time_days_median": 0.2625, "review_time_pending_days_avg": 222.78102857142858, "review_time_pending_days_median": 248.10990000000001, "review_time_pending_update_days_avg": 90.389214285714289, "review_time_pending_update_days_median": 100.6511, "submitted": 998}