{"abandoned": 1, "merged": 106, "pending": 1, "review_time_days_avg": 129.68095755, "review_time_days_median": 123.36054999999999, "submitted": 108}