{"abandoned": 154, "merged": 1705, "new": 18, "pending": 18, "review_time_days_avg": 5.09656272493573, "review_time_days_median": 0.8233, "review_time_pending_days_avg": 164.48400000000001, "review_time_pending_days_median": 158.73089999999999, "submitted": 1877}