{"abandoned": 60, "merged": 488, "new": 19, "pending": 19, "review_time_days_avg": 32.77889999999999, "review_time_days_median": 10.6663, "review_time_pending_days_avg": 272.94178666666664, "review_time_pending_days_median": 297.97910000000002, "review_time_pending_update_days_avg": 245.69540666666668, "review_time_pending_update_days_median": 285.05250000000001, "submitted": 567}