{"abandoned": 12, "merged": 346, "new": 9, "pending": 9, "review_time_days_avg": 12.375928735632188, "review_time_days_median": 1.2061, "review_time_pending_days_avg": 79.316500000000005, "review_time_pending_days_median": 67.296700000000001, "review_time_pending_update_days_avg": 67.008722222222204, "review_time_pending_update_days_median": 67.185000000000002, "submitted": 367}