{"abandoned": 6, "merged": 249, "new": 4, "pending": 4, "review_time_days_avg": 14.270868571428572, "review_time_days_median": 3.1405, "review_time_pending_days_avg": 14.737300000000001, "review_time_pending_days_median": 4.7558000000000007, "submitted": 259}