{"abandoned": 25, "merged": 201, "new": 8, "pending": 8, "review_time_days_avg": 18.19207011494254, "review_time_days_median": 2.1456, "review_time_pending_days_avg": 161.10442857142857, "review_time_pending_days_median": 187.67509999999999, "review_time_pending_update_days_avg": 116.81338571428572, "review_time_pending_update_days_median": 154.85740000000001, "submitted": 234}