{"abandoned": 57, "merged": 333, "new": 24, "pending": 24, "review_time_days_avg": 4.9917895833333334, "review_time_days_median": 0.059800000000000006, "review_time_pending_days_avg": 194.60626086956526, "review_time_pending_days_median": 297.26580000000001, "review_time_pending_update_days_avg": 170.40127826086956, "review_time_pending_update_days_median": 181.34399999999999, "submitted": 414}