{"abandoned": 11, "merged": 50, "new": 14, "pending": 14, "review_time_days_avg": 10.644491176470586, "review_time_days_median": 3.82495, "review_time_pending_days_avg": 150.65237142857146, "review_time_pending_days_median": 86.7226, "review_time_pending_update_days_avg": 119.81533571428572, "review_time_pending_update_days_median": 79.853949999999998, "submitted": 75}