{"abandoned": 8, "merged": 50, "new": 1, "pending": 1, "review_time_days_avg": 16.013287499999997, "review_time_days_median": 1.6478000000000002, "review_time_pending_days_avg": 6.4551999999999996, "review_time_pending_days_median": 6.4551999999999996, "review_time_pending_update_days_avg": 6.2172999999999998, "review_time_pending_update_days_median": 6.2172999999999998, "submitted": 59}