{"abandoned": 28, "merged": 417, "new": 8, "pending": 8, "review_time_days_avg": 4.716425373134326, "review_time_days_median": 1.0483, "review_time_pending_days_avg": 86.126474999999999, "review_time_pending_days_median": 77.288350000000008, "review_time_pending_update_days_avg": 83.47482500000001, "review_time_pending_update_days_median": 77.276800000000009, "submitted": 453}