{"abandoned": 1, "merged": 33, "new": 4, "pending": 4, "review_time_days_avg": 60.89357692307693, "review_time_days_median": 5.4384, "review_time_pending_days_avg": 51.724066666666666, "review_time_pending_days_median": 68.958200000000005, "review_time_pending_update_days_avg": 28.491033333333334, "review_time_pending_update_days_median": 0.25009999999999999, "submitted": 38}