{"abandoned": 30, "merged": 580, "new": 2, "pending": 2, "review_time_days_avg": 5.512334482758621, "review_time_days_median": 1.5691000000000002, "review_time_pending_days_avg": 235.11000000000001, "review_time_pending_days_median": 235.11000000000001, "review_time_pending_update_days_avg": 135.73575, "review_time_pending_update_days_median": 135.73575, "submitted": 612}