{"abandoned": 43, "merged": 492, "new": 19, "pending": 19, "review_time_days_avg": 8.97138457711443, "review_time_days_median": 2.0951, "review_time_pending_days_avg": 167.93450000000001, "review_time_pending_days_median": 159.05609999999999, "review_time_pending_update_days_avg": 121.01574117647063, "review_time_pending_update_days_median": 107.3523, "submitted": 554}