{"abandoned": 15, "merged": 228, "new": 7, "pending": 7, "review_time_days_avg": 9.488733333333334, "review_time_days_median": 1.6479, "review_time_pending_days_avg": 184.85386, "review_time_pending_days_median": 226.72460000000001, "review_time_pending_update_days_avg": 133.78390000000002, "review_time_pending_update_days_median": 135.35759999999999, "submitted": 250}