{"abandoned": 204, "merged": 3416, "new": 33, "pending": 33, "review_time_days_avg": 4.1870338379341, "review_time_days_median": 0.8998, "review_time_pending_days_avg": 103.30270303030302, "review_time_pending_days_median": 88.727000000000004, "submitted": 3653}