{"abandoned": 0, "merged": 57, "new": 1, "pending": 1, "review_time_days_avg": 12.006977192982456, "review_time_days_median": 10.7847, "review_time_pending_days_avg": 6.7691999999999997, "review_time_pending_days_median": 6.7691999999999997, "review_time_pending_update_days_avg": 5.4355000000000002, "review_time_pending_update_days_median": 5.4355000000000002, "submitted": 58}