{"abandoned": 845, "merged": 12543, "new": 140, "pending": 140, "review_time_days_avg": 6.6689790204678365, "review_time_days_median": 0.3537, "review_time_pending_days_avg": 73.227055384615426, "review_time_pending_days_median": 36.630850000000002, "submitted": 13528}