{"abandoned": 8, "merged": 190, "pending": 5, "review_time_days_avg": 124.21079158, "review_time_days_median": 62.898399999999995, "submitted": 203}