{"abandoned": 12, "merged": 77, "new": 9, "pending": 9, "review_time_days_avg": 18.555411111111113, "review_time_days_median": 5.26265, "review_time_pending_days_avg": 120.68017777777777, "review_time_pending_days_median": 112.36069999999999, "review_time_pending_update_days_avg": 58.107666666666674, "review_time_pending_update_days_median": 24.661999999999999, "submitted": 98}