{"abandoned": 34, "merged": 456, "new": 13, "pending": 13, "review_time_days_avg": 3.1684150753768856, "review_time_days_median": 0.5081, "review_time_pending_days_avg": 101.62986153846153, "review_time_pending_days_median": 98.532399999999996, "submitted": 503}