{"abandoned": 49, "merged": 155, "new": 12, "pending": 12, "review_time_days_avg": 5.136972549019606, "review_time_days_median": 0.685, "review_time_pending_days_avg": 61.782390000000007, "review_time_pending_days_median": 37.776200000000003, "review_time_pending_update_days_avg": 29.768790000000003, "review_time_pending_update_days_median": 11.345800000000001, "submitted": 216}