{"abandoned": 192, "merged": 3293, "pending": 48, "review_time_days_avg": 99.92916573258604, "review_time_days_median": 21.168100000000003, "submitted": 3533}