{"abandoned": 66, "merged": 896, "new": 48, "pending": 48, "review_time_days_avg": 14.091579136690644, "review_time_days_median": 1.1193, "review_time_pending_days_avg": 162.40383225806454, "review_time_pending_days_median": 154.46279999999999, "submitted": 1010}