{"abandoned": 12, "merged": 343, "new": 10, "pending": 10, "review_time_days_avg": 12.63939285714286, "review_time_days_median": 1.1571500000000001, "review_time_pending_days_avg": 61.169719999999998, "review_time_pending_days_median": 55.278949999999995, "review_time_pending_update_days_avg": 50.092680000000001, "review_time_pending_update_days_median": 53.736249999999998, "submitted": 365}