{"abandoned": 3, "merged": 52, "new": 4, "pending": 4, "review_time_days_avg": 7.94735, "review_time_days_median": 4.8165000000000004, "review_time_pending_days_avg": 2.8421249999999998, "review_time_pending_days_median": 2.8011499999999998, "submitted": 59}