{"abandoned": 31, "merged": 232, "new": 8, "pending": 8, "review_time_days_avg": 4.921715517241381, "review_time_days_median": 0.9899, "review_time_pending_days_avg": 60.725314285714305, "review_time_pending_days_median": 33.468899999999998, "submitted": 271}