{"abandoned": 111, "merged": 658, "new": 8, "pending": 8, "review_time_days_avg": 2.9147260273972604, "review_time_days_median": 0.364, "review_time_pending_days_avg": 88.127612499999998, "review_time_pending_days_median": 89.369500000000002, "review_time_pending_update_days_avg": 44.459912500000002, "review_time_pending_update_days_median": 53.002700000000004, "submitted": 777}