{"abandoned": 6, "merged": 39, "new": 1, "pending": 1, "review_time_days_avg": 7.5890666666666675, "review_time_days_median": 0.4781, "review_time_pending_days_avg": 93.264200000000002, "review_time_pending_days_median": 93.264200000000002, "review_time_pending_update_days_avg": 64.745699999999999, "review_time_pending_update_days_median": 64.745699999999999, "submitted": 46}