{"abandoned": 85, "merged": 2104, "new": 14, "pending": 14, "review_time_days_avg": 6.598583221476508, "review_time_days_median": 0.92275, "review_time_pending_days_avg": 67.306242857142848, "review_time_pending_days_median": 25.466149999999999, "submitted": 2203}