{"abandoned": 29, "merged": 596, "new": 10, "pending": 10, "review_time_days_avg": 4.599354411764708, "review_time_days_median": 0.42379999999999995, "review_time_pending_days_avg": 64.113670000000013, "review_time_pending_days_median": 33.538399999999996, "submitted": 635}