{"abandoned": 2, "merged": 151, "pending": 2, "review_time_days_avg": 37.802350000000004, "review_time_days_median": 37.802350000000004, "submitted": 155}