{"abandoned": 142, "merged": 846, "new": 9, "pending": 9, "review_time_days_avg": 12.63650666666667, "review_time_days_median": 0.25855, "review_time_pending_days_avg": 216.71742857142857, "review_time_pending_days_median": 242.0463, "review_time_pending_update_days_avg": 84.325614285714281, "review_time_pending_update_days_median": 94.587500000000006, "submitted": 997}