{"abandoned": 1282, "merged": 10560, "new": 462, "pending": 462, "review_time_days_avg": 14.878129749582648, "review_time_days_median": 0.9047, "review_time_pending_days_avg": 109.69874986225898, "review_time_pending_days_median": 78.561999999999998, "submitted": 12304}