{"abandoned": 7, "merged": 206, "pending": 1, "review_time_days_avg": 204.68184776119404, "review_time_days_median": 231.37574999999998, "submitted": 214}