{"abandoned": 204, "merged": 3031, "new": 35, "pending": 35, "review_time_days_avg": 2.919557590657648, "review_time_days_median": 0.245, "review_time_pending_days_avg": 101.10918000000002, "review_time_pending_days_median": 84.132199999999997, "submitted": 3270}