{"abandoned": 63, "merged": 986, "new": 12, "pending": 12, "review_time_days_avg": 2.2731428318584057, "review_time_days_median": 0.1761, "review_time_pending_days_avg": 46.164700000000011, "review_time_pending_days_median": 6.4276, "review_time_pending_update_days_avg": 13.066875000000003, "review_time_pending_update_days_median": 4.1857000000000006, "submitted": 1061}