{"abandoned": 1, "merged": 102, "pending": 0, "review_time_days_avg": 116.17105196, "review_time_days_median": 70.84825000000001, "submitted": 103}