{"abandoned": 142, "merged": 1254, "new": 8, "pending": 8, "review_time_days_avg": 19.42969230769231, "review_time_days_median": 1.2563, "review_time_pending_days_avg": 225.16185000000004, "review_time_pending_days_median": 233.37380000000002, "submitted": 1404}