{"abandoned": 12, "merged": 345, "new": 9, "pending": 9, "review_time_days_avg": 12.490784705882358, "review_time_days_median": 1.1082, "review_time_pending_days_avg": 72.299966666666663, "review_time_pending_days_median": 60.280099999999997, "review_time_pending_update_days_avg": 59.992200000000011, "review_time_pending_update_days_median": 60.168399999999998, "submitted": 366}