{"abandoned": 1, "merged": 2, "new": 1, "pending": 1, "review_time_days_avg": 3.4515, "review_time_days_median": 3.4515, "review_time_pending_days_avg": 0.86629999999999996, "review_time_pending_days_median": 0.86629999999999996, "review_time_pending_update_days_avg": 0.86629999999999996, "review_time_pending_update_days_median": 0.86629999999999996, "submitted": 4}