{"abandoned": 5, "merged": 162, "new": 9, "pending": 9, "review_time_days_avg": 35.23437142857143, "review_time_days_median": 17.0082, "review_time_pending_days_avg": 157.46898333333331, "review_time_pending_days_median": 158.96384999999998, "submitted": 176}