{"abandoned": 829, "merged": 12353, "new": 133, "pending": 133, "review_time_days_avg": 10.401380695443649, "review_time_days_median": 1.78145, "review_time_pending_days_avg": 75.549181300813004, "review_time_pending_days_median": 38.349200000000003, "submitted": 13315}