{"abandoned": 9, "merged": 174, "new": 5, "pending": 5, "review_time_days_avg": 7.042429885057469, "review_time_days_median": 1.7909, "review_time_pending_days_avg": 7.0186400000000004, "review_time_pending_days_median": 7.8242000000000003, "submitted": 188}