{"abandoned": 1, "merged": 62, "pending": 0, "review_time_days_avg": 139.80815323, "review_time_days_median": 129.74915000000001, "submitted": 63}