{"abandoned": 110, "merged": 653, "new": 9, "pending": 9, "review_time_days_avg": 2.8314406542056076, "review_time_days_median": 0.34845000000000004, "review_time_pending_days_avg": 64.586466666666681, "review_time_pending_days_median": 61.723599999999998, "submitted": 772}