{"abandoned": 2, "merged": 20, "new": 1, "pending": 1, "review_time_days_avg": 4.596557142857143, "review_time_days_median": 3.5146, "review_time_pending_days_avg": 82.668899999999994, "review_time_pending_days_median": 82.668899999999994, "review_time_pending_update_days_avg": 7.9330999999999996, "review_time_pending_update_days_median": 7.9330999999999996, "submitted": 23}