{"abandoned": 6, "merged": 60, "new": 1, "pending": 1, "review_time_days_avg": 11.472470212765955, "review_time_days_median": 2.3152, "review_time_pending_days_avg": 60.889299999999999, "review_time_pending_days_median": 60.889299999999999, "review_time_pending_update_days_avg": 59.528300000000002, "review_time_pending_update_days_median": 59.528300000000002, "submitted": 67}