{"abandoned": 4, "merged": 82, "new": 1, "pending": 1, "review_time_days_avg": 10.630044680851062, "review_time_days_median": 1.291, "review_time_pending_days_avg": 234.70230000000001, "review_time_pending_days_median": 234.70230000000001, "review_time_pending_update_days_avg": 168.37110000000001, "review_time_pending_update_days_median": 168.37110000000001, "submitted": 87}