{"abandoned": 2, "merged": 9, "new": 1, "pending": 1, "review_time_days_avg": 2.5355499999999997, "review_time_days_median": 2.5355499999999997, "review_time_pending_days_avg": 25.808399999999999, "review_time_pending_days_median": 25.808399999999999, "review_time_pending_update_days_avg": 25.805299999999999, "review_time_pending_update_days_median": 25.805299999999999, "submitted": 12}