{"abandoned": 1353, "merged": 10941, "new": 455, "pending": 455, "review_time_days_avg": 14.732713295146244, "review_time_days_median": 0.9223, "review_time_pending_days_avg": 113.2626863888888, "review_time_pending_days_median": 77.309550000000002, "review_time_pending_update_days_avg": 64.693125833333383, "review_time_pending_update_days_median": 37.461799999999997, "submitted": 12749}