{"abandoned": 34, "merged": 245, "new": 5, "pending": 5, "review_time_days_avg": 6.37353623188406, "review_time_days_median": 0.9426, "review_time_pending_days_avg": 76.382159999999985, "review_time_pending_days_median": 53.449800000000003, "review_time_pending_update_days_avg": 70.402119999999996, "review_time_pending_update_days_median": 53.428899999999999, "submitted": 284}