{"abandoned": 2, "merged": 123, "new": 1, "pending": 1, "review_time_days_avg": 13.301425000000002, "review_time_days_median": 11.01465, "review_time_pending_days_avg": 63.002400000000002, "review_time_pending_days_median": 63.002400000000002, "submitted": 126}