{"abandoned": 5, "merged": 134, "new": 11, "pending": 11, "review_time_days_avg": 9.52352380952381, "review_time_days_median": 4.0173, "review_time_pending_days_avg": 166.5556818181818, "review_time_pending_days_median": 183.37790000000001, "submitted": 150}