{"abandoned": 62, "merged": 625, "new": 27, "pending": 27, "review_time_days_avg": 3.5355076152304608, "review_time_days_median": 0.6805, "review_time_pending_days_avg": 78.644888888888886, "review_time_pending_days_median": 39.5471, "review_time_pending_update_days_avg": 57.762733333333337, "review_time_pending_update_days_median": 39.534199999999998, "submitted": 714}