{"abandoned": 24, "merged": 660, "new": 2, "pending": 2, "review_time_days_avg": 1.808127058823529, "review_time_days_median": 0.1241, "review_time_pending_days_avg": 24.787299999999998, "review_time_pending_days_median": 24.787299999999998, "submitted": 686}