{"abandoned": 1, "merged": 78, "pending": 3, "review_time_days_avg": 168.40143888888886, "review_time_days_median": 150.69819999999999, "submitted": 82}