{"abandoned": 3, "merged": 72, "new": 2, "pending": 2, "review_time_days_avg": 41.832433333333334, "review_time_days_median": 10.7538, "review_time_pending_days_avg": 107.17619999999999, "review_time_pending_days_median": 107.17619999999999, "submitted": 77}