{"abandoned": 9, "merged": 174, "new": 4, "pending": 4, "review_time_days_avg": 7.042429885057469, "review_time_days_median": 1.7909, "review_time_pending_days_avg": 7.5353000000000003, "review_time_pending_days_median": 8.2156500000000001, "submitted": 187}