{"abandoned": 31, "merged": 410, "new": 5, "pending": 5, "review_time_days_avg": 4.158973684210525, "review_time_days_median": 1.0069, "review_time_pending_days_avg": 233.51367500000001, "review_time_pending_days_median": 256.80955, "review_time_pending_update_days_avg": 148.49039999999999, "review_time_pending_update_days_median": 152.23159999999999, "submitted": 446}