{"abandoned": 142, "merged": 846, "new": 9, "pending": 9, "review_time_days_avg": 12.63650666666667, "review_time_days_median": 0.25855, "review_time_pending_days_avg": 217.77867142857141, "review_time_pending_days_median": 243.10749999999999, "review_time_pending_update_days_avg": 85.386842857142852, "review_time_pending_update_days_median": 95.648799999999994, "submitted": 997}