{"abandoned": 209, "merged": 3069, "new": 35, "pending": 35, "review_time_days_avg": 3.0312597956730722, "review_time_days_median": 0.24025000000000002, "review_time_pending_days_avg": 103.06352571428573, "review_time_pending_days_median": 84.370099999999994, "review_time_pending_update_days_avg": 62.311962857142838, "review_time_pending_update_days_median": 35.366500000000002, "submitted": 3313}