{"abandoned": 25, "merged": 314, "new": 18, "pending": 18, "review_time_days_avg": 2.7384847328244275, "review_time_days_median": 0.156, "review_time_pending_days_avg": 76.959411111111109, "review_time_pending_days_median": 55.130549999999999, "submitted": 357}