{"abandoned": 2, "merged": 20, "new": 3, "pending": 3, "review_time_days_avg": 21.343671428571422, "review_time_days_median": 0.1311, "review_time_pending_days_avg": 317.47320000000002, "review_time_pending_days_median": 317.47320000000002, "review_time_pending_update_days_avg": 204.32864999999998, "review_time_pending_update_days_median": 204.32864999999998, "submitted": 25}