{"abandoned": 1, "merged": 5, "new": 1, "pending": 1, "review_time_days_avg": 1.9673599999999998, "review_time_days_median": 0.0139, "review_time_pending_days_avg": 4.4269999999999996, "review_time_pending_days_median": 4.4269999999999996, "review_time_pending_update_days_avg": 4.4265999999999996, "review_time_pending_update_days_median": 4.4265999999999996, "submitted": 7}