{"abandoned": 10, "merged": 80, "new": 2, "pending": 2, "review_time_days_avg": 1.2256880597014925, "review_time_days_median": 0.0999, "review_time_pending_days_avg": 250.64724999999999, "review_time_pending_days_median": 250.64724999999999, "review_time_pending_update_days_avg": 235.08724999999998, "review_time_pending_update_days_median": 235.08724999999998, "submitted": 92}