{"abandoned": 34, "merged": 243, "new": 5, "pending": 5, "review_time_days_avg": 6.552644776119405, "review_time_days_median": 1.0372, "review_time_pending_days_avg": 70.177459999999982, "review_time_pending_days_median": 47.245100000000001, "review_time_pending_update_days_avg": 64.19738000000001, "review_time_pending_update_days_median": 47.224200000000003, "submitted": 282}