{"abandoned": 25, "merged": 201, "new": 2, "pending": 2, "review_time_days_avg": 8.940065517241377, "review_time_days_median": 1.7056, "review_time_pending_days_avg": 75.891449999999992, "review_time_pending_days_median": 75.891449999999992, "review_time_pending_update_days_avg": 75.039850000000001, "review_time_pending_update_days_median": 75.039850000000001, "submitted": 228}