{"abandoned": 28, "merged": 330, "new": 13, "pending": 13, "review_time_days_avg": 4.514707586206898, "review_time_days_median": 0.1692, "review_time_pending_days_avg": 103.8482076923077, "review_time_pending_days_median": 118.398, "review_time_pending_update_days_avg": 37.372269230769227, "review_time_pending_update_days_median": 37.056699999999999, "submitted": 371}