{"abandoned": 17, "merged": 237, "new": 5, "pending": 5, "review_time_days_avg": 3.7343407407407407, "review_time_days_median": 0.8884, "review_time_pending_days_avg": 23.595479999999998, "review_time_pending_days_median": 25.535799999999998, "submitted": 259}