{"abandoned": 6, "merged": 53, "new": 9, "pending": 9, "review_time_days_avg": 13.18290909090909, "review_time_days_median": 5.95235, "review_time_pending_days_avg": 124.67382000000001, "review_time_pending_days_median": 24.429400000000001, "submitted": 68}