{"abandoned": 9, "merged": 105, "new": 8, "pending": 8, "review_time_days_avg": 17.868611538461536, "review_time_days_median": 2.69825, "review_time_pending_days_avg": 60.208824999999997, "review_time_pending_days_median": 70.106650000000002, "review_time_pending_update_days_avg": 31.409687499999993, "review_time_pending_update_days_median": 30.442349999999998, "submitted": 122}