{"abandoned": 24, "merged": 668, "new": 3, "pending": 3, "review_time_days_avg": 1.7718160919540227, "review_time_days_median": 0.1241, "review_time_pending_days_avg": 21.542766666666665, "review_time_pending_days_median": 14.5741, "review_time_pending_update_days_avg": 15.668100000000001, "review_time_pending_update_days_median": 7.5003000000000002, "submitted": 695}