{"abandoned": 66, "merged": 372, "new": 48, "pending": 48, "review_time_days_avg": 14.007528571428567, "review_time_days_median": 1.1313, "review_time_pending_days_avg": 162.59148387096775, "review_time_pending_days_median": 154.65049999999999, "submitted": 486}