{"abandoned": 25, "merged": 200, "new": 7, "pending": 7, "review_time_days_avg": 18.401132558139544, "review_time_days_median": 2.5356, "review_time_pending_days_avg": 182.17611666666664, "review_time_pending_days_median": 199.49464999999998, "review_time_pending_update_days_avg": 130.50706666666667, "review_time_pending_update_days_median": 156.2244, "submitted": 232}