{"abandoned": 27, "merged": 705, "new": 3, "pending": 3, "review_time_days_avg": 14.450862711864406, "review_time_days_median": 2.5817, "review_time_pending_days_avg": 9.2698000000000018, "review_time_pending_days_median": 8.0585000000000004, "submitted": 735}