{"abandoned": 32, "merged": 255, "new": 5, "pending": 5, "review_time_days_avg": 5.7401568627450965, "review_time_days_median": 0.71, "review_time_pending_days_avg": 72.119299999999996, "review_time_pending_days_median": 77.786500000000004, "review_time_pending_update_days_avg": 66.140140000000002, "review_time_pending_update_days_median": 76.855000000000004, "submitted": 292}