{"abandoned": 31, "merged": 232, "new": 8, "pending": 8, "review_time_days_avg": 4.921715517241381, "review_time_days_median": 0.9899, "review_time_pending_days_avg": 60.720414285714284, "review_time_pending_days_median": 33.463999999999999, "submitted": 271}