{"abandoned": 59, "merged": 968, "new": 9, "pending": 9, "review_time_days_avg": 3.170119170984452, "review_time_days_median": 0.91015, "review_time_pending_days_avg": 67.375977777777777, "review_time_pending_days_median": 32.967500000000001, "submitted": 1036}