{"abandoned": 24, "merged": 668, "new": 3, "pending": 3, "review_time_days_avg": 1.7718160919540227, "review_time_days_median": 0.1241, "review_time_pending_days_avg": 22.532899999999998, "review_time_pending_days_median": 15.5642, "review_time_pending_update_days_avg": 16.658199999999997, "review_time_pending_update_days_median": 8.4903999999999993, "submitted": 695}