{"abandoned": 26, "merged": 384, "new": 13, "pending": 13, "review_time_days_avg": 4.89142631578947, "review_time_days_median": 0.3089, "review_time_pending_days_avg": 48.137792307692308, "review_time_pending_days_median": 3.3955000000000002, "review_time_pending_update_days_avg": 46.584369230769227, "review_time_pending_update_days_median": 2.6873999999999998, "submitted": 423}