{"abandoned": 4, "merged": 163, "new": 4, "pending": 4, "review_time_days_avg": 26.696266666666663, "review_time_days_median": 6.9784, "review_time_pending_days_avg": 114.63442500000001, "review_time_pending_days_median": 79.687749999999994, "submitted": 171}