{"abandoned": 1, "merged": 33, "new": 3, "pending": 3, "review_time_days_avg": 60.89357692307693, "review_time_days_median": 5.4384, "review_time_pending_days_avg": 74.983400000000003, "review_time_pending_days_median": 74.983400000000003, "review_time_pending_update_days_avg": 66.256249999999994, "review_time_pending_update_days_median": 66.256249999999994, "submitted": 37}