{"abandoned": 2, "merged": 67, "new": 2, "pending": 2, "review_time_days_avg": 6.433599999999999, "review_time_days_median": 0.2114, "review_time_pending_days_avg": 11.654199999999999, "review_time_pending_days_median": 11.654199999999999, "submitted": 71}