{"abandoned": 142, "merged": 1255, "new": 8, "pending": 8, "review_time_days_avg": 12.63650666666667, "review_time_days_median": 0.25855, "review_time_pending_days_avg": 229.82518333333329, "review_time_pending_days_median": 238.03710000000001, "submitted": 1405}