{"abandoned": 208, "merged": 3698, "new": 33, "pending": 33, "review_time_days_avg": 8.626231228668942, "review_time_days_median": 3.0426, "review_time_pending_days_avg": 47.558656249999991, "review_time_pending_days_median": 16.5047, "submitted": 3939}