{"abandoned": 25, "merged": 199, "new": 8, "pending": 8, "review_time_days_avg": 17.73255176470589, "review_time_days_median": 2.1456, "review_time_pending_days_avg": 156.37405714285714, "review_time_pending_days_median": 171.68940000000001, "review_time_pending_update_days_avg": 102.96137142857143, "review_time_pending_update_days_median": 138.8717, "submitted": 232}