{"abandoned": 213, "merged": 3092, "new": 32, "pending": 32, "review_time_days_avg": 3.1038496137849028, "review_time_days_median": 0.2399, "review_time_pending_days_avg": 96.037396874999999, "review_time_pending_days_median": 54.988550000000004, "review_time_pending_update_days_avg": 57.475628125, "review_time_pending_update_days_median": 21.8569, "submitted": 3337}