{"abandoned": 6, "merged": 59, "new": 3, "pending": 3, "review_time_days_avg": 6.7161346938775495, "review_time_days_median": 0.939, "review_time_pending_days_avg": 177.95193333333336, "review_time_pending_days_median": 230.94499999999999, "review_time_pending_update_days_avg": 125.14076666666666, "review_time_pending_update_days_median": 138.54920000000001, "submitted": 68}