{"abandoned": 5, "merged": 95, "new": 5, "pending": 5, "review_time_days_avg": 2.8298625, "review_time_days_median": 0.66905, "review_time_pending_days_avg": 96.868499999999997, "review_time_pending_days_median": 102.95320000000001, "review_time_pending_update_days_avg": 65.525075000000001, "review_time_pending_update_days_median": 62.052050000000001, "submitted": 105}