{"abandoned": 49, "merged": 155, "new": 10, "pending": 10, "review_time_days_avg": 5.136972549019606, "review_time_days_median": 0.685, "review_time_pending_days_avg": 70.800537500000004, "review_time_pending_days_median": 31.838699999999999, "review_time_pending_update_days_avg": 33.709287500000002, "review_time_pending_update_days_median": 9.9755000000000003, "submitted": 214}