{"abandoned": 1, "merged": 16, "new": 1, "pending": 1, "review_time_days_avg": 9.307242857142857, "review_time_days_median": 0.9293, "review_time_pending_days_avg": 60.187399999999997, "review_time_pending_days_median": 60.187399999999997, "review_time_pending_update_days_avg": 60.187399999999997, "review_time_pending_update_days_median": 60.187399999999997, "submitted": 18}