{"abandoned": 110, "merged": 658, "new": 8, "pending": 8, "review_time_days_avg": 2.9147260273972604, "review_time_days_median": 0.364, "review_time_pending_days_avg": 84.081712500000009, "review_time_pending_days_median": 85.323599999999999, "review_time_pending_update_days_avg": 40.888912499999996, "review_time_pending_update_days_median": 48.956800000000001, "submitted": 776}