{"abandoned": 136, "merged": 1470, "pending": 41, "review_time_days_avg": 13.016399999999997, "review_time_days_median": 7.3210999999999995, "submitted": 1647}