{"abandoned": 26, "merged": 322, "new": 16, "pending": 16, "review_time_days_avg": 4.3783536231884055, "review_time_days_median": 0.15875, "review_time_pending_days_avg": 79.852900000000034, "review_time_pending_days_median": 65.170000000000002, "review_time_pending_update_days_avg": 56.546318750000012, "review_time_pending_update_days_median": 32.345349999999996, "submitted": 364}