{"abandoned": 340, "merged": 3139, "new": 28, "pending": 28, "review_time_days_avg": 3.1843241922773853, "review_time_days_median": 0.8278, "review_time_pending_days_avg": 18.317232142857144, "review_time_pending_days_median": 5.8687000000000005, "submitted": 3507}