{"abandoned": 62, "merged": 609, "new": 24, "pending": 24, "review_time_days_avg": 4.449141081081083, "review_time_days_median": 1.05365, "review_time_pending_days_avg": 80.457412500000004, "review_time_pending_days_median": 56.616299999999995, "submitted": 695}