{"abandoned": 30, "merged": 752, "new": 2, "pending": 2, "review_time_days_avg": 6.857911158798284, "review_time_days_median": 3.1152, "review_time_pending_days_avg": 206.36090000000002, "review_time_pending_days_median": 206.36090000000002, "submitted": 784}