{"abandoned": 25, "merged": 314, "new": 18, "pending": 18, "review_time_days_avg": 2.7384847328244275, "review_time_days_median": 0.156, "review_time_pending_days_avg": 75.956799999999987, "review_time_pending_days_median": 54.127949999999998, "submitted": 357}