{"abandoned": 28, "merged": 397, "new": 12, "pending": 12, "review_time_days_avg": 4.826906249999998, "review_time_days_median": 0.7966500000000001, "review_time_pending_days_avg": 53.626333333333328, "review_time_pending_days_median": 6.6995000000000005, "review_time_pending_update_days_avg": 51.969108333333338, "review_time_pending_update_days_median": 3.2309000000000001, "submitted": 437}