{"abandoned": 40, "merged": 232, "new": 11, "pending": 11, "review_time_days_avg": 17.39896031746032, "review_time_days_median": 2.2272, "review_time_pending_days_avg": 102.34214444444446, "review_time_pending_days_median": 73.231200000000001, "review_time_pending_update_days_avg": 73.494911111111094, "review_time_pending_update_days_median": 39.373800000000003, "submitted": 283}