{"abandoned": 211, "merged": 3742, "new": 37, "pending": 37, "review_time_days_avg": 6.9062766666666695, "review_time_days_median": 1.7949000000000002, "review_time_pending_days_avg": 40.709647222222223, "review_time_pending_days_median": 12.094100000000001, "submitted": 3990}