{"abandoned": 64, "merged": 681, "new": 24, "pending": 24, "review_time_days_avg": 3.9920446886446874, "review_time_days_median": 0.71455, "review_time_pending_days_avg": 78.143275000000003, "review_time_pending_days_median": 37.177250000000001, "review_time_pending_update_days_avg": 54.503333333333352, "review_time_pending_update_days_median": 35.05415, "submitted": 769}