{"abandoned": 3, "merged": 512, "pending": 3, "review_time_days_avg": 175.90189901960795, "review_time_days_median": 174.40634999999997, "submitted": 518}