{"abandoned": 5, "merged": 282, "new": 11, "pending": 11, "review_time_days_avg": 9.52352380952381, "review_time_days_median": 4.0173, "review_time_pending_days_avg": 164.35806363636365, "review_time_pending_days_median": 181.18029999999999, "submitted": 298}