{"abandoned": 6, "merged": 57, "new": 9, "pending": 9, "review_time_days_avg": 12.636638461538464, "review_time_days_median": 5.91535, "review_time_pending_days_avg": 134.89535999999998, "review_time_pending_days_median": 43.7029, "review_time_pending_update_days_avg": 59.978120000000004, "review_time_pending_update_days_median": 2.3462999999999998, "submitted": 72}