{"abandoned": 9, "merged": 104, "new": 6, "pending": 6, "review_time_days_avg": 18.058781818181817, "review_time_days_median": 2.6518, "review_time_pending_days_avg": 65.890883333333335, "review_time_pending_days_median": 58.3127, "review_time_pending_update_days_avg": 29.846649999999997, "review_time_pending_update_days_median": 20.851999999999997, "submitted": 119}