{"abandoned": 24, "merged": 652, "new": 1, "pending": 1, "review_time_days_avg": 2.947386538461537, "review_time_days_median": 0.7945, "review_time_pending_days_avg": 34.401400000000002, "review_time_pending_days_median": 34.401400000000002, "submitted": 677}