{"abandoned": 15, "merged": 234, "new": 7, "pending": 7, "review_time_days_avg": 7.949858333333335, "review_time_days_median": 0.7073, "review_time_pending_days_avg": 190.17003999999997, "review_time_pending_days_median": 232.74019999999999, "review_time_pending_update_days_avg": 138.87343999999999, "review_time_pending_update_days_median": 141.3732, "submitted": 256}