{"abandoned": 4, "merged": 75, "new": 3, "pending": 3, "review_time_days_avg": 10.975107499999998, "review_time_days_median": 1.46435, "review_time_pending_days_avg": 91.343033333333324, "review_time_pending_days_median": 39.409199999999998, "submitted": 82}