{"abandoned": 49, "merged": 160, "new": 10, "pending": 10, "review_time_days_avg": 6.261909259259259, "review_time_days_median": 0.8285, "review_time_pending_days_avg": 74.045400000000001, "review_time_pending_days_median": 43.824100000000001, "review_time_pending_update_days_avg": 42.007562499999999, "review_time_pending_update_days_median": 21.95955, "submitted": 219}