{"abandoned": 1, "merged": 6, "new": 1, "pending": 1, "review_time_days_avg": 0.15925999999999998, "review_time_days_median": 0.0214, "review_time_pending_days_avg": 1.6198999999999999, "review_time_pending_days_median": 1.6198999999999999, "review_time_pending_update_days_avg": 0.94440000000000002, "review_time_pending_update_days_median": 0.94440000000000002, "submitted": 8}