{"abandoned": 28, "merged": 330, "new": 13, "pending": 13, "review_time_days_avg": 4.514707586206898, "review_time_days_median": 0.1692, "review_time_pending_days_avg": 102.86856153846155, "review_time_pending_days_median": 117.4183, "review_time_pending_update_days_avg": 36.392646153846151, "review_time_pending_update_days_median": 36.076999999999998, "submitted": 371}