{"abandoned": 208, "merged": 3725, "new": 39, "pending": 39, "review_time_days_avg": 6.895921187584348, "review_time_days_median": 1.812, "review_time_pending_days_avg": 38.914826315789455, "review_time_pending_days_median": 13.335799999999999, "submitted": 3972}