{"abandoned": 375, "merged": 4836, "new": 52, "pending": 52, "review_time_days_avg": 7.111542473633749, "review_time_days_median": 2.1379, "review_time_pending_days_avg": 60.206292156862752, "review_time_pending_days_median": 28.190200000000001, "submitted": 5263}