{"abandoned": 9, "merged": 105, "new": 8, "pending": 8, "review_time_days_avg": 17.868611538461536, "review_time_days_median": 2.69825, "review_time_pending_days_avg": 61.270062499999995, "review_time_pending_days_median": 71.167849999999987, "review_time_pending_update_days_avg": 32.241599999999998, "review_time_pending_update_days_median": 31.503550000000004, "submitted": 122}