{"abandoned": 20, "merged": 215, "new": 7, "pending": 7, "review_time_days_avg": 24.116169318181814, "review_time_days_median": 1.91855, "review_time_pending_days_avg": 95.404600000000002, "review_time_pending_days_median": 89.999950000000013, "submitted": 242}