{"abandoned": 14, "merged": 414, "new": 6, "pending": 6, "review_time_days_avg": 2.2227875, "review_time_days_median": 0.43789999999999996, "review_time_pending_days_avg": 85.023619999999994, "review_time_pending_days_median": 52.290999999999997, "submitted": 434}