{"abandoned": 213, "merged": 3096, "new": 35, "pending": 35, "review_time_days_avg": 3.10009157769869, "review_time_days_median": 0.2398, "review_time_pending_days_avg": 88.733694285714293, "review_time_pending_days_median": 51.383600000000001, "review_time_pending_update_days_avg": 52.675968571428577, "review_time_pending_update_days_median": 16.201499999999999, "submitted": 3344}