{"abandoned": 12, "merged": 80, "new": 9, "pending": 9, "review_time_days_avg": 16.96495, "review_time_days_median": 4.20975, "review_time_pending_days_avg": 122.96233333333332, "review_time_pending_days_median": 115.41249999999999, "review_time_pending_update_days_avg": 60.384833333333326, "review_time_pending_update_days_median": 27.713699999999999, "submitted": 101}