{"abandoned": 20, "merged": 219, "new": 8, "pending": 8, "review_time_days_avg": 16.917007142857138, "review_time_days_median": 0.6789000000000001, "review_time_pending_days_avg": 93.344319999999996, "review_time_pending_days_median": 99.9893, "review_time_pending_update_days_avg": 58.943280000000001, "review_time_pending_update_days_median": 78.386499999999998, "submitted": 247}