{"abandoned": 3, "merged": 26, "new": 1, "pending": 1, "review_time_days_avg": 1.437978260869565, "review_time_days_median": 0.1238, "review_time_pending_days_avg": 0.48060000000000003, "review_time_pending_days_median": 0.48060000000000003, "review_time_pending_update_days_avg": 0.46860000000000002, "review_time_pending_update_days_median": 0.46860000000000002, "submitted": 30}