{"abandoned": 18, "merged": 245, "new": 5, "pending": 5, "review_time_days_avg": 3.44583488372093, "review_time_days_median": 0.468, "review_time_pending_days_avg": 23.906359999999999, "review_time_pending_days_median": 33.311999999999998, "review_time_pending_update_days_avg": 3.4877400000000001, "review_time_pending_update_days_median": 0.67210000000000003, "submitted": 268}