{"abandoned": 5, "merged": 95, "new": 5, "pending": 5, "review_time_days_avg": 2.8298625, "review_time_days_median": 0.66905, "review_time_pending_days_avg": 83.914500000000004, "review_time_pending_days_median": 89.999200000000002, "review_time_pending_update_days_avg": 61.326650000000001, "review_time_pending_update_days_median": 49.097999999999999, "submitted": 105}