{"abandoned": 23, "merged": 330, "new": 3, "pending": 3, "review_time_days_avg": 1.710107692307692, "review_time_days_median": 0.50805, "review_time_pending_days_avg": 107.94030000000002, "review_time_pending_days_median": 40.303600000000003, "submitted": 356}