{"abandoned": 60, "merged": 997, "new": 21, "pending": 21, "review_time_days_avg": 32.20032545454545, "review_time_days_median": 10.1583, "review_time_pending_days_avg": 254.81519374999999, "review_time_pending_days_median": 286.23775000000001, "submitted": 1078}