{"abandoned": 12, "merged": 128, "new": 2, "pending": 2, "review_time_days_avg": 43.654117142857146, "review_time_days_median": 9.0364, "review_time_pending_days_avg": 71.71135000000001, "review_time_pending_days_median": 71.71135000000001, "submitted": 142}