{"abandoned": 4, "merged": 13, "new": 1, "pending": 1, "review_time_days_avg": 1.4563166666666667, "review_time_days_median": 0.36795, "review_time_pending_days_avg": 4.6169000000000002, "review_time_pending_days_median": 4.6169000000000002, "submitted": 18}