{"abandoned": 1, "merged": 35, "new": 1, "pending": 1, "review_time_days_avg": 2.2350393939393935, "review_time_days_median": 0.0209, "review_time_pending_days_avg": 138.24539999999999, "review_time_pending_days_median": 138.24539999999999, "review_time_pending_update_days_avg": 69.386499999999998, "review_time_pending_update_days_median": 69.386499999999998, "submitted": 37}