{"abandoned": 9, "merged": 264, "new": 6, "pending": 6, "review_time_days_avg": 5.290658333333334, "review_time_days_median": 2.3208, "review_time_pending_days_avg": 60.713699999999996, "review_time_pending_days_median": 61.926499999999997, "submitted": 279}