{"abandoned": 9, "merged": 175, "new": 2, "pending": 2, "review_time_days_avg": 3.0441610778443122, "review_time_days_median": 0.7814, "review_time_pending_days_avg": 2.9011499999999999, "review_time_pending_days_median": 2.9011499999999999, "review_time_pending_update_days_avg": 2.5122499999999999, "review_time_pending_update_days_median": 2.5122499999999999, "submitted": 186}