{"abandoned": 111, "merged": 658, "new": 8, "pending": 8, "review_time_days_avg": 2.9147260273972604, "review_time_days_median": 0.364, "review_time_pending_days_avg": 91.117024999999984, "review_time_pending_days_median": 92.358900000000006, "review_time_pending_update_days_avg": 47.449362499999999, "review_time_pending_update_days_median": 55.992149999999995, "submitted": 777}