{"abandoned": 60, "merged": 488, "new": 19, "pending": 19, "review_time_days_avg": 32.77889999999999, "review_time_days_median": 10.6663, "review_time_pending_days_avg": 279.55106000000001, "review_time_pending_days_median": 304.58839999999998, "review_time_pending_update_days_avg": 252.30468666666667, "review_time_pending_update_days_median": 291.66180000000003, "submitted": 567}