{"abandoned": 33, "merged": 449, "new": 15, "pending": 15, "review_time_days_avg": 4.319065972222223, "review_time_days_median": 1.38635, "review_time_pending_days_avg": 81.113966666666656, "review_time_pending_days_median": 88.406300000000002, "submitted": 497}