{"abandoned": 6, "merged": 250, "new": 4, "pending": 4, "review_time_days_avg": 14.270868571428572, "review_time_days_median": 3.1405, "review_time_pending_days_avg": 15.745699999999999, "review_time_pending_days_median": 5.7642000000000007, "submitted": 260}