{"abandoned": 3, "merged": 45, "new": 1, "pending": 1, "review_time_days_avg": 3.8946, "review_time_days_median": 1.5312, "review_time_pending_days_avg": 0.40870000000000001, "review_time_pending_days_median": 0.40870000000000001, "review_time_pending_update_days_avg": 0.40870000000000001, "review_time_pending_update_days_median": 0.40870000000000001, "submitted": 49}