{"abandoned": 9, "merged": 104, "new": 6, "pending": 6, "review_time_days_avg": 20.446644117647057, "review_time_days_median": 3.3734, "review_time_pending_days_avg": 59.669833333333344, "review_time_pending_days_median": 52.091650000000001, "submitted": 119}