{"abandoned": 31, "merged": 541, "new": 6, "pending": 6, "review_time_days_avg": 7.58110956521739, "review_time_days_median": 1.7158, "review_time_pending_days_avg": 53.410966666666674, "review_time_pending_days_median": 40.730800000000002, "submitted": 578}