{"abandoned": 2, "merged": 23, "new": 1, "pending": 1, "review_time_days_avg": 37.549420000000005, "review_time_days_median": 0.9041, "review_time_pending_days_avg": 300.86419999999998, "review_time_pending_days_median": 300.86419999999998, "submitted": 26}