{"abandoned": 43, "merged": 490, "new": 20, "pending": 20, "review_time_days_avg": 8.926303517587941, "review_time_days_median": 2.0951, "review_time_pending_days_avg": 151.53732777777776, "review_time_pending_days_median": 147.32814999999999, "review_time_pending_update_days_avg": 106.0303111111111, "review_time_pending_update_days_median": 98.320950000000011, "submitted": 553}