{"abandoned": 6, "merged": 62, "new": 3, "pending": 3, "review_time_days_avg": 11.02000408163265, "review_time_days_median": 2.1879, "review_time_pending_days_avg": 31.266433333333335, "review_time_pending_days_median": 9.4917999999999996, "review_time_pending_update_days_avg": 28.406133333333333, "review_time_pending_update_days_median": 8.9362999999999992, "submitted": 71}