{"abandoned": 8, "merged": 39, "new": 4, "pending": 4, "review_time_days_avg": 9.537525, "review_time_days_median": 2.4466, "review_time_pending_days_avg": 138.10599999999999, "review_time_pending_days_median": 138.10599999999999, "review_time_pending_update_days_avg": 127.57940000000001, "review_time_pending_update_days_median": 127.57940000000001, "submitted": 51}