{"abandoned": 847, "merged": 12613, "new": 130, "pending": 130, "review_time_days_avg": 6.677728806290208, "review_time_days_median": 0.3648, "review_time_pending_days_avg": 78.770382500000053, "review_time_pending_days_median": 44.993449999999996, "review_time_pending_update_days_avg": 49.750293333333317, "review_time_pending_update_days_median": 26.223549999999999, "submitted": 13590}