{"abandoned": 5, "merged": 137, "new": 11, "pending": 11, "review_time_days_avg": 10.43269814814815, "review_time_days_median": 1.98765, "review_time_pending_days_avg": 161.16908181818184, "review_time_pending_days_median": 193.23699999999999, "review_time_pending_update_days_avg": 148.64545454545453, "review_time_pending_update_days_median": 179.08709999999999, "submitted": 153}