{"abandoned": 37, "merged": 278, "new": 5, "pending": 5, "review_time_days_avg": 4.540744827586204, "review_time_days_median": 0.2559, "review_time_pending_days_avg": 174.06569999999999, "review_time_pending_days_median": 186.1782, "review_time_pending_update_days_avg": 173.12990000000002, "review_time_pending_update_days_median": 186.17784999999998, "submitted": 320}