{"abandoned": 85, "merged": 2101, "new": 12, "pending": 12, "review_time_days_avg": 6.65283322033898, "review_time_days_median": 0.9243, "review_time_pending_days_avg": 74.548516666666671, "review_time_pending_days_median": 58.316699999999997, "submitted": 2198}