{"abandoned": 14, "merged": 412, "new": 6, "pending": 6, "review_time_days_avg": 2.2227875, "review_time_days_median": 0.43789999999999996, "review_time_pending_days_avg": 84.070120000000003, "review_time_pending_days_median": 51.337499999999999, "submitted": 432}