{"abandoned": 24, "merged": 653, "new": 1, "pending": 1, "review_time_days_avg": 2.947386538461537, "review_time_days_median": 0.7945, "review_time_pending_days_avg": 34.390300000000003, "review_time_pending_days_median": 34.390300000000003, "submitted": 678}