{"abandoned": 31, "merged": 408, "new": 5, "pending": 5, "review_time_days_avg": 4.641888235294116, "review_time_days_median": 1.6552, "review_time_pending_days_avg": 216.52947500000002, "review_time_pending_days_median": 239.82534999999999, "submitted": 444}