{"abandoned": 2, "merged": 66, "pending": 3, "review_time_days_avg": 189.72663333333333, "review_time_days_median": 170.39544999999998, "submitted": 71}