{"abandoned": 12, "merged": 79, "new": 8, "pending": 8, "review_time_days_avg": 16.96495, "review_time_days_median": 4.20975, "review_time_pending_days_avg": 136.08342500000001, "review_time_pending_days_median": 115.84744999999999, "review_time_pending_update_days_avg": 65.689362500000001, "review_time_pending_update_days_median": 26.036700000000003, "submitted": 99}