{"abandoned": 29, "merged": 604, "new": 11, "pending": 11, "review_time_days_avg": 4.553734285714288, "review_time_days_median": 0.45575, "review_time_pending_days_avg": 64.354145454545446, "review_time_pending_days_median": 34.653599999999997, "review_time_pending_update_days_avg": 31.524854545454545, "review_time_pending_update_days_median": 7.2019000000000002, "submitted": 644}