{"abandoned": 2, "merged": 53, "new": 1, "pending": 1, "review_time_days_avg": 244.59228095238103, "review_time_days_median": 271.9344, "review_time_pending_days_avg": 5.8291000000000004, "review_time_pending_days_median": 5.8291000000000004, "review_time_pending_update_days_avg": 5.8265000000000002, "review_time_pending_update_days_median": 5.8265000000000002, "submitted": 56}