{"abandoned": 9, "merged": 269, "new": 4, "pending": 4, "review_time_days_avg": 10.404163636363638, "review_time_days_median": 2.8614, "review_time_pending_days_avg": 129.27680000000001, "review_time_pending_days_median": 129.27680000000001, "submitted": 282}