{"abandoned": 3, "merged": 239, "new": 2, "pending": 2, "review_time_days_avg": 25.82701818181818, "review_time_days_median": 1.6461, "review_time_pending_days_avg": 76.402349999999998, "review_time_pending_days_median": 76.402349999999998, "submitted": 244}