{"abandoned": 5, "merged": 137, "new": 10, "pending": 10, "review_time_days_avg": 10.43269814814815, "review_time_days_median": 1.98765, "review_time_pending_days_avg": 175.15388999999999, "review_time_pending_days_median": 191.26965000000001, "review_time_pending_update_days_avg": 161.60194000000001, "review_time_pending_update_days_median": 180.87279999999998, "submitted": 152}