{"abandoned": 63, "merged": 996, "new": 14, "pending": 14, "review_time_days_avg": 2.257227826086955, "review_time_days_median": 0.1786, "review_time_pending_days_avg": 44.993778571428564, "review_time_pending_days_median": 9.579699999999999, "review_time_pending_update_days_avg": 12.179699999999999, "review_time_pending_update_days_median": 5.8689999999999998, "submitted": 1073}