{"abandoned": 59, "merged": 1205, "pending": 6, "review_time_days_avg": 79.71960167597761, "review_time_days_median": 5.0535499999999995, "submitted": 1270}