{"abandoned": 5, "merged": 25, "new": 2, "pending": 2, "review_time_days_avg": 11.358566666666668, "review_time_days_median": 6.439, "review_time_pending_days_avg": 197.89975000000001, "review_time_pending_days_median": 197.89975000000001, "review_time_pending_update_days_avg": 145.35580000000002, "review_time_pending_update_days_median": 145.35580000000002, "submitted": 32}