{"abandoned": 354, "merged": 3222, "new": 15, "pending": 15, "review_time_days_avg": 3.1359740492170056, "review_time_days_median": 0.809, "review_time_pending_days_avg": 28.038566666666664, "review_time_pending_days_median": 19.241399999999999, "review_time_pending_update_days_avg": 13.694373333333335, "review_time_pending_update_days_median": 4.3029999999999999, "submitted": 3591}