{"abandoned": 34, "merged": 245, "new": 5, "pending": 5, "review_time_days_avg": 6.37353623188406, "review_time_days_median": 0.9426, "review_time_pending_days_avg": 72.183660000000003, "review_time_pending_days_median": 49.251300000000001, "review_time_pending_update_days_avg": 66.203620000000001, "review_time_pending_update_days_median": 49.230400000000003, "submitted": 284}