{"abandoned": 25, "merged": 201, "new": 2, "pending": 2, "review_time_days_avg": 8.940065517241377, "review_time_days_median": 1.7056, "review_time_pending_days_avg": 84.860050000000001, "review_time_pending_days_median": 84.860050000000001, "review_time_pending_update_days_avg": 84.008449999999996, "review_time_pending_update_days_median": 84.008449999999996, "submitted": 228}