{"abandoned": 322, "merged": 3771, "new": 46, "pending": 46, "review_time_days_avg": 5.2458611077297626, "review_time_days_median": 0.759, "review_time_pending_days_avg": 53.583542222222221, "review_time_pending_days_median": 10.5738, "review_time_pending_update_days_avg": 26.52059777777777, "review_time_pending_update_days_median": 3.9285999999999999, "submitted": 4139}