{"abandoned": 32, "merged": 619, "new": 11, "pending": 11, "review_time_days_avg": 4.274930666666669, "review_time_days_median": 0.4255, "review_time_pending_days_avg": 72.183800000000005, "review_time_pending_days_median": 33.647799999999997, "review_time_pending_update_days_avg": 42.072390909090899, "review_time_pending_update_days_median": 20.7621, "submitted": 662}