{"abandoned": 3, "merged": 51, "new": 2, "pending": 2, "review_time_days_avg": 23.674841666666666, "review_time_days_median": 1.3883, "review_time_pending_days_avg": 86.818349999999995, "review_time_pending_days_median": 86.818349999999995, "review_time_pending_update_days_avg": 86.414299999999997, "review_time_pending_update_days_median": 86.414299999999997, "submitted": 56}