{"abandoned": 3, "merged": 20, "new": 1, "pending": 1, "review_time_days_avg": 0.5087333333333334, "review_time_days_median": 0.011550000000000001, "review_time_pending_days_avg": 23.3005, "review_time_pending_days_median": 23.3005, "review_time_pending_update_days_avg": 9.5424000000000007, "review_time_pending_update_days_median": 9.5424000000000007, "submitted": 24}