{"abandoned": 12, "merged": 689, "new": 10, "pending": 10, "review_time_days_avg": 15.613153846153848, "review_time_days_median": 2.8699, "review_time_pending_days_avg": 51.128650000000007, "review_time_pending_days_median": 40.310699999999997, "submitted": 711}