{"abandoned": 69, "merged": 382, "new": 42, "pending": 42, "review_time_days_avg": 16.307009459459454, "review_time_days_median": 1.36415, "review_time_pending_days_avg": 200.38698399999993, "review_time_pending_days_median": 173.21100000000001, "review_time_pending_update_days_avg": 163.09565199999997, "review_time_pending_update_days_median": 165.63679999999999, "submitted": 493}