{"abandoned": 9, "merged": 104, "new": 6, "pending": 6, "review_time_days_avg": 21.069378461538463, "review_time_days_median": 3.2324, "review_time_pending_days_avg": 54.150799999999997, "review_time_pending_days_median": 46.572650000000003, "submitted": 119}