{"abandoned": 17, "merged": 409, "new": 5, "pending": 5, "review_time_days_avg": 1.379786449864499, "review_time_days_median": 0.1378, "review_time_pending_days_avg": 8.6714200000000012, "review_time_pending_days_median": 7.9275000000000002, "submitted": 431}