{"abandoned": 11, "merged": 50, "new": 13, "pending": 13, "review_time_days_avg": 10.644491176470586, "review_time_days_median": 3.82495, "review_time_pending_days_avg": 155.03185384615384, "review_time_pending_days_median": 82.004400000000004, "review_time_pending_update_days_avg": 124.87196153846153, "review_time_pending_update_days_median": 77.537099999999995, "submitted": 74}