{"abandoned": 2, "merged": 26, "new": 2, "pending": 2, "review_time_days_avg": 8.576466666666667, "review_time_days_median": 0.3146, "review_time_pending_days_avg": 11.641999999999999, "review_time_pending_days_median": 11.641999999999999, "submitted": 30}