{"abandoned": 29, "merged": 608, "new": 11, "pending": 11, "review_time_days_avg": 4.553734285714288, "review_time_days_median": 0.45575, "review_time_pending_days_avg": 66.466818181818169, "review_time_pending_days_median": 37.2896, "review_time_pending_update_days_avg": 33.637536363636357, "review_time_pending_update_days_median": 9.8378999999999994, "submitted": 648}