{"abandoned": 61, "merged": 593, "pending": 18, "review_time_days_avg": 4.477644500000002, "review_time_days_median": 1.0324499999999999, "submitted": 672}