{"abandoned": 19, "merged": 431, "new": 2, "pending": 2, "review_time_days_avg": 1.371883720930233, "review_time_days_median": 0.137, "review_time_pending_days_avg": 15.082049999999999, "review_time_pending_days_median": 15.082049999999999, "submitted": 452}