{"abandoned": 3, "merged": 9, "new": 5, "pending": 5, "review_time_days_avg": 7.2279857142857145, "review_time_days_median": 3.9845, "review_time_pending_days_avg": 8.5955200000000005, "review_time_pending_days_median": 9.4777000000000005, "submitted": 17}