{"abandoned": 25, "merged": 200, "new": 2, "pending": 2, "review_time_days_avg": 9.230671428571428, "review_time_days_median": 1.99095, "review_time_pending_days_avg": 65.683000000000007, "review_time_pending_days_median": 65.683000000000007, "submitted": 227}