{"abandoned": 22, "merged": 712, "new": 7, "pending": 7, "review_time_days_avg": 23.590953333333324, "review_time_days_median": 1.8401999999999998, "review_time_pending_days_avg": 94.191099999999992, "review_time_pending_days_median": 88.786450000000002, "submitted": 741}