{"abandoned": 202, "merged": 2997, "new": 33, "pending": 33, "review_time_days_avg": 4.159585915492952, "review_time_days_median": 0.90915, "review_time_pending_days_avg": 106.48694545454543, "review_time_pending_days_median": 91.911299999999997, "submitted": 3232}