{"abandoned": 110, "merged": 651, "new": 9, "pending": 9, "review_time_days_avg": 2.8368586854460096, "review_time_days_median": 0.3467, "review_time_pending_days_avg": 63.223966666666669, "review_time_pending_days_median": 60.125100000000003, "submitted": 770}