{"abandoned": 62, "merged": 612, "new": 29, "pending": 29, "review_time_days_avg": 3.3900084362139924, "review_time_days_median": 0.6497999999999999, "review_time_pending_days_avg": 67.85154482758621, "review_time_pending_days_median": 23.587299999999999, "submitted": 703}