{"abandoned": 8, "merged": 39, "new": 4, "pending": 4, "review_time_days_avg": 9.537525, "review_time_days_median": 2.4466, "review_time_pending_days_avg": 145.05189999999999, "review_time_pending_days_median": 145.05189999999999, "review_time_pending_update_days_avg": 134.52529999999999, "review_time_pending_update_days_median": 134.52529999999999, "submitted": 51}