{"abandoned": 6, "merged": 54, "new": 8, "pending": 8, "review_time_days_avg": 12.867634782608695, "review_time_days_median": 5.9316, "review_time_pending_days_avg": 157.78075000000001, "review_time_pending_days_median": 154.99620000000002, "submitted": 68}