{"abandoned": 26, "merged": 372, "new": 8, "pending": 8, "review_time_days_avg": 4.956903571428568, "review_time_days_median": 0.3038, "review_time_pending_days_avg": 71.152287500000014, "review_time_pending_days_median": 57.314749999999997, "submitted": 406}