{"abandoned": 12, "merged": 76, "new": 9, "pending": 9, "review_time_days_avg": 19.59809411764706, "review_time_days_median": 7.2355, "review_time_pending_days_avg": 115.71975555555557, "review_time_pending_days_median": 107.4003, "review_time_pending_update_days_avg": 53.147244444444446, "review_time_pending_update_days_median": 19.701599999999999, "submitted": 97}