{"abandoned": 12, "merged": 364, "pending": 0, "review_time_days_avg": 188.98728731884057, "review_time_days_median": 216.35225, "submitted": 376}