{"abandoned": 13, "merged": 130, "new": 1, "pending": 1, "review_time_days_avg": 39.27281666666667, "review_time_days_median": 7.041300000000001, "review_time_pending_days_avg": 6.3813000000000004, "review_time_pending_days_median": 6.3813000000000004, "review_time_pending_update_days_avg": 2.7416999999999998, "review_time_pending_update_days_median": 2.7416999999999998, "submitted": 144}