{"abandoned": 356, "merged": 3245, "new": 18, "pending": 18, "review_time_days_avg": 3.1197496323529443, "review_time_days_median": 0.79165, "review_time_pending_days_avg": 25.029127777777781, "review_time_pending_days_median": 16.688099999999999, "review_time_pending_update_days_avg": 7.2364777777777771, "review_time_pending_update_days_median": 3.3199000000000001, "submitted": 3619}