{"abandoned": 338, "merged": 3114, "new": 20, "pending": 20, "review_time_days_avg": 4.271555223880597, "review_time_days_median": 1.8317999999999999, "review_time_pending_days_avg": 27.023464999999995, "review_time_pending_days_median": 25.607399999999998, "submitted": 3472}