{"abandoned": 2, "merged": 11, "new": 1, "pending": 1, "review_time_days_avg": 12.1225, "review_time_days_median": 12.1225, "review_time_pending_days_avg": 40.384900000000002, "review_time_pending_days_median": 40.384900000000002, "review_time_pending_update_days_avg": 38.599600000000002, "review_time_pending_update_days_median": 38.599600000000002, "submitted": 14}