{"abandoned": 1, "merged": 15, "new": 2, "pending": 2, "review_time_days_avg": 48.663128571428565, "review_time_days_median": 3.1805, "review_time_pending_days_avg": 245.74610000000001, "review_time_pending_days_median": 245.74610000000001, "review_time_pending_update_days_avg": 188.12004999999999, "review_time_pending_update_days_median": 188.12004999999999, "submitted": 18}