{"abandoned": 8, "merged": 132, "new": 10, "pending": 10, "review_time_days_avg": 19.395007894736835, "review_time_days_median": 2.01495, "review_time_pending_days_avg": 93.578033333333309, "review_time_pending_days_median": 65.385499999999993, "submitted": 150}