{"abandoned": 25, "merged": 308, "new": 19, "pending": 19, "review_time_days_avg": 4.159208641975308, "review_time_days_median": 0.4752, "review_time_pending_days_avg": 68.238573684210508, "review_time_pending_days_median": 43.064700000000002, "submitted": 352}