{"abandoned": 5, "merged": 81, "new": 13, "pending": 13, "review_time_days_avg": 21.671042857142854, "review_time_days_median": 16.5602, "review_time_pending_days_avg": 109.96739230769231, "review_time_pending_days_median": 110.7587, "review_time_pending_update_days_avg": 104.63407692307695, "review_time_pending_update_days_median": 99.692899999999995, "submitted": 99}