{"abandoned": 83, "merged": 1538, "new": 14, "pending": 14, "review_time_days_avg": 4.5965460280373795, "review_time_days_median": 0.30545, "review_time_pending_days_avg": 69.175371428571424, "review_time_pending_days_median": 27.417999999999999, "submitted": 1635}