{"abandoned": 30, "merged": 612, "new": 10, "pending": 10, "review_time_days_avg": 4.433829166666669, "review_time_days_median": 0.44015, "review_time_pending_days_avg": 75.939280000000011, "review_time_pending_days_median": 45.364050000000006, "review_time_pending_update_days_avg": 39.829729999999998, "review_time_pending_update_days_median": 18.107300000000002, "submitted": 652}