{"abandoned": 3, "merged": 26, "new": 2, "pending": 2, "review_time_days_avg": 6.433599999999999, "review_time_days_median": 0.2114, "review_time_pending_days_avg": 18.430050000000001, "review_time_pending_days_median": 18.430050000000001, "review_time_pending_update_days_avg": 8.5543999999999993, "review_time_pending_update_days_median": 8.5543999999999993, "submitted": 31}