{"abandoned": 11, "merged": 49, "new": 14, "pending": 14, "review_time_days_avg": 10.34912424242424, "review_time_days_median": 3.7447, "review_time_pending_days_avg": 134.15890714285712, "review_time_pending_days_median": 67.752700000000004, "submitted": 74}