{"abandoned": 9, "merged": 176, "new": 8, "pending": 8, "review_time_days_avg": 6.922603370786515, "review_time_days_median": 1.7909, "review_time_pending_days_avg": 11.132150000000001, "review_time_pending_days_median": 6.2705000000000002, "review_time_pending_update_days_avg": 8.7793375000000005, "review_time_pending_update_days_median": 5.5486000000000004, "submitted": 193}