{"abandoned": 30, "merged": 613, "new": 10, "pending": 10, "review_time_days_avg": 4.433829166666669, "review_time_days_median": 0.44015, "review_time_pending_days_avg": 77.933580000000021, "review_time_pending_days_median": 47.358350000000002, "review_time_pending_update_days_avg": 41.824030000000008, "review_time_pending_update_days_median": 20.101600000000001, "submitted": 653}