{"abandoned": 85, "merged": 2102, "new": 13, "pending": 13, "review_time_days_avg": 6.64099966216216, "review_time_days_median": 0.9248000000000001, "review_time_pending_days_avg": 69.030730769230772, "review_time_pending_days_median": 30.018000000000001, "submitted": 2200}