{"abandoned": 1, "merged": 71, "pending": 0, "review_time_days_avg": 262.75582857142854, "review_time_days_median": 314.41790000000003, "submitted": 73}