{"abandoned": 37, "merged": 296, "new": 17, "pending": 17, "review_time_days_avg": 4.117122177419356, "review_time_days_median": 1.13155, "review_time_pending_days_avg": 40.745258823529412, "review_time_pending_days_median": 26.362500000000001, "review_time_pending_update_days_avg": 29.003776470588235, "review_time_pending_update_days_median": 24.613399999999999, "submitted": 350}