{"abandoned": 55, "merged": 716, "new": 22, "pending": 22, "review_time_days_avg": 10.487740476190474, "review_time_days_median": 1.3674, "review_time_pending_days_avg": 196.81952857142858, "review_time_pending_days_median": 282.24829999999997, "submitted": 793}