{"abandoned": 20, "merged": 248, "new": 9, "pending": 9, "review_time_days_avg": 3.2462630434782604, "review_time_days_median": 0.45775, "review_time_pending_days_avg": 21.885533333333328, "review_time_pending_days_median": 13.9064, "review_time_pending_update_days_avg": 6.0401888888888884, "review_time_pending_update_days_median": 3.7597999999999998, "submitted": 277}