{"abandoned": 24, "merged": 702, "pending": 11, "review_time_days_avg": 143.0520421296296, "review_time_days_median": 102.05420000000001, "submitted": 737}