{"abandoned": 12, "merged": 690, "new": 10, "pending": 10, "review_time_days_avg": 12.374297560975613, "review_time_days_median": 1.1571500000000001, "review_time_pending_days_avg": 54.325009999999999, "review_time_pending_days_median": 43.50705, "submitted": 712}