{"abandoned": 6, "merged": 57, "new": 3, "pending": 3, "review_time_days_avg": 6.853017021276595, "review_time_days_median": 0.939, "review_time_pending_days_avg": 159.98949999999999, "review_time_pending_days_median": 212.98259999999999, "review_time_pending_update_days_avg": 107.17833333333334, "review_time_pending_update_days_median": 120.58669999999999, "submitted": 66}