{"abandoned": 27, "merged": 268, "new": 3, "pending": 3, "review_time_days_avg": 11.312865789473683, "review_time_days_median": 1.8154, "review_time_pending_days_avg": 17.639133333333334, "review_time_pending_days_median": 16.427800000000001, "submitted": 298}