{"abandoned": 57, "merged": 334, "new": 25, "pending": 25, "review_time_days_avg": 4.940840206185567, "review_time_days_median": 0.053, "review_time_pending_days_avg": 190.37965416666668, "review_time_pending_days_median": 235.70285000000001, "review_time_pending_update_days_avg": 167.18320833333334, "review_time_pending_update_days_median": 177.73885000000001, "submitted": 416}