{"abandoned": 6, "merged": 57, "new": 3, "pending": 3, "review_time_days_avg": 6.853017021276595, "review_time_days_median": 0.939, "review_time_pending_days_avg": 157.96039999999999, "review_time_pending_days_median": 210.95349999999999, "submitted": 66}