{"abandoned": 12, "merged": 341, "new": 10, "pending": 10, "review_time_days_avg": 12.374297560975613, "review_time_days_median": 1.1571500000000001, "review_time_pending_days_avg": 57.147450000000006, "review_time_pending_days_median": 46.329499999999996, "submitted": 363}