{"abandoned": 85, "merged": 2106, "new": 15, "pending": 15, "review_time_days_avg": 6.598583221476508, "review_time_days_median": 0.92275, "review_time_pending_days_avg": 63.864793333333324, "review_time_pending_days_median": 18.375399999999999, "submitted": 2206}