{"abandoned": 4, "merged": 572, "new": 3, "pending": 3, "review_time_days_avg": 10.975107499999998, "review_time_days_median": 1.46435, "review_time_pending_days_avg": 85.517433333333329, "review_time_pending_days_median": 33.583599999999997, "submitted": 579}