{"abandoned": 13, "merged": 78, "new": 6, "pending": 6, "review_time_days_avg": 2.1693666666666664, "review_time_days_median": 0.3058, "review_time_pending_days_avg": 100.64360000000001, "review_time_pending_days_median": 70.271199999999993, "review_time_pending_update_days_avg": 70.976599999999991, "review_time_pending_update_days_median": 67.545699999999997, "submitted": 97}