{"abandoned": 154, "merged": 1705, "new": 18, "pending": 18, "review_time_days_avg": 3.2922834162520713, "review_time_days_median": 0.1392, "review_time_pending_days_avg": 164.69948181818182, "review_time_pending_days_median": 158.94630000000001, "submitted": 1877}