{"abandoned": 8, "merged": 32, "new": 7, "pending": 7, "review_time_days_avg": 6.36849375, "review_time_days_median": 0.56165, "review_time_pending_days_avg": 53.841925000000003, "review_time_pending_days_median": 48.860600000000005, "review_time_pending_update_days_avg": 50.946150000000003, "review_time_pending_update_days_median": 44.896799999999999, "submitted": 47}