{"abandoned": 57, "merged": 333, "new": 24, "pending": 24, "review_time_days_avg": 4.9917895833333334, "review_time_days_median": 0.059800000000000006, "review_time_pending_days_avg": 195.58316086956512, "review_time_pending_days_median": 298.24270000000001, "review_time_pending_update_days_avg": 171.37817826086956, "review_time_pending_update_days_median": 182.32089999999999, "submitted": 414}