{"abandoned": 354, "merged": 3223, "new": 16, "pending": 16, "review_time_days_avg": 3.1359740492170056, "review_time_days_median": 0.809, "review_time_pending_days_avg": 25.927706250000004, "review_time_pending_days_median": 17.138300000000001, "review_time_pending_update_days_avg": 13.5236375, "review_time_pending_update_days_median": 5.5193499999999993, "submitted": 3593}