{"abandoned": 836, "merged": 12385, "new": 137, "pending": 137, "review_time_days_avg": 10.396210179640724, "review_time_days_median": 1.7905, "review_time_pending_days_avg": 71.464338582677144, "review_time_pending_days_median": 35.723199999999999, "submitted": 13358}