{"abandoned": 8, "merged": 52, "new": 1, "pending": 1, "review_time_days_avg": 14.245394444444441, "review_time_days_median": 1.16615, "review_time_pending_days_avg": 24.051500000000001, "review_time_pending_days_median": 24.051500000000001, "review_time_pending_update_days_avg": 23.813600000000001, "review_time_pending_update_days_median": 23.813600000000001, "submitted": 61}