{"abandoned": 7, "merged": 48, "new": 1, "pending": 1, "review_time_days_avg": 1.0734333333333332, "review_time_days_median": 0.4477, "review_time_pending_days_avg": 99.455799999999996, "review_time_pending_days_median": 99.455799999999996, "submitted": 56}