{"abandoned": 5, "merged": 163, "new": 9, "pending": 9, "review_time_days_avg": 35.23437142857143, "review_time_days_median": 17.0082, "review_time_pending_days_avg": 170.31438333333335, "review_time_pending_days_median": 171.80925000000002, "review_time_pending_update_days_avg": 131.49481666666665, "review_time_pending_update_days_median": 66.231899999999996, "submitted": 177}