{"abandoned": 870, "merged": 12927, "new": 140, "pending": 140, "review_time_days_avg": 6.913922652659232, "review_time_days_median": 0.3774, "review_time_pending_days_avg": 70.235813076923037, "review_time_pending_days_median": 30.165599999999998, "review_time_pending_update_days_avg": 42.041000769230791, "review_time_pending_update_days_median": 12.5489, "submitted": 13937}