{"abandoned": 154, "merged": 1705, "new": 18, "pending": 18, "review_time_days_avg": 3.2922834162520713, "review_time_days_median": 0.1392, "review_time_pending_days_avg": 179.27854545454545, "review_time_pending_days_median": 173.52539999999999, "review_time_pending_update_days_avg": 131.14464545454547, "review_time_pending_update_days_median": 120.24250000000001, "submitted": 1877}