{"abandoned": 56, "merged": 717, "new": 25, "pending": 25, "review_time_days_avg": 10.819737209302325, "review_time_days_median": 1.4257, "review_time_pending_days_avg": 175.1616291666667, "review_time_pending_days_median": 218.70204999999999, "submitted": 798}