{"abandoned": 1316, "merged": 10753, "new": 478, "pending": 478, "review_time_days_avg": 14.674469084573976, "review_time_days_median": 0.9, "review_time_pending_days_avg": 110.34672552631584, "review_time_pending_days_median": 74.129249999999999, "review_time_pending_update_days_avg": 60.085132368421, "review_time_pending_update_days_median": 32.029049999999998, "submitted": 12547}