{"abandoned": 200, "merged": 3395, "new": 39, "pending": 39, "review_time_days_avg": 4.178343151298114, "review_time_days_median": 0.8998, "review_time_pending_days_avg": 91.727910256410254, "review_time_pending_days_median": 75.857399999999998, "submitted": 3634}