{"abandoned": 6, "merged": 335, "new": 9, "pending": 9, "review_time_days_avg": 15.26393157894737, "review_time_days_median": 6.0307, "review_time_pending_days_avg": 150.13902500000003, "review_time_pending_days_median": 147.35445000000001, "submitted": 350}