{"abandoned": 28, "merged": 584, "new": 14, "pending": 14, "review_time_days_avg": 6.249454000000002, "review_time_days_median": 0.82195, "review_time_pending_days_avg": 43.902442857142852, "review_time_pending_days_median": 8.5302000000000007, "submitted": 626}