{"abandoned": 31, "merged": 408, "new": 5, "pending": 5, "review_time_days_avg": 4.641888235294116, "review_time_days_median": 1.6552, "review_time_pending_days_avg": 218.51207499999998, "review_time_pending_days_median": 241.80795000000001, "review_time_pending_update_days_avg": 165.22585000000001, "review_time_pending_update_days_median": 181.07220000000001, "submitted": 444}