{"abandoned": 62, "merged": 624, "new": 26, "pending": 26, "review_time_days_avg": 3.4826889558232934, "review_time_days_median": 0.6719999999999999, "review_time_pending_days_avg": 78.713300000000004, "review_time_pending_days_median": 48.482399999999998, "submitted": 712}