{"abandoned": 2, "merged": 8, "new": 2, "pending": 2, "review_time_days_avg": 107.95128, "review_time_days_median": 28.8791, "review_time_pending_days_avg": 89.034300000000002, "review_time_pending_days_median": 89.034300000000002, "review_time_pending_update_days_avg": 89.034300000000002, "review_time_pending_update_days_median": 89.034300000000002, "submitted": 12}