{"abandoned": 5, "merged": 81, "new": 13, "pending": 13, "review_time_days_avg": 21.671042857142854, "review_time_days_median": 16.5602, "review_time_pending_days_avg": 97.970207692307682, "review_time_pending_days_median": 98.761600000000001, "review_time_pending_update_days_avg": 92.636876923076954, "review_time_pending_update_days_median": 87.695700000000002, "submitted": 99}