{"abandoned": 9, "merged": 176, "new": 8, "pending": 8, "review_time_days_avg": 6.922603370786515, "review_time_days_median": 1.7909, "review_time_pending_days_avg": 8.160899999999998, "review_time_pending_days_median": 3.2992999999999997, "review_time_pending_update_days_avg": 5.9126374999999989, "review_time_pending_update_days_median": 2.5773999999999999, "submitted": 193}