{"abandoned": 2, "merged": 6, "new": 1, "pending": 1, "review_time_days_avg": 4.5968, "review_time_days_median": 4.5968, "review_time_pending_days_avg": 0.86429999999999996, "review_time_pending_days_median": 0.86429999999999996, "review_time_pending_update_days_avg": 0.86419999999999997, "review_time_pending_update_days_median": 0.86419999999999997, "submitted": 9}