{"abandoned": 2, "merged": 26, "new": 4, "pending": 4, "review_time_days_avg": 52.282093333333336, "review_time_days_median": 6.9699, "review_time_pending_days_avg": 70.169066666666666, "review_time_pending_days_median": 76.566000000000003, "review_time_pending_update_days_avg": 68.647233333333332, "review_time_pending_update_days_median": 76.565600000000003, "submitted": 32}