{"abandoned": 200, "merged": 3396, "new": 38, "pending": 38, "review_time_days_avg": 4.178343151298114, "review_time_days_median": 0.8998, "review_time_pending_days_avg": 94.252784210526329, "review_time_pending_days_median": 78.265600000000006, "submitted": 3634}