{"abandoned": 12, "merged": 77, "new": 9, "pending": 9, "review_time_days_avg": 18.555411111111113, "review_time_days_median": 5.26265, "review_time_pending_days_avg": 118.69241111111108, "review_time_pending_days_median": 110.373, "review_time_pending_update_days_avg": 56.119888888888894, "review_time_pending_update_days_median": 22.674199999999999, "submitted": 98}