{"abandoned": 9, "merged": 104, "new": 6, "pending": 6, "review_time_days_avg": 18.058781818181817, "review_time_days_median": 2.6518, "review_time_pending_days_avg": 71.523266666666672, "review_time_pending_days_median": 63.945099999999996, "review_time_pending_update_days_avg": 35.479033333333334, "review_time_pending_update_days_median": 26.484349999999999, "submitted": 119}