{"abandoned": 6, "merged": 176, "new": 4, "pending": 4, "review_time_days_avg": 9.630056249999999, "review_time_days_median": 1.9313, "review_time_pending_days_avg": 112.55909999999999, "review_time_pending_days_median": 107.66585000000001, "submitted": 186}