{"abandoned": 31, "merged": 407, "new": 6, "pending": 6, "review_time_days_avg": 4.404018749999999, "review_time_days_median": 1.3310499999999998, "review_time_pending_days_avg": 171.46711999999999, "review_time_pending_days_median": 210.70259999999999, "submitted": 444}