{"abandoned": 5, "merged": 162, "new": 9, "pending": 9, "review_time_days_avg": 35.23437142857143, "review_time_days_median": 17.0082, "review_time_pending_days_avg": 157.50704999999999, "review_time_pending_days_median": 159.00195000000002, "submitted": 176}