{"abandoned": 9, "merged": 74, "new": 10, "pending": 10, "review_time_days_avg": 5.4590493150684924, "review_time_days_median": 0.7899, "review_time_pending_days_avg": 69.924240000000012, "review_time_pending_days_median": 47.825949999999999, "review_time_pending_update_days_avg": 49.454840000000004, "review_time_pending_update_days_median": 26.049050000000001, "submitted": 93}