{"abandoned": 23, "merged": 197, "new": 11, "pending": 11, "review_time_days_avg": 19.21146623376624, "review_time_days_median": 3.3864, "review_time_pending_days_avg": 127.63991000000001, "review_time_pending_days_median": 145.53909999999999, "submitted": 231}