{"abandoned": 30, "merged": 752, "new": 2, "pending": 2, "review_time_days_avg": 5.512334482758621, "review_time_days_median": 1.5691000000000002, "review_time_pending_days_avg": 211.32055000000003, "review_time_pending_days_median": 211.32055000000003, "submitted": 784}