{"abandoned": 62, "merged": 612, "new": 29, "pending": 29, "review_time_days_avg": 4.437415902964962, "review_time_days_median": 1.0383, "review_time_pending_days_avg": 67.813479310344832, "review_time_pending_days_median": 23.549199999999999, "submitted": 703}