{"abandoned": 35, "merged": 703, "new": 4, "pending": 4, "review_time_days_avg": 7.051680357142856, "review_time_days_median": 1.7038, "review_time_pending_days_avg": 206.79206666666667, "review_time_pending_days_median": 203.42490000000001, "submitted": 742}