{"abandoned": 60, "merged": 969, "new": 9, "pending": 9, "review_time_days_avg": 2.232177231329688, "review_time_days_median": 0.1761, "review_time_pending_days_avg": 64.471299999999985, "review_time_pending_days_median": 20.925000000000001, "submitted": 1038}