{"abandoned": 63, "merged": 980, "new": 8, "pending": 8, "review_time_days_avg": 2.2407871198568854, "review_time_days_median": 0.1755, "review_time_pending_days_avg": 65.656975000000003, "review_time_pending_days_median": 24.784099999999999, "submitted": 1051}