{"abandoned": 204, "merged": 3418, "new": 34, "pending": 34, "review_time_days_avg": 4.156304133685131, "review_time_days_median": 0.9091, "review_time_pending_days_avg": 101.24259411764704, "review_time_pending_days_median": 85.953199999999995, "submitted": 3656}