{"abandoned": 25, "merged": 308, "new": 19, "pending": 19, "review_time_days_avg": 4.086925301204819, "review_time_days_median": 0.4955, "review_time_pending_days_avg": 68.222542105263159, "review_time_pending_days_median": 43.048699999999997, "submitted": 352}