{"abandoned": 14, "merged": 227, "new": 4, "pending": 4, "review_time_days_avg": 7.239973437499998, "review_time_days_median": 0.7098, "review_time_pending_days_avg": 75.282274999999998, "review_time_pending_days_median": 15.645300000000001, "submitted": 245}