{"abandoned": 7, "merged": 122, "pending": 9, "review_time_days_avg": 20.615908823529406, "review_time_days_median": 1.0821999999999998, "submitted": 139}