{"abandoned": 48, "merged": 289, "new": 11, "pending": 11, "review_time_days_avg": 7.224521874999999, "review_time_days_median": 3.326, "review_time_pending_days_avg": 55.384011111111107, "review_time_pending_days_median": 20.783999999999999, "submitted": 348}