{"abandoned": 2, "merged": 24, "new": 4, "pending": 4, "review_time_days_avg": 59.784076923076924, "review_time_days_median": 12.1183, "review_time_pending_days_avg": 57.439100000000003, "review_time_pending_days_median": 61.420200000000001, "submitted": 30}