{"abandoned": 1266, "merged": 11058, "new": 461, "pending": 461, "review_time_days_avg": 19.70274182736456, "review_time_days_median": 2.81625, "submitted": 12785}