{"abandoned": 31, "merged": 408, "new": 5, "pending": 5, "review_time_days_avg": 4.641888235294116, "review_time_days_median": 1.6552, "review_time_pending_days_avg": 224.507375, "review_time_pending_days_median": 247.80324999999999, "review_time_pending_update_days_avg": 140.26734999999999, "review_time_pending_update_days_median": 143.22525000000002, "submitted": 444}