{"abandoned": 16, "merged": 399, "new": 2, "pending": 2, "review_time_days_avg": 0.93406, "review_time_days_median": 0.02785, "review_time_pending_days_avg": 3.6833499999999999, "review_time_pending_days_median": 3.6833499999999999, "review_time_pending_update_days_avg": 3.2745500000000001, "review_time_pending_update_days_median": 3.2745500000000001, "submitted": 417}