{"abandoned": 14, "merged": 238, "new": 1, "pending": 1, "review_time_days_avg": 7.564580303030301, "review_time_days_median": 0.8491500000000001, "review_time_pending_days_avg": 282.19560000000001, "review_time_pending_days_median": 282.19560000000001, "review_time_pending_update_days_avg": 255.3176, "review_time_pending_update_days_median": 255.3176, "submitted": 253}