{"abandoned": 142, "merged": 846, "new": 9, "pending": 9, "review_time_days_avg": 12.63650666666667, "review_time_days_median": 0.25855, "review_time_pending_days_avg": 204.8186285714286, "review_time_pending_days_median": 230.14750000000001, "review_time_pending_update_days_avg": 72.426814285714286, "review_time_pending_update_days_median": 82.688699999999997, "submitted": 997}