{"abandoned": 28, "merged": 591, "new": 15, "pending": 15, "review_time_days_avg": 6.249454000000002, "review_time_days_median": 0.82195, "review_time_pending_days_avg": 41.869926666666672, "review_time_pending_days_median": 8.4152000000000005, "submitted": 634}