{"abandoned": 2, "merged": 26, "new": 4, "pending": 4, "review_time_days_avg": 52.282093333333336, "review_time_days_median": 6.9699, "review_time_pending_days_avg": 70.012266666666662, "review_time_pending_days_median": 76.409199999999998, "review_time_pending_update_days_avg": 68.490433333333328, "review_time_pending_update_days_median": 76.408799999999999, "submitted": 32}