{"abandoned": 6, "merged": 58, "new": 3, "pending": 3, "review_time_days_avg": 6.8559770833333324, "review_time_days_median": 1.0131, "review_time_pending_days_avg": 175.92433333333335, "review_time_pending_days_median": 228.91739999999999, "review_time_pending_update_days_avg": 123.11316666666669, "review_time_pending_update_days_median": 136.52160000000001, "submitted": 67}