{"abandoned": 1, "merged": 5, "new": 1, "pending": 1, "review_time_days_avg": 1.9673599999999998, "review_time_days_median": 0.0139, "review_time_pending_days_avg": 3.4081000000000001, "review_time_pending_days_median": 3.4081000000000001, "review_time_pending_update_days_avg": 3.4077999999999999, "review_time_pending_update_days_median": 3.4077999999999999, "submitted": 7}