{"abandoned": 142, "merged": 1255, "new": 8, "pending": 8, "review_time_days_avg": 19.42969230769231, "review_time_days_median": 1.2563, "review_time_pending_days_avg": 229.60795000000005, "review_time_pending_days_median": 237.81990000000002, "submitted": 1405}