{"abandoned": 3, "merged": 255, "pending": 2, "review_time_days_avg": 278.3314547619048, "review_time_days_median": 310.31034999999997, "submitted": 261}