{"abandoned": 29, "merged": 598, "new": 10, "pending": 10, "review_time_days_avg": 6.124576923076925, "review_time_days_median": 0.8733500000000001, "review_time_pending_days_avg": 63.896400000000007, "review_time_pending_days_median": 33.321150000000003, "submitted": 637}