{"abandoned": 23, "merged": 331, "new": 3, "pending": 3, "review_time_days_avg": 1.692885185185185, "review_time_days_median": 0.7206, "review_time_pending_days_avg": 119.88460000000002, "review_time_pending_days_median": 52.247900000000001, "review_time_pending_update_days_avg": 104.99696666666667, "review_time_pending_update_days_median": 49.694600000000001, "submitted": 357}