{"abandoned": 154, "merged": 1705, "new": 18, "pending": 18, "review_time_days_avg": 3.2922834162520713, "review_time_days_median": 0.1392, "review_time_pending_days_avg": 172.36645454545453, "review_time_pending_days_median": 166.61330000000001, "review_time_pending_update_days_avg": 136.36566363636365, "review_time_pending_update_days_median": 127.3353, "submitted": 1877}