{"abandoned": 26, "merged": 390, "new": 9, "pending": 9, "review_time_days_avg": 4.979199999999997, "review_time_days_median": 1.0568499999999998, "review_time_pending_days_avg": 71.086955555555548, "review_time_pending_days_median": 24.3596, "review_time_pending_update_days_avg": 68.877677777777777, "review_time_pending_update_days_median": 24.358000000000001, "submitted": 425}