{"abandoned": 16, "merged": 399, "new": 1, "pending": 1, "review_time_days_avg": 0.93406, "review_time_days_median": 0.02785, "review_time_pending_days_avg": 0.77510000000000001, "review_time_pending_days_median": 0.77510000000000001, "review_time_pending_update_days_avg": 0.47699999999999998, "review_time_pending_update_days_median": 0.47699999999999998, "submitted": 416}