{"abandoned": 214, "merged": 3783, "new": 33, "pending": 33, "review_time_days_avg": 6.897467496723464, "review_time_days_median": 1.8643, "review_time_pending_days_avg": 48.065859375000016, "review_time_pending_days_median": 20.199750000000002, "review_time_pending_update_days_avg": 31.385693750000009, "review_time_pending_update_days_median": 18.73545, "submitted": 4030}