{"abandoned": 375, "merged": 4838, "new": 50, "pending": 50, "review_time_days_avg": 7.111542473633749, "review_time_days_median": 2.1379, "review_time_pending_days_avg": 63.050397959183677, "review_time_pending_days_median": 30.314599999999999, "submitted": 5263}