{"abandoned": 5, "merged": 81, "new": 13, "pending": 13, "review_time_days_avg": 21.671042857142854, "review_time_days_median": 16.5602, "review_time_pending_days_avg": 94.985776923076941, "review_time_pending_days_median": 95.777100000000004, "review_time_pending_update_days_avg": 89.652453846153847, "review_time_pending_update_days_median": 84.711200000000005, "submitted": 99}