{"abandoned": 10, "merged": 92, "new": 3, "pending": 3, "review_time_days_avg": 3.9141162499999993, "review_time_days_median": 0.80835, "review_time_pending_days_avg": 2.4539000000000004, "review_time_pending_days_median": 2.6406999999999998, "review_time_pending_update_days_avg": 2.4182999999999999, "review_time_pending_update_days_median": 2.6366999999999998, "submitted": 105}