{"abandoned": 9, "merged": 105, "new": 8, "pending": 8, "review_time_days_avg": 17.868611538461536, "review_time_days_median": 2.69825, "review_time_pending_days_avg": 66.272512499999991, "review_time_pending_days_median": 76.170350000000013, "review_time_pending_update_days_avg": 32.543887499999997, "review_time_pending_update_days_median": 23.028750000000002, "submitted": 122}