{"abandoned": 4, "merged": 82, "new": 1, "pending": 1, "review_time_days_avg": 10.630044680851062, "review_time_days_median": 1.291, "review_time_pending_days_avg": 235.68610000000001, "review_time_pending_days_median": 235.68610000000001, "review_time_pending_update_days_avg": 169.35480000000001, "review_time_pending_update_days_median": 169.35480000000001, "submitted": 87}