{"abandoned": 815, "merged": 12180, "pending": 129, "review_time_days_avg": 229.65604617314938, "review_time_days_median": 222.38745, "submitted": 13134}