{"abandoned": 5, "merged": 81, "new": 13, "pending": 13, "review_time_days_avg": 21.671042857142854, "review_time_days_median": 16.5602, "review_time_pending_days_avg": 106.93883076923079, "review_time_pending_days_median": 107.7302, "review_time_pending_update_days_avg": 101.60551538461536, "review_time_pending_update_days_median": 96.664299999999997, "submitted": 99}