{"abandoned": 4, "merged": 10, "new": 3, "pending": 3, "review_time_days_avg": 0.9587333333333334, "review_time_days_median": 0.0939, "review_time_pending_days_avg": 133.10383333333334, "review_time_pending_days_median": 123.44759999999999, "review_time_pending_update_days_avg": 107.05739999999999, "review_time_pending_update_days_median": 49.490299999999998, "submitted": 17}