{"abandoned": 23, "merged": 198, "new": 10, "pending": 10, "review_time_days_avg": 17.80761445783133, "review_time_days_median": 2.1456, "review_time_pending_days_avg": 139.34032222222223, "review_time_pending_days_median": 162.63910000000001, "submitted": 231}