{"abandoned": 57, "merged": 339, "new": 23, "pending": 23, "review_time_days_avg": 4.824645544554455, "review_time_days_median": 0.0497, "review_time_pending_days_avg": 213.32964545454544, "review_time_pending_days_median": 307.75890000000004, "review_time_pending_update_days_avg": 188.04687272727276, "review_time_pending_update_days_median": 203.77935000000002, "submitted": 419}