{"abandoned": 66, "merged": 894, "new": 49, "pending": 49, "review_time_days_avg": 18.652284761904752, "review_time_days_median": 2.6743, "review_time_pending_days_avg": 154.24970937499998, "review_time_pending_days_median": 151.24560000000002, "submitted": 1009}