{"abandoned": 12, "merged": 36, "new": 1, "pending": 1, "review_time_days_avg": 0.27164285714285713, "review_time_days_median": 0.2578, "review_time_pending_days_avg": 69.659599999999998, "review_time_pending_days_median": 69.659599999999998, "submitted": 49}