{"abandoned": 5, "merged": 284, "new": 12, "pending": 12, "review_time_days_avg": 9.52352380952381, "review_time_days_median": 4.0173, "review_time_pending_days_avg": 152.54264166666667, "review_time_pending_days_median": 179.92529999999999, "submitted": 301}