{"abandoned": 49, "merged": 163, "new": 10, "pending": 10, "review_time_days_avg": 5.93619298245614, "review_time_days_median": 0.5482, "review_time_pending_days_avg": 78.028999999999996, "review_time_pending_days_median": 47.807699999999997, "review_time_pending_update_days_avg": 45.991174999999991, "review_time_pending_update_days_median": 25.943199999999997, "submitted": 222}