{"abandoned": 62, "merged": 672, "new": 25, "pending": 25, "review_time_days_avg": 3.984237962962963, "review_time_days_median": 0.7045, "review_time_pending_days_avg": 80.667516000000006, "review_time_pending_days_median": 42.338799999999999, "review_time_pending_update_days_avg": 57.014403999999992, "review_time_pending_update_days_median": 42.268900000000002, "submitted": 759}