{"abandoned": 198, "merged": 3384, "new": 37, "pending": 37, "review_time_days_avg": 4.188270143884887, "review_time_days_median": 0.90025, "review_time_pending_days_avg": 96.544324324324336, "review_time_pending_days_median": 78.886899999999997, "submitted": 3619}