{"abandoned": 8, "merged": 39, "new": 4, "pending": 4, "review_time_days_avg": 9.537525, "review_time_days_median": 2.4466, "review_time_pending_days_avg": 150.09139999999999, "review_time_pending_days_median": 150.09139999999999, "review_time_pending_update_days_avg": 139.56479999999999, "review_time_pending_update_days_median": 139.56479999999999, "submitted": 51}