{"abandoned": 12, "merged": 36, "new": 1, "pending": 1, "review_time_days_avg": 0.2129777777777778, "review_time_days_median": 0.2574, "review_time_pending_days_avg": 86.651700000000005, "review_time_pending_days_median": 86.651700000000005, "review_time_pending_update_days_avg": 86.343699999999998, "review_time_pending_update_days_median": 86.343699999999998, "submitted": 49}