{"abandoned": 31, "merged": 541, "new": 7, "pending": 7, "review_time_days_avg": 5.814831999999998, "review_time_days_median": 0.6845, "review_time_pending_days_avg": 49.016857142857141, "review_time_pending_days_median": 16.260999999999999, "submitted": 579}