{"abandoned": 12, "merged": 345, "new": 10, "pending": 10, "review_time_days_avg": 12.464354651162795, "review_time_days_median": 1.1571500000000001, "review_time_pending_days_avg": 70.02367000000001, "review_time_pending_days_median": 65.262149999999991, "review_time_pending_update_days_avg": 58.946669999999997, "review_time_pending_update_days_median": 63.719549999999998, "submitted": 367}