{"abandoned": 4, "merged": 12, "new": 4, "pending": 4, "review_time_days_avg": 9.84568, "review_time_days_median": 7.4113500000000005, "review_time_pending_days_avg": 18.808024999999997, "review_time_pending_days_median": 21.129449999999999, "review_time_pending_update_days_avg": 7.2766749999999991, "review_time_pending_update_days_median": 5.5161499999999997, "submitted": 20}