{"abandoned": 8, "merged": 38, "new": 4, "pending": 4, "review_time_days_avg": 10.436663636363637, "review_time_days_median": 2.8614, "review_time_pending_days_avg": 129.24889999999999, "review_time_pending_days_median": 129.24889999999999, "submitted": 50}