{"abandoned": 380, "merged": 4419, "new": 55, "pending": 55, "review_time_days_avg": 5.237956819650934, "review_time_days_median": 0.7588, "review_time_pending_days_avg": 48.701392592592612, "review_time_pending_days_median": 8.2101000000000006, "review_time_pending_update_days_avg": 23.051896296296292, "review_time_pending_update_days_median": 2.7641999999999998, "submitted": 4854}