{"abandoned": 3, "merged": 14, "new": 2, "pending": 2, "review_time_days_avg": 41.764316666666666, "review_time_days_median": 10.7538, "review_time_pending_days_avg": 122.91125000000001, "review_time_pending_days_median": 122.91125000000001, "review_time_pending_update_days_avg": 41.107500000000002, "review_time_pending_update_days_median": 41.107500000000002, "submitted": 19}