{"abandoned": 6, "merged": 58, "new": 3, "pending": 3, "review_time_days_avg": 6.8559770833333324, "review_time_days_median": 1.0131, "review_time_pending_days_avg": 171.88826666666668, "review_time_pending_days_median": 224.88140000000001, "review_time_pending_update_days_avg": 119.07713333333334, "review_time_pending_update_days_median": 132.4855, "submitted": 67}