{"abandoned": 20, "merged": 221, "new": 8, "pending": 8, "review_time_days_avg": 16.752765625, "review_time_days_median": 0.6789000000000001, "review_time_pending_days_avg": 97.396119999999996, "review_time_pending_days_median": 106.04089999999999, "review_time_pending_update_days_avg": 64.772000000000006, "review_time_pending_update_days_median": 84.438100000000006, "submitted": 249}