{"abandoned": 9, "merged": 397, "new": 2, "pending": 2, "review_time_days_avg": 8.863756521739129, "review_time_days_median": 4.0205, "review_time_pending_days_avg": 4.5830000000000002, "review_time_pending_days_median": 4.5830000000000002, "submitted": 408}