{"abandoned": 57, "merged": 328, "new": 25, "pending": 25, "review_time_days_avg": 5.1727608695652165, "review_time_days_median": 0.0504, "review_time_pending_days_avg": 183.82096666666675, "review_time_pending_days_median": 228.75690000000003, "review_time_pending_update_days_avg": 160.51499583333333, "review_time_pending_update_days_median": 170.79295000000002, "submitted": 410}