{"abandoned": 9, "merged": 105, "new": 6, "pending": 6, "review_time_days_avg": 17.868611538461536, "review_time_days_median": 2.69825, "review_time_pending_days_avg": 75.472816666666674, "review_time_pending_days_median": 67.894650000000013, "review_time_pending_update_days_avg": 37.073950000000004, "review_time_pending_update_days_median": 30.433900000000001, "submitted": 120}