{"abandoned": 6, "merged": 139, "new": 13, "pending": 13, "review_time_days_avg": 10.060985714285717, "review_time_days_median": 1.6699000000000002, "review_time_pending_days_avg": 150.96955384615384, "review_time_pending_days_median": 202.69649999999999, "review_time_pending_update_days_avg": 138.23458461538459, "review_time_pending_update_days_median": 192.9015, "submitted": 158}