{"abandoned": 2, "merged": 30, "new": 1, "pending": 1, "review_time_days_avg": 6.474433333333334, "review_time_days_median": 5.375249999999999, "review_time_pending_days_avg": 25.198899999999998, "review_time_pending_days_median": 25.198899999999998, "submitted": 33}