{"abandoned": 206, "merged": 3688, "new": 29, "pending": 29, "review_time_days_avg": 8.699585862068963, "review_time_days_median": 3.05165, "submitted": 3923}