{"abandoned": 836, "merged": 12427, "new": 141, "pending": 141, "review_time_days_avg": 10.42840580568721, "review_time_days_median": 1.78145, "review_time_pending_days_avg": 70.854927480915961, "review_time_pending_days_median": 34.0642, "submitted": 13404}