{"abandoned": 200, "merged": 3579, "pending": 34, "review_time_days_avg": 90.11894639048417, "review_time_days_median": 58.99135, "submitted": 3813}