{"abandoned": 152, "merged": 1705, "pending": 13, "review_time_days_avg": 110.66361620469095, "review_time_days_median": 119.71655, "submitted": 1877}