{"abandoned": 20, "merged": 456, "new": 5, "pending": 5, "review_time_days_avg": 1.3190768292682926, "review_time_days_median": 0.133, "review_time_pending_days_avg": 10.44182, "review_time_pending_days_median": 6.2492999999999999, "review_time_pending_update_days_avg": 7.2946199999999992, "review_time_pending_update_days_median": 0.52359999999999995, "submitted": 481}