{"abandoned": 23, "merged": 335, "new": 5, "pending": 5, "review_time_days_avg": 1.6345821428571428, "review_time_days_median": 0.50805, "review_time_pending_days_avg": 78.401260000000008, "review_time_pending_days_median": 40.508899999999997, "review_time_pending_update_days_avg": 68.561839999999989, "review_time_pending_update_days_median": 40.508400000000002, "submitted": 363}