{"abandoned": 817, "merged": 12195, "pending": 125, "review_time_days_avg": 10.533142928039707, "review_time_days_median": 1.7665000000000002, "submitted": 13147}