{"abandoned": 23, "merged": 331, "new": 3, "pending": 3, "review_time_days_avg": 1.692885185185185, "review_time_days_median": 0.7206, "review_time_pending_days_avg": 117.92040000000001, "review_time_pending_days_median": 50.283700000000003, "review_time_pending_update_days_avg": 103.03276666666666, "review_time_pending_update_days_median": 47.730400000000003, "submitted": 357}