{"abandoned": 9, "merged": 104, "new": 6, "pending": 6, "review_time_days_avg": 18.058781818181817, "review_time_days_median": 2.6518, "review_time_pending_days_avg": 67.552366666666671, "review_time_pending_days_median": 59.974199999999996, "review_time_pending_update_days_avg": 31.508100000000002, "review_time_pending_update_days_median": 22.513449999999999, "submitted": 119}