{"abandoned": 3, "merged": 11, "new": 1, "pending": 1, "review_time_days_avg": 0.36115, "review_time_days_median": 0.36115, "review_time_pending_days_avg": 246.49629999999999, "review_time_pending_days_median": 246.49629999999999, "review_time_pending_update_days_avg": 99.225499999999997, "review_time_pending_update_days_median": 99.225499999999997, "submitted": 15}