{"abandoned": 6, "merged": 57, "new": 3, "pending": 3, "review_time_days_avg": 6.69451304347826, "review_time_days_median": 0.61905, "review_time_pending_days_avg": 155.74626666666666, "review_time_pending_days_median": 208.73939999999999, "submitted": 66}