{"abandoned": 4, "merged": 82, "new": 1, "pending": 1, "review_time_days_avg": 10.630044680851062, "review_time_days_median": 1.291, "review_time_pending_days_avg": 236.69280000000001, "review_time_pending_days_median": 236.69280000000001, "review_time_pending_update_days_avg": 170.36160000000001, "review_time_pending_update_days_median": 170.36160000000001, "submitted": 87}