{"abandoned": 20, "merged": 218, "new": 9, "pending": 9, "review_time_days_avg": 16.981421599999994, "review_time_days_median": 0.6739, "review_time_pending_days_avg": 72.543883333333341, "review_time_pending_days_median": 90.02525, "review_time_pending_update_days_avg": 44.801183333333334, "review_time_pending_update_days_median": 50.452350000000003, "submitted": 247}