{"abandoned": 10, "merged": 347, "new": 1, "pending": 1, "review_time_days_avg": 3.609225757575759, "review_time_days_median": 1.06, "review_time_pending_days_avg": 22.462599999999998, "review_time_pending_days_median": 22.462599999999998, "submitted": 358}