{"abandoned": 1284, "merged": 11179, "new": 461, "pending": 461, "review_time_days_avg": 14.881421411843435, "review_time_days_median": 0.9043, "review_time_pending_days_avg": 109.87119944751363, "review_time_pending_days_median": 79.697500000000005, "submitted": 12924}