{"abandoned": 5, "merged": 162, "new": 9, "pending": 9, "review_time_days_avg": 35.23437142857143, "review_time_days_median": 17.0082, "review_time_pending_days_avg": 166.34116666666665, "review_time_pending_days_median": 167.83605, "review_time_pending_update_days_avg": 127.52158333333331, "review_time_pending_update_days_median": 62.258650000000003, "submitted": 176}