{"abandoned": 56, "merged": 721, "new": 23, "pending": 23, "review_time_days_avg": 10.663556818181815, "review_time_days_median": 2.1595500000000003, "review_time_pending_days_avg": 191.87939545454537, "review_time_pending_days_median": 285.7328, "submitted": 800}