{"abandoned": 1, "merged": 15, "new": 2, "pending": 2, "review_time_days_avg": 11.018279999999999, "review_time_days_median": 0.9293, "review_time_pending_days_avg": 24.568399999999997, "review_time_pending_days_median": 24.568399999999997, "submitted": 18}