{"abandoned": 814, "merged": 12162, "pending": 136, "review_time_days_avg": 156.32737687813017, "review_time_days_median": 84.96334999999999, "submitted": 13112}