{"abandoned": 34, "merged": 269, "new": 4, "pending": 4, "review_time_days_avg": 4.876234567901231, "review_time_days_median": 0.3809, "review_time_pending_days_avg": 211.93936666666664, "review_time_pending_days_median": 208.57220000000001, "submitted": 307}