{"abandoned": 4, "merged": 14, "new": 1, "pending": 1, "review_time_days_avg": 41.764316666666666, "review_time_days_median": 10.7538, "review_time_pending_days_avg": 178.08699999999999, "review_time_pending_days_median": 178.08699999999999, "review_time_pending_update_days_avg": 15.555899999999999, "review_time_pending_update_days_median": 15.555899999999999, "submitted": 19}