{"abandoned": 54, "merged": 715, "new": 22, "pending": 22, "review_time_days_avg": 10.487740476190474, "review_time_days_median": 1.3674, "review_time_pending_days_avg": 196.85315238095239, "review_time_pending_days_median": 281.50029999999998, "submitted": 791}