{"abandoned": 340, "merged": 3659, "new": 25, "pending": 25, "review_time_days_avg": 4.26745750798722, "review_time_days_median": 1.8302, "review_time_pending_days_avg": 21.450512, "review_time_pending_days_median": 4.4660000000000002, "submitted": 4024}