{"abandoned": 12, "merged": 76, "new": 8, "pending": 8, "review_time_days_avg": 19.59809411764706, "review_time_days_median": 7.2355, "review_time_pending_days_avg": 128.17223749999999, "review_time_pending_days_median": 107.93625, "review_time_pending_update_days_avg": 58.012125000000012, "review_time_pending_update_days_median": 18.125500000000002, "submitted": 96}