{"abandoned": 5, "merged": 138, "new": 12, "pending": 12, "review_time_days_avg": 10.243430909090911, "review_time_days_median": 1.8345, "review_time_pending_days_avg": 158.53404999999995, "review_time_pending_days_median": 201.11399999999998, "review_time_pending_update_days_avg": 145.08706666666666, "review_time_pending_update_days_median": 189.14155, "submitted": 155}