{"abandoned": 9, "merged": 105, "new": 7, "pending": 7, "review_time_days_avg": 17.868611538461536, "review_time_days_median": 2.69825, "review_time_pending_days_avg": 65.67457142857144, "review_time_pending_days_median": 68.771500000000003, "review_time_pending_update_days_avg": 32.761285714285712, "review_time_pending_update_days_median": 30.345600000000001, "submitted": 121}