{"abandoned": 4, "merged": 63, "new": 1, "pending": 1, "review_time_days_avg": 6.113049999999999, "review_time_days_median": 1.02985, "review_time_pending_days_avg": 29.537800000000001, "review_time_pending_days_median": 29.537800000000001, "review_time_pending_update_days_avg": 0.77329999999999999, "review_time_pending_update_days_median": 0.77329999999999999, "submitted": 68}