{"abandoned": 851, "merged": 12714, "new": 123, "pending": 123, "review_time_days_avg": 7.038279038997219, "review_time_days_median": 0.37395, "review_time_pending_days_avg": 79.2222725663717, "review_time_pending_days_median": 41.967100000000002, "review_time_pending_update_days_avg": 50.869972566371672, "review_time_pending_update_days_median": 23.329999999999998, "submitted": 13688}