{"abandoned": 17, "merged": 512, "new": 4, "pending": 4, "review_time_days_avg": 1.9845988281250007, "review_time_days_median": 0.8284499999999999, "review_time_pending_days_avg": 6.2268249999999989, "review_time_pending_days_median": 3.5484999999999998, "submitted": 533}