{"abandoned": 5, "merged": 162, "new": 9, "pending": 9, "review_time_days_avg": 35.23437142857143, "review_time_days_median": 17.0082, "review_time_pending_days_avg": 167.34316666666663, "review_time_pending_days_median": 168.83805000000001, "review_time_pending_update_days_avg": 128.52361666666667, "review_time_pending_update_days_median": 63.2607, "submitted": 176}