{"abandoned": 37, "merged": 274, "new": 4, "pending": 4, "review_time_days_avg": 4.647562352941173, "review_time_days_median": 0.2945, "review_time_pending_days_avg": 215.36316666666667, "review_time_pending_days_median": 211.99600000000001, "submitted": 315}