{"abandoned": 201, "merged": 3606, "pending": 39, "review_time_days_avg": 141.15875315068482, "review_time_days_median": 141.95785, "submitted": 3847}