{"abandoned": 3, "merged": 8, "new": 5, "pending": 5, "review_time_days_avg": 7.94735, "review_time_days_median": 4.8165000000000004, "review_time_pending_days_avg": 3.8467599999999997, "review_time_pending_days_median": 3.6242999999999999, "submitted": 16}