{"abandoned": 62, "merged": 876, "pending": 49, "review_time_days_avg": 155.56495714285714, "review_time_days_median": 123.43545, "submitted": 987}