{"abandoned": 13, "merged": 77, "new": 6, "pending": 6, "review_time_days_avg": 1.7799599999999998, "review_time_days_median": 0.25775000000000003, "review_time_pending_days_avg": 88.063320000000004, "review_time_pending_days_median": 55.3307, "submitted": 96}