{"abandoned": 13, "merged": 77, "new": 6, "pending": 6, "review_time_days_avg": 2.2227875, "review_time_days_median": 0.43789999999999996, "review_time_pending_days_avg": 85.197940000000003, "review_time_pending_days_median": 52.465400000000002, "submitted": 96}