{"abandoned": 4, "merged": 561, "pending": 3, "review_time_days_avg": 14.304233333333332, "review_time_days_median": 2.9177999999999997, "submitted": 568}