{"abandoned": 34, "merged": 244, "new": 5, "pending": 5, "review_time_days_avg": 6.552644776119405, "review_time_days_median": 1.0372, "review_time_pending_days_avg": 71.185860000000005, "review_time_pending_days_median": 48.253500000000003, "review_time_pending_update_days_avg": 65.205860000000001, "review_time_pending_update_days_median": 48.232599999999998, "submitted": 283}