{"abandoned": 15, "merged": 230, "new": 6, "pending": 6, "review_time_days_avg": 9.20811935483871, "review_time_days_median": 1.2997, "review_time_pending_days_avg": 231.97480000000002, "review_time_pending_days_median": 245.79239999999999, "review_time_pending_update_days_avg": 168.14615000000003, "review_time_pending_update_days_median": 137.6028, "submitted": 251}