{"abandoned": 14, "merged": 236, "new": 7, "pending": 7, "review_time_days_avg": 3.7343407407407407, "review_time_days_median": 0.8884, "review_time_pending_days_avg": 19.289057142857143, "review_time_pending_days_median": 21.340900000000001, "submitted": 257}