{"abandoned": 61, "merged": 998, "new": 20, "pending": 20, "review_time_days_avg": 32.20032545454545, "review_time_days_median": 10.1583, "review_time_pending_days_avg": 256.15539375000003, "review_time_pending_days_median": 287.57794999999999, "submitted": 1079}