{"abandoned": 25, "merged": 201, "new": 8, "pending": 8, "review_time_days_avg": 18.19207011494254, "review_time_days_median": 2.1456, "review_time_pending_days_avg": 160.08565714285714, "review_time_pending_days_median": 186.65629999999999, "review_time_pending_update_days_avg": 115.79462857142856, "review_time_pending_update_days_median": 153.83869999999999, "submitted": 234}