{"abandoned": 372, "merged": 4332, "new": 47, "pending": 47, "review_time_days_avg": 5.15865737704918, "review_time_days_median": 0.77195, "review_time_pending_days_avg": 69.444797826086955, "review_time_pending_days_median": 34.471000000000004, "submitted": 4751}