{"abandoned": 29, "merged": 604, "new": 11, "pending": 11, "review_time_days_avg": 4.553734285714288, "review_time_days_median": 0.45575, "review_time_pending_days_avg": 62.985581818181828, "review_time_pending_days_median": 33.284999999999997, "submitted": 644}