{"abandoned": 27, "merged": 271, "new": 2, "pending": 2, "review_time_days_avg": 11.450705063291139, "review_time_days_median": 1.8874, "review_time_pending_days_avg": 25.004550000000002, "review_time_pending_days_median": 25.004550000000002, "review_time_pending_update_days_avg": 22.304349999999999, "review_time_pending_update_days_median": 22.304349999999999, "submitted": 300}