{"abandoned": 20, "merged": 463, "new": 2, "pending": 2, "review_time_days_avg": 1.3234838164251206, "review_time_days_median": 0.133, "review_time_pending_days_avg": 22.467699999999997, "review_time_pending_days_median": 22.467699999999997, "review_time_pending_update_days_avg": 18.546499999999998, "review_time_pending_update_days_median": 18.546499999999998, "submitted": 485}