{"abandoned": 15, "merged": 547, "new": 2, "pending": 2, "review_time_days_avg": 10.78061395348837, "review_time_days_median": 3.3511, "review_time_pending_days_avg": 143.95060000000001, "review_time_pending_days_median": 143.95060000000001, "submitted": 564}