{"abandoned": 848, "merged": 12671, "new": 116, "pending": 116, "review_time_days_avg": 6.878301537386447, "review_time_days_median": 0.3691, "review_time_pending_days_avg": 84.148272641509422, "review_time_pending_days_median": 52.184249999999999, "review_time_pending_update_days_avg": 52.57854811320756, "review_time_pending_update_days_median": 24.294899999999998, "submitted": 13635}