{"abandoned": 110, "merged": 651, "new": 8, "pending": 8, "review_time_days_avg": 4.1055285714285725, "review_time_days_median": 1.2949, "review_time_pending_days_avg": 66.616937499999992, "review_time_pending_days_median": 63.353899999999996, "submitted": 769}