{"abandoned": 8, "merged": 132, "new": 10, "pending": 10, "review_time_days_avg": 9.335044303797467, "review_time_days_median": 0.0345, "review_time_pending_days_avg": 112.56662222222222, "review_time_pending_days_median": 84.374099999999999, "review_time_pending_update_days_avg": 94.716155555555545, "review_time_pending_update_days_median": 84.373099999999994, "submitted": 150}