{"abandoned": 11, "merged": 48, "new": 14, "pending": 14, "review_time_days_avg": 12.19478214285714, "review_time_days_median": 4.0157, "review_time_pending_days_avg": 129.16864999999999, "review_time_pending_days_median": 62.762500000000003, "submitted": 73}