{"abandoned": 5, "merged": 138, "new": 12, "pending": 12, "review_time_days_avg": 10.243430909090911, "review_time_days_median": 1.8345, "review_time_pending_days_avg": 156.30929166666667, "review_time_pending_days_median": 198.88920000000002, "review_time_pending_update_days_avg": 143.37434999999999, "review_time_pending_update_days_median": 186.91679999999999, "submitted": 155}