{"abandoned": 33, "merged": 258, "new": 2, "pending": 2, "review_time_days_avg": 5.8038780645161285, "review_time_days_median": 0.71, "review_time_pending_days_avg": 126.14320000000001, "review_time_pending_days_median": 126.14320000000001, "review_time_pending_update_days_avg": 121.86874999999999, "review_time_pending_update_days_median": 121.86874999999999, "submitted": 293}