{"abandoned": 14, "merged": 236, "new": 6, "pending": 6, "review_time_days_avg": 3.7343407407407407, "review_time_days_median": 0.8884, "review_time_pending_days_avg": 21.637383333333332, "review_time_pending_days_median": 21.243400000000001, "submitted": 256}