{"abandoned": 12, "merged": 687, "new": 10, "pending": 10, "review_time_days_avg": 15.613153846153848, "review_time_days_median": 2.8699, "review_time_pending_days_avg": 48.778139999999993, "review_time_pending_days_median": 37.960149999999999, "submitted": 709}