{"abandoned": 25, "merged": 201, "new": 8, "pending": 8, "review_time_days_avg": 18.19207011494254, "review_time_days_median": 2.1456, "review_time_pending_days_avg": 158.07587142857142, "review_time_pending_days_median": 184.64660000000001, "review_time_pending_update_days_avg": 113.78484285714285, "review_time_pending_update_days_median": 151.8289, "submitted": 234}