{"abandoned": 6, "merged": 60, "new": 1, "pending": 1, "review_time_days_avg": 11.472470212765955, "review_time_days_median": 2.3152, "review_time_pending_days_avg": 62.883600000000001, "review_time_pending_days_median": 62.883600000000001, "review_time_pending_update_days_avg": 61.522599999999997, "review_time_pending_update_days_median": 61.522599999999997, "submitted": 67}