{"abandoned": 3, "merged": 105, "new": 11, "pending": 11, "review_time_days_avg": 1.936375, "review_time_days_median": 1.9366999999999999, "review_time_pending_days_avg": 6.4202454545454524, "review_time_pending_days_median": 1.1298999999999999, "review_time_pending_update_days_avg": 6.3929909090909085, "review_time_pending_update_days_median": 1.1298999999999999, "submitted": 119}