{"abandoned": 56, "merged": 324, "new": 24, "pending": 24, "review_time_days_avg": 5.359529545454544, "review_time_days_median": 0.046450000000000005, "review_time_pending_days_avg": 184.51763913043476, "review_time_pending_days_median": 286.22370000000001, "submitted": 404}