{"abandoned": 9, "merged": 104, "new": 6, "pending": 6, "review_time_days_avg": 18.058781818181817, "review_time_days_median": 2.6518, "review_time_pending_days_avg": 68.526933333333346, "review_time_pending_days_median": 60.948750000000004, "review_time_pending_update_days_avg": 32.482683333333334, "review_time_pending_update_days_median": 23.488050000000001, "submitted": 119}