{"abandoned": 5, "merged": 37, "new": 3, "pending": 3, "review_time_days_avg": 9.457619999999999, "review_time_days_median": 6.9568, "review_time_pending_days_avg": 11.760666666666665, "review_time_pending_days_median": 10.240600000000001, "submitted": 45}