{"abandoned": 4, "merged": 558, "pending": 3, "review_time_days_avg": 153.40398355263156, "review_time_days_median": 150.57819999999998, "submitted": 565}