{"abandoned": 5, "merged": 137, "new": 10, "pending": 10, "review_time_days_avg": 10.43269814814815, "review_time_days_median": 1.98765, "review_time_pending_days_avg": 170.12168000000003, "review_time_pending_days_median": 186.23739999999998, "submitted": 152}