{"abandoned": 48, "merged": 287, "new": 11, "pending": 11, "review_time_days_avg": 7.224521874999999, "review_time_days_median": 3.326, "review_time_pending_days_avg": 52.062600000000003, "review_time_pending_days_median": 17.462599999999998, "submitted": 346}