{"abandoned": 20, "merged": 220, "new": 8, "pending": 8, "review_time_days_avg": 16.88421811023622, "review_time_days_median": 0.6839, "review_time_pending_days_avg": 94.406720000000007, "review_time_pending_days_median": 103.0515, "review_time_pending_update_days_avg": 61.782579999999996, "review_time_pending_update_days_median": 81.448700000000002, "submitted": 248}