{"abandoned": 8, "merged": 30, "new": 6, "pending": 6, "review_time_days_avg": 5.733290909090909, "review_time_days_median": 3.9352, "review_time_pending_days_avg": 60.91876666666667, "review_time_pending_days_median": 62.131599999999999, "submitted": 44}