{"abandoned": 4, "merged": 573, "new": 3, "pending": 3, "review_time_days_avg": 14.15932258064516, "review_time_days_median": 3.0711, "review_time_pending_days_avg": 85.300133333333335, "review_time_pending_days_median": 33.366300000000003, "submitted": 580}