{"abandoned": 5, "merged": 95, "new": 5, "pending": 5, "review_time_days_avg": 2.8298625, "review_time_days_median": 0.66905, "review_time_pending_days_avg": 98.89609999999999, "review_time_pending_days_median": 104.98079999999999, "review_time_pending_update_days_avg": 67.552674999999994, "review_time_pending_update_days_median": 64.079650000000001, "submitted": 105}