{"abandoned": 10, "merged": 178, "new": 7, "pending": 7, "review_time_days_avg": 7.117105494505492, "review_time_days_median": 2.0425, "review_time_pending_days_avg": 16.380242857142861, "review_time_pending_days_median": 13.8795, "review_time_pending_update_days_avg": 10.813514285714287, "review_time_pending_update_days_median": 4.5746000000000002, "submitted": 195}