{"abandoned": 110, "merged": 658, "new": 7, "pending": 7, "review_time_days_avg": 2.9147260273972604, "review_time_days_median": 0.364, "review_time_pending_days_avg": 89.020499999999998, "review_time_pending_days_median": 86.019300000000001, "review_time_pending_update_days_avg": 40.866599999999998, "review_time_pending_update_days_median": 44.801499999999997, "submitted": 775}