{"abandoned": 69, "merged": 381, "new": 42, "pending": 42, "review_time_days_avg": 16.307009459459454, "review_time_days_median": 1.36415, "review_time_pending_days_avg": 198.41324399999996, "review_time_pending_days_median": 171.2373, "review_time_pending_update_days_avg": 161.12191999999996, "review_time_pending_update_days_median": 163.66309999999999, "submitted": 492}