{"abandoned": 12, "merged": 75, "new": 9, "pending": 9, "review_time_days_avg": 13.140518750000004, "review_time_days_median": 5.26265, "review_time_pending_days_avg": 119.89152222222222, "review_time_pending_days_median": 102.42619999999999, "submitted": 96}