{"abandoned": 57, "merged": 333, "new": 24, "pending": 24, "review_time_days_avg": 4.9917895833333334, "review_time_days_median": 0.059800000000000006, "review_time_pending_days_avg": 193.61612608695657, "review_time_pending_days_median": 296.2756, "review_time_pending_update_days_avg": 169.41115217391308, "review_time_pending_update_days_median": 180.35390000000001, "submitted": 414}