{"abandoned": 849, "merged": 12674, "new": 122, "pending": 122, "review_time_days_avg": 6.875010684357546, "review_time_days_median": 0.3698, "review_time_pending_days_avg": 81.60075625000006, "review_time_pending_days_median": 45.357849999999999, "review_time_pending_update_days_avg": 51.61360178571433, "review_time_pending_update_days_median": 22.8811, "submitted": 13645}