{"abandoned": 4, "merged": 27, "new": 6, "pending": 6, "review_time_days_avg": 8.289817647058824, "review_time_days_median": 6.1133, "review_time_pending_days_avg": 24.036233333333332, "review_time_pending_days_median": 0.52659999999999996, "review_time_pending_update_days_avg": 1.6105333333333334, "review_time_pending_update_days_median": 0.47729999999999995, "submitted": 37}