{"abandoned": 2, "merged": 23, "new": 1, "pending": 1, "review_time_days_avg": 31.291566666666668, "review_time_days_median": 0.8632, "review_time_pending_days_avg": 315.65870000000001, "review_time_pending_days_median": 315.65870000000001, "review_time_pending_update_days_avg": 195.59549999999999, "review_time_pending_update_days_median": 195.59549999999999, "submitted": 26}