{"abandoned": 354, "merged": 3222, "new": 15, "pending": 15, "review_time_days_avg": 3.1359740492170056, "review_time_days_median": 0.809, "review_time_pending_days_avg": 26.048073333333331, "review_time_pending_days_median": 17.250900000000001, "review_time_pending_update_days_avg": 11.703873333333336, "review_time_pending_update_days_median": 2.3125, "submitted": 3591}