{"abandoned": 23, "merged": 331, "new": 3, "pending": 3, "review_time_days_avg": 1.692885185185185, "review_time_days_median": 0.7206, "review_time_pending_days_avg": 113.94710000000002, "review_time_pending_days_median": 46.310400000000001, "review_time_pending_update_days_avg": 99.0595, "review_time_pending_update_days_median": 43.757100000000001, "submitted": 357}