{"abandoned": 1, "merged": 41, "pending": 0, "review_time_days_avg": 304.33531999999997, "review_time_days_median": 320.98704999999995, "submitted": 42}