{"abandoned": 31, "merged": 541, "new": 7, "pending": 7, "review_time_days_avg": 7.58110956521739, "review_time_days_median": 1.7158, "review_time_pending_days_avg": 47.791214285714283, "review_time_pending_days_median": 15.035399999999999, "submitted": 579}