{"abandoned": 6, "merged": 248, "new": 1, "pending": 1, "review_time_days_avg": 14.017658823529413, "review_time_days_median": 2.9423500000000002, "review_time_pending_days_avg": 44.244399999999999, "review_time_pending_days_median": 44.244399999999999, "submitted": 255}