{"abandoned": 214, "merged": 3767, "new": 31, "pending": 31, "review_time_days_avg": 6.904446587926514, "review_time_days_median": 1.8682500000000002, "review_time_pending_days_avg": 46.381060000000012, "review_time_pending_days_median": 18.453099999999999, "review_time_pending_update_days_avg": 29.109269999999995, "review_time_pending_update_days_median": 13.875050000000002, "submitted": 4012}