{"abandoned": 2, "merged": 24, "new": 4, "pending": 4, "review_time_days_avg": 59.784076923076924, "review_time_days_median": 12.1183, "review_time_pending_days_avg": 57.806733333333334, "review_time_pending_days_median": 61.787799999999997, "review_time_pending_update_days_avg": 57.3962, "review_time_pending_update_days_median": 61.787399999999998, "submitted": 30}