{"abandoned": 355, "merged": 3226, "new": 17, "pending": 17, "review_time_days_avg": 3.1343210134128197, "review_time_days_median": 0.8094, "review_time_pending_days_avg": 23.651247058823532, "review_time_pending_days_median": 14.552899999999999, "review_time_pending_update_days_avg": 5.2502235294117643, "review_time_pending_update_days_median": 1.2736000000000001, "submitted": 3598}