{"abandoned": 11, "merged": 50, "new": 14, "pending": 14, "review_time_days_avg": 10.644491176470586, "review_time_days_median": 3.82495, "review_time_pending_days_avg": 152.70777142857145, "review_time_pending_days_median": 88.777999999999992, "review_time_pending_update_days_avg": 121.87073571428571, "review_time_pending_update_days_median": 81.909350000000003, "submitted": 75}