{"abandoned": 142, "merged": 846, "new": 9, "pending": 9, "review_time_days_avg": 12.63650666666667, "review_time_days_median": 0.25855, "review_time_pending_days_avg": 203.77118571428574, "review_time_pending_days_median": 229.09999999999999, "review_time_pending_update_days_avg": 71.379385714285704, "review_time_pending_update_days_median": 81.641300000000001, "submitted": 997}