{"abandoned": 1, "merged": 26, "new": 3, "pending": 3, "review_time_days_avg": 13.887280952380953, "review_time_days_median": 2.3645, "review_time_pending_days_avg": 66.586966666666669, "review_time_pending_days_median": 71.703400000000002, "review_time_pending_update_days_avg": 53.784100000000002, "review_time_pending_update_days_median": 70.478300000000004, "submitted": 30}