{"abandoned": 204, "merged": 3026, "new": 35, "pending": 35, "review_time_days_avg": 2.924547906403937, "review_time_days_median": 0.24280000000000002, "review_time_pending_days_avg": 102.83662285714286, "review_time_pending_days_median": 87.256299999999996, "submitted": 3265}