{"abandoned": 17, "merged": 408, "new": 4, "pending": 4, "review_time_days_avg": 1.3826730978260873, "review_time_days_median": 0.13740000000000002, "review_time_pending_days_avg": 10.444700000000001, "review_time_pending_days_median": 7.7664, "submitted": 429}