{"abandoned": 29, "merged": 596, "new": 10, "pending": 10, "review_time_days_avg": 4.599354411764708, "review_time_days_median": 0.42379999999999995, "review_time_pending_days_avg": 64.108779999999996, "review_time_pending_days_median": 33.533550000000005, "submitted": 635}