{"abandoned": 23, "merged": 329, "new": 3, "pending": 3, "review_time_days_avg": 2.252710526315789, "review_time_days_median": 0.9911, "review_time_pending_days_avg": 105.07496666666667, "review_time_pending_days_median": 37.438200000000002, "submitted": 355}