{"abandoned": 9, "merged": 105, "new": 8, "pending": 8, "review_time_days_avg": 17.868611538461536, "review_time_days_median": 2.69825, "review_time_pending_days_avg": 64.244900000000001, "review_time_pending_days_median": 74.142699999999991, "review_time_pending_update_days_avg": 35.216450000000002, "review_time_pending_update_days_median": 34.478400000000001, "submitted": 122}