{"abandoned": 31, "merged": 254, "new": 5, "pending": 5, "review_time_days_avg": 5.777835526315788, "review_time_days_median": 0.72715, "review_time_pending_days_avg": 68.748500000000007, "review_time_pending_days_median": 74.415700000000001, "submitted": 290}