{"abandoned": 1, "merged": 31, "new": 4, "pending": 4, "review_time_days_avg": 69.35349090909091, "review_time_days_median": 5.4384, "review_time_pending_days_avg": 47.356699999999996, "review_time_pending_days_median": 54.017800000000001, "submitted": 36}