{"abandoned": 66, "merged": 372, "new": 48, "pending": 48, "review_time_days_avg": 18.65025523809523, "review_time_days_median": 2.6743, "review_time_pending_days_avg": 162.39168387096763, "review_time_pending_days_median": 154.45070000000001, "submitted": 486}