{"abandoned": 372, "merged": 4357, "new": 46, "pending": 46, "review_time_days_avg": 5.122945558546433, "review_time_days_median": 0.7598, "review_time_pending_days_avg": 73.191404444444458, "review_time_pending_days_median": 39.350900000000003, "submitted": 4775}