{"abandoned": 829, "merged": 12353, "new": 133, "pending": 133, "review_time_days_avg": 10.401380695443649, "review_time_days_median": 1.78145, "review_time_pending_days_avg": 75.689591056910601, "review_time_pending_days_median": 38.489699999999999, "submitted": 13315}