{"abandoned": 7, "merged": 49, "new": 1, "pending": 1, "review_time_days_avg": 0.9707800000000001, "review_time_days_median": 0.2473, "review_time_pending_days_avg": 121.45910000000001, "review_time_pending_days_median": 121.45910000000001, "review_time_pending_update_days_avg": 84.487300000000005, "review_time_pending_update_days_median": 84.487300000000005, "submitted": 57}