{"abandoned": 1, "merged": 10, "new": 4, "pending": 4, "review_time_days_avg": 3.202925, "review_time_days_median": 1.35135, "review_time_pending_days_avg": 18.933625000000003, "review_time_pending_days_median": 4.1368499999999999, "review_time_pending_update_days_avg": 18.716575000000002, "review_time_pending_update_days_median": 4.0951000000000004, "submitted": 15}