{"abandoned": 836, "merged": 12426, "new": 142, "pending": 142, "review_time_days_avg": 10.42840580568721, "review_time_days_median": 1.78145, "review_time_pending_days_avg": 68.115774999999985, "review_time_pending_days_median": 31.120850000000001, "submitted": 13404}