{"abandoned": 62, "merged": 635, "new": 34, "pending": 34, "review_time_days_avg": 3.9470260869565212, "review_time_days_median": 0.71455, "review_time_pending_days_avg": 59.940926470588245, "review_time_pending_days_median": 23.031199999999998, "review_time_pending_update_days_avg": 43.911229411764722, "review_time_pending_update_days_median": 10.82, "submitted": 731}