{"abandoned": 9, "merged": 172, "new": 1, "pending": 1, "review_time_days_avg": 3.633538931297712, "review_time_days_median": 1.0708, "review_time_pending_days_avg": 24.675899999999999, "review_time_pending_days_median": 24.675899999999999, "submitted": 182}