{"abandoned": 26, "merged": 388, "new": 10, "pending": 10, "review_time_days_avg": 4.846914754098357, "review_time_days_median": 1.0483, "review_time_pending_days_avg": 64.330379999999991, "review_time_pending_days_median": 17.974149999999998, "review_time_pending_update_days_avg": 62.22766, "review_time_pending_update_days_median": 14.488999999999999, "submitted": 424}