{"abandoned": 853, "merged": 12735, "new": 134, "pending": 134, "review_time_days_avg": 7.03277669432919, "review_time_days_median": 0.36875, "review_time_pending_days_avg": 72.177798387096743, "review_time_pending_days_median": 30.428699999999999, "review_time_pending_update_days_avg": 46.651083870967753, "review_time_pending_update_days_median": 15.90405, "submitted": 13722}