{"abandoned": 8, "merged": 132, "new": 10, "pending": 10, "review_time_days_avg": 19.566124324324317, "review_time_days_median": 1.7971, "review_time_pending_days_avg": 90.596966666666674, "review_time_pending_days_median": 62.404400000000003, "submitted": 150}