{"abandoned": 3, "merged": 27, "new": 3, "pending": 3, "review_time_days_avg": 8.289817647058824, "review_time_days_median": 6.1133, "review_time_pending_days_avg": 64.437899999999999, "review_time_pending_days_median": 60.836199999999998, "review_time_pending_update_days_avg": 41.252000000000002, "review_time_pending_update_days_median": 60.407299999999999, "submitted": 33}