{"abandoned": 23, "merged": 334, "new": 3, "pending": 3, "review_time_days_avg": 1.692885185185185, "review_time_days_median": 0.7206, "review_time_pending_days_avg": 126.08930000000002, "review_time_pending_days_median": 58.452599999999997, "review_time_pending_update_days_avg": 111.20166666666667, "review_time_pending_update_days_median": 55.899299999999997, "submitted": 360}