{"abandoned": 11, "merged": 50, "new": 13, "pending": 13, "review_time_days_avg": 10.644491176470586, "review_time_days_median": 3.82495, "review_time_pending_days_avg": 156.04927692307695, "review_time_pending_days_median": 83.021900000000002, "review_time_pending_update_days_avg": 125.88939230769228, "review_time_pending_update_days_median": 78.554500000000004, "submitted": 74}