{"abandoned": 154, "merged": 1705, "new": 18, "pending": 18, "review_time_days_avg": 3.2922834162520713, "review_time_days_median": 0.1392, "review_time_pending_days_avg": 184.26528181818182, "review_time_pending_days_median": 178.5121, "review_time_pending_update_days_avg": 136.13135454545457, "review_time_pending_update_days_median": 125.22920000000001, "submitted": 1877}