{"abandoned": 8, "merged": 52, "new": 1, "pending": 1, "review_time_days_avg": 14.245394444444441, "review_time_days_median": 1.16615, "review_time_pending_days_avg": 25.060300000000002, "review_time_pending_days_median": 25.060300000000002, "review_time_pending_update_days_avg": 24.822399999999998, "review_time_pending_update_days_median": 24.822399999999998, "submitted": 61}