{"abandoned": 1, "merged": 12, "new": 2, "pending": 2, "review_time_days_avg": 18.10145, "review_time_days_median": 18.10145, "review_time_pending_days_avg": 107.89915000000001, "review_time_pending_days_median": 107.89915000000001, "review_time_pending_update_days_avg": 107.41464999999999, "review_time_pending_update_days_median": 107.41464999999999, "submitted": 15}