{"abandoned": 2, "merged": 26, "new": 4, "pending": 4, "review_time_days_avg": 52.282093333333336, "review_time_days_median": 6.9699, "review_time_pending_days_avg": 72.987166666666667, "review_time_pending_days_median": 79.384100000000004, "review_time_pending_update_days_avg": 71.465299999999999, "review_time_pending_update_days_median": 79.383600000000001, "submitted": 32}