{"abandoned": 371, "merged": 4331, "new": 48, "pending": 48, "review_time_days_avg": 5.114492407660739, "review_time_days_median": 0.77195, "review_time_pending_days_avg": 67.31905531914893, "review_time_pending_days_median": 32.848700000000001, "submitted": 4750}