{"abandoned": 20, "merged": 218, "new": 7, "pending": 7, "review_time_days_avg": 16.981421599999994, "review_time_days_median": 0.6739, "review_time_pending_days_avg": 104.24600000000001, "review_time_pending_days_median": 98.841350000000006, "review_time_pending_update_days_avg": 63.465800000000002, "review_time_pending_update_days_median": 72.4054, "submitted": 245}