{"abandoned": 34, "merged": 245, "new": 5, "pending": 5, "review_time_days_avg": 6.37353623188406, "review_time_days_median": 0.9426, "review_time_pending_days_avg": 73.173660000000012, "review_time_pending_days_median": 50.241300000000003, "review_time_pending_update_days_avg": 67.193619999999996, "review_time_pending_update_days_median": 50.220399999999998, "submitted": 284}