{"abandoned": 40, "merged": 230, "new": 12, "pending": 12, "review_time_days_avg": 17.794550819672132, "review_time_days_median": 2.2272, "review_time_pending_days_avg": 88.683320000000009, "review_time_pending_days_median": 64.412649999999999, "review_time_pending_update_days_avg": 62.224090000000004, "review_time_pending_update_days_median": 24.1554, "submitted": 282}