{"abandoned": 87, "merged": 1557, "new": 10, "pending": 10, "review_time_days_avg": 4.624357847533629, "review_time_days_median": 0.30545, "review_time_pending_days_avg": 61.318389999999987, "review_time_pending_days_median": 32.3825, "review_time_pending_update_days_avg": 19.501709999999999, "review_time_pending_update_days_median": 8.0688500000000012, "submitted": 1654}