{"abandoned": 26, "merged": 367, "new": 8, "pending": 8, "review_time_days_avg": 4.986101886792451, "review_time_days_median": 0.2987, "review_time_pending_days_avg": 70.638537499999998, "review_time_pending_days_median": 54.465299999999999, "submitted": 401}