{"abandoned": 1, "merged": 102, "pending": 0, "review_time_days_avg": 285.5271142857142, "review_time_days_median": 316.79994999999997, "submitted": 103}