{"abandoned": 5, "merged": 137, "new": 10, "pending": 10, "review_time_days_avg": 10.43269814814815, "review_time_days_median": 1.98765, "review_time_pending_days_avg": 174.10645, "review_time_pending_days_median": 190.22219999999999, "review_time_pending_update_days_avg": 160.55450999999999, "review_time_pending_update_days_median": 179.82535000000001, "submitted": 152}