{"abandoned": 5, "merged": 138, "new": 12, "pending": 12, "review_time_days_avg": 10.243430909090911, "review_time_days_median": 1.8345, "review_time_pending_days_avg": 152.32935000000001, "review_time_pending_days_median": 194.9093, "review_time_pending_update_days_avg": 140.34383333333332, "review_time_pending_update_days_median": 182.93680000000001, "submitted": 155}