{"abandoned": 26, "merged": 365, "new": 7, "pending": 7, "review_time_days_avg": 7.5450142857142835, "review_time_days_median": 2.0807, "review_time_pending_days_avg": 76.160285714285692, "review_time_pending_days_median": 93.199299999999994, "submitted": 398}