{"abandoned": 1284, "merged": 11187, "new": 470, "pending": 470, "review_time_days_avg": 19.839841273374898, "review_time_days_median": 2.7954499999999998, "review_time_pending_days_avg": 107.00719703504051, "review_time_pending_days_median": 73.9148, "submitted": 12941}