{"abandoned": 86, "merged": 1543, "new": 9, "pending": 9, "review_time_days_avg": 4.647692396313361, "review_time_days_median": 0.3092, "review_time_pending_days_avg": 67.378566666666671, "review_time_pending_days_median": 38.292700000000004, "submitted": 1638}