{"abandoned": 2, "merged": 21, "new": 3, "pending": 3, "review_time_days_avg": 18.675862499999997, "review_time_days_median": 0.10025, "review_time_pending_days_avg": 329.43709999999999, "review_time_pending_days_median": 329.43709999999999, "review_time_pending_update_days_avg": 216.29259999999999, "review_time_pending_update_days_median": 216.29259999999999, "submitted": 26}