{"abandoned": 32, "merged": 255, "new": 5, "pending": 5, "review_time_days_avg": 5.777835526315788, "review_time_days_median": 0.72715, "review_time_pending_days_avg": 69.537499999999994, "review_time_pending_days_median": 75.204700000000003, "submitted": 292}