{"abandoned": 1, "merged": 34, "new": 3, "pending": 3, "review_time_days_avg": 56.82531428571429, "review_time_days_median": 4.68815, "review_time_pending_days_avg": 81.996700000000004, "review_time_pending_days_median": 81.996700000000004, "review_time_pending_update_days_avg": 47.637100000000004, "review_time_pending_update_days_median": 47.637100000000004, "submitted": 38}