{"abandoned": 62, "merged": 606, "new": 24, "pending": 24, "review_time_days_avg": 4.460108401084013, "review_time_days_median": 1.069, "review_time_pending_days_avg": 77.421495833333324, "review_time_pending_days_median": 53.580399999999997, "submitted": 692}