{"abandoned": 62, "merged": 1000, "new": 19, "pending": 19, "review_time_days_avg": 32.20032545454545, "review_time_days_median": 10.1583, "review_time_pending_days_avg": 266.53127333333333, "review_time_pending_days_median": 291.5686, "submitted": 1081}