{"abandoned": 860, "merged": 12803, "new": 145, "pending": 145, "review_time_days_avg": 6.979850539811071, "review_time_days_median": 0.36895, "review_time_pending_days_avg": 67.395686666666663, "review_time_pending_days_median": 25.570900000000002, "review_time_pending_update_days_avg": 43.654158518518528, "review_time_pending_update_days_median": 13.2376, "submitted": 13808}