{"abandoned": 4, "merged": 9, "new": 6, "pending": 6, "review_time_days_avg": 7.2279857142857145, "review_time_days_median": 3.9845, "review_time_pending_days_avg": 14.069450000000002, "review_time_pending_days_median": 16.289400000000001, "review_time_pending_update_days_avg": 6.8267166666666661, "review_time_pending_update_days_median": 7.3377499999999998, "submitted": 19}