{"abandoned": 37, "merged": 296, "new": 17, "pending": 17, "review_time_days_avg": 4.117122177419356, "review_time_days_median": 1.13155, "review_time_pending_days_avg": 40.588499999999996, "review_time_pending_days_median": 26.2057, "review_time_pending_update_days_avg": 28.847029411764709, "review_time_pending_update_days_median": 24.456600000000002, "submitted": 350}