{"abandoned": 48, "merged": 147, "new": 11, "pending": 11, "review_time_days_avg": 7.017127272727272, "review_time_days_median": 3.0577, "review_time_pending_days_avg": 57.59729999999999, "review_time_pending_days_median": 22.997299999999999, "submitted": 206}