{"abandoned": 319, "merged": 3726, "new": 46, "pending": 46, "review_time_days_avg": 5.247199937616968, "review_time_days_median": 0.7572, "review_time_pending_days_avg": 52.59245111111111, "review_time_pending_days_median": 11.6309, "review_time_pending_update_days_avg": 24.994275555555557, "review_time_pending_update_days_median": 4.5838999999999999, "submitted": 4091}