{"abandoned": 26, "merged": 394, "new": 9, "pending": 9, "review_time_days_avg": 4.979199999999997, "review_time_days_median": 1.0568499999999998, "review_time_pending_days_avg": 72.084722222222226, "review_time_pending_days_median": 25.357399999999998, "review_time_pending_update_days_avg": 69.875466666666668, "review_time_pending_update_days_median": 25.355799999999999, "submitted": 429}