{"abandoned": 6, "merged": 56, "new": 7, "pending": 7, "review_time_days_avg": 13.138724000000002, "review_time_days_median": 5.9316, "review_time_pending_days_avg": 211.26883333333339, "review_time_pending_days_median": 292.71570000000003, "review_time_pending_update_days_avg": 100.46570000000001, "review_time_pending_update_days_median": 93.399600000000007, "submitted": 69}