{"abandoned": 85, "merged": 2105, "new": 15, "pending": 15, "review_time_days_avg": 6.598583221476508, "review_time_days_median": 0.92275, "review_time_pending_days_avg": 62.856393333333322, "review_time_pending_days_median": 17.367000000000001, "submitted": 2205}