{"abandoned": 87, "merged": 1549, "new": 9, "pending": 9, "review_time_days_avg": 4.685778636363634, "review_time_days_median": 0.3092, "review_time_pending_days_avg": 63.022966666666662, "review_time_pending_days_median": 35.365600000000001, "review_time_pending_update_days_avg": 17.653444444444446, "review_time_pending_update_days_median": 3.3542000000000001, "submitted": 1645}