{"abandoned": 839, "merged": 12484, "new": 146, "pending": 146, "review_time_days_avg": 6.656174402985075, "review_time_days_median": 0.3315, "review_time_pending_days_avg": 69.616799264705804, "review_time_pending_days_median": 32.591349999999998, "submitted": 13469}