{"abandoned": 68, "merged": 375, "new": 46, "pending": 46, "review_time_days_avg": 13.860283916083914, "review_time_days_median": 1.3003, "review_time_pending_days_avg": 177.78671034482764, "review_time_pending_days_median": 161.27160000000001, "review_time_pending_update_days_avg": 135.3223689655172, "review_time_pending_update_days_median": 153.6943, "submitted": 489}