{"abandoned": 837, "merged": 12449, "new": 137, "pending": 137, "review_time_days_avg": 6.663527836611197, "review_time_days_median": 0.3278, "review_time_pending_days_avg": 74.588848031496099, "review_time_pending_days_median": 36.977499999999999, "submitted": 13423}