{"abandoned": 6, "merged": 38, "new": 1, "pending": 1, "review_time_days_avg": 7.988541176470589, "review_time_days_median": 0.3617, "review_time_pending_days_avg": 88.231999999999999, "review_time_pending_days_median": 88.231999999999999, "submitted": 45}