{"abandoned": 43, "merged": 490, "new": 20, "pending": 20, "review_time_days_avg": 8.926303517587941, "review_time_days_median": 2.0951, "review_time_pending_days_avg": 146.54663888888888, "review_time_pending_days_median": 142.33744999999999, "review_time_pending_update_days_avg": 101.95827222222225, "review_time_pending_update_days_median": 93.330250000000007, "submitted": 553}