{"abandoned": 5, "merged": 27, "new": 2, "pending": 2, "review_time_days_avg": 9.29779090909091, "review_time_days_median": 2.5639, "review_time_pending_days_avg": 214.84334999999999, "review_time_pending_days_median": 214.84334999999999, "review_time_pending_update_days_avg": 162.29939999999999, "review_time_pending_update_days_median": 162.29939999999999, "submitted": 34}