{"abandoned": 10, "merged": 348, "new": 1, "pending": 1, "review_time_days_avg": 3.609225757575759, "review_time_days_median": 1.06, "review_time_pending_days_avg": 23.462399999999999, "review_time_pending_days_median": 23.462399999999999, "submitted": 359}