{"abandoned": 837, "merged": 12459, "new": 140, "pending": 140, "review_time_days_avg": 6.640906094808128, "review_time_days_median": 0.3252, "review_time_pending_days_avg": 72.886993076923119, "review_time_pending_days_median": 36.365899999999996, "submitted": 13436}