{"abandoned": 5, "merged": 178, "new": 9, "pending": 9, "review_time_days_avg": 35.23437142857143, "review_time_days_median": 17.0082, "review_time_pending_days_avg": 183.32898333333333, "review_time_pending_days_median": 184.82384999999999, "review_time_pending_update_days_avg": 144.50941666666668, "review_time_pending_update_days_median": 79.246499999999997, "submitted": 192}