{"abandoned": 340, "merged": 3654, "new": 17, "pending": 17, "review_time_days_avg": 4.280382994652406, "review_time_days_median": 1.8334, "review_time_pending_days_avg": 27.008964705882345, "review_time_pending_days_median": 23.204799999999999, "submitted": 4011}