{"abandoned": 1, "merged": 78, "pending": 3, "review_time_days_avg": 159.07786500000003, "review_time_days_median": 159.16910000000001, "submitted": 82}