{"abandoned": 9, "merged": 176, "new": 4, "pending": 4, "review_time_days_avg": 6.922603370786515, "review_time_days_median": 1.7909, "review_time_pending_days_avg": 11.296774999999998, "review_time_pending_days_median": 13.236750000000001, "review_time_pending_update_days_avg": 7.5714250000000005, "review_time_pending_update_days_median": 6.1393499999999994, "submitted": 189}