{"abandoned": 142, "merged": 1253, "new": 8, "pending": 8, "review_time_days_avg": 19.42969230769231, "review_time_days_median": 1.2563, "review_time_pending_days_avg": 224.27829999999997, "review_time_pending_days_median": 232.49025, "submitted": 1403}