{"abandoned": 28, "merged": 410, "new": 11, "pending": 11, "review_time_days_avg": 4.773683333333331, "review_time_days_median": 1.0568499999999998, "review_time_pending_days_avg": 62.192045454545472, "review_time_pending_days_median": 13.650399999999999, "review_time_pending_update_days_avg": 59.720981818181805, "review_time_pending_update_days_median": 7.5593000000000004, "submitted": 449}