{"abandoned": 26, "merged": 384, "new": 13, "pending": 13, "review_time_days_avg": 4.89142631578947, "review_time_days_median": 0.3089, "review_time_pending_days_avg": 49.114684615384604, "review_time_pending_days_median": 4.3723000000000001, "review_time_pending_update_days_avg": 47.561261538461537, "review_time_pending_update_days_median": 3.6642999999999999, "submitted": 423}