{"abandoned": 340, "merged": 3672, "new": 22, "pending": 22, "review_time_days_avg": 4.261219108280255, "review_time_days_median": 1.8317999999999999, "review_time_pending_days_avg": 24.413604545454543, "review_time_pending_days_median": 22.490650000000002, "submitted": 4034}