{"abandoned": 3, "merged": 68, "pending": 2, "review_time_days_avg": 180.32744750000003, "review_time_days_median": 180.68585000000002, "submitted": 73}