{"abandoned": 1326, "merged": 10786, "new": 466, "pending": 467, "review_time_days_avg": 14.690290112994365, "review_time_days_median": 0.9012, "review_time_pending_days_avg": 111.25267831978313, "review_time_pending_days_median": 75.789199999999994, "review_time_pending_update_days_avg": 60.902310569105673, "review_time_pending_update_days_median": 33.399999999999999, "submitted": 12579}