{"abandoned": 37, "merged": 278, "new": 9, "pending": 9, "review_time_days_avg": 4.540744827586204, "review_time_days_median": 0.2559, "review_time_pending_days_avg": 88.851025000000007, "review_time_pending_days_median": 5.9988500000000009, "review_time_pending_update_days_avg": 88.219687500000006, "review_time_pending_update_days_median": 4.2818500000000004, "submitted": 324}