{"abandoned": 0, "merged": 35, "new": 1, "pending": 1, "review_time_days_avg": 2.5619384615384613, "review_time_days_median": 0.9378, "review_time_pending_days_avg": 0.46660000000000001, "review_time_pending_days_median": 0.46660000000000001, "review_time_pending_update_days_avg": 0.46650000000000003, "review_time_pending_update_days_median": 0.46650000000000003, "submitted": 36}