{"abandoned": 1, "merged": 25, "new": 3, "pending": 3, "review_time_days_avg": 14.57704, "review_time_days_median": 3.8360000000000003, "review_time_pending_days_avg": 65.607166666666672, "review_time_pending_days_median": 70.723600000000005, "review_time_pending_update_days_avg": 52.80436666666666, "review_time_pending_update_days_median": 69.498599999999996, "submitted": 29}