{"abandoned": 6, "merged": 232, "new": 3, "pending": 3, "review_time_days_avg": 9.457619999999999, "review_time_days_median": 6.9568, "review_time_pending_days_avg": 10.547266666666667, "review_time_pending_days_median": 9.0272000000000006, "submitted": 241}