{"abandoned": 35, "merged": 707, "new": 4, "pending": 4, "review_time_days_avg": 6.930496491228069, "review_time_days_median": 1.4573, "review_time_pending_days_avg": 211.53446666666665, "review_time_pending_days_median": 208.16730000000001, "submitted": 746}