{"abandoned": 19, "merged": 434, "new": 5, "pending": 5, "review_time_days_avg": 1.3715925641025644, "review_time_days_median": 0.1363, "review_time_pending_days_avg": 6.68642, "review_time_pending_days_median": 0.39600000000000002, "review_time_pending_update_days_avg": 5.0925799999999999, "review_time_pending_update_days_median": 0.37259999999999999, "submitted": 458}