{"abandoned": 17, "merged": 511, "new": 3, "pending": 3, "review_time_days_avg": 1.9845988281250007, "review_time_days_median": 0.8284499999999999, "review_time_pending_days_avg": 8.197633333333334, "review_time_pending_days_median": 3.5910000000000002, "submitted": 531}