{"abandoned": 1, "merged": 45, "pending": 0, "review_time_days_avg": 192.2490382352941, "review_time_days_median": 204.38799999999998, "submitted": 46}