{"abandoned": 215, "merged": 3800, "new": 30, "pending": 30, "review_time_days_avg": 6.86938898963731, "review_time_days_median": 1.87785, "review_time_pending_days_avg": 53.884468965517215, "review_time_pending_days_median": 23.724900000000002, "review_time_pending_update_days_avg": 34.937810344827589, "review_time_pending_update_days_median": 20.848099999999999, "submitted": 4045}