{"abandoned": 319, "merged": 3741, "new": 48, "pending": 48, "review_time_days_avg": 5.2158583023544, "review_time_days_median": 0.7485999999999999, "review_time_pending_days_avg": 51.209117021276604, "review_time_pending_days_median": 11.8314, "review_time_pending_update_days_avg": 24.047368085106392, "review_time_pending_update_days_median": 3.4243999999999999, "submitted": 4108}