{"abandoned": 3, "merged": 8, "new": 5, "pending": 5, "review_time_days_avg": 9.415420000000001, "review_time_days_median": 5.6485, "review_time_pending_days_avg": 3.8624200000000002, "review_time_pending_days_median": 3.6400000000000001, "submitted": 16}