{"abandoned": 37, "merged": 314, "new": 22, "pending": 22, "review_time_days_avg": 3.945318250950573, "review_time_days_median": 1.0851, "review_time_pending_days_avg": 34.310645454545451, "review_time_pending_days_median": 19.779150000000001, "review_time_pending_update_days_avg": 25.006699999999999, "review_time_pending_update_days_median": 15.6821, "submitted": 373}