{"abandoned": 49, "merged": 151, "new": 11, "pending": 11, "review_time_days_avg": 4.730732653061223, "review_time_days_median": 0.685, "review_time_pending_days_avg": 61.220899999999993, "review_time_pending_days_median": 26.620899999999999, "submitted": 211}