{"abandoned": 35, "merged": 705, "new": 4, "pending": 4, "review_time_days_avg": 6.930496491228069, "review_time_days_median": 1.4573, "review_time_pending_days_avg": 210.58096666666665, "review_time_pending_days_median": 207.21379999999999, "submitted": 744}