{"abandoned": 43, "merged": 491, "new": 19, "pending": 19, "review_time_days_avg": 9.015918000000001, "review_time_days_median": 2.11335, "review_time_pending_days_avg": 164.89947647058827, "review_time_pending_days_median": 156.02109999999999, "review_time_pending_update_days_avg": 117.98070588235294, "review_time_pending_update_days_median": 104.3172, "submitted": 553}