{"abandoned": 372, "merged": 4358, "new": 45, "pending": 45, "review_time_days_avg": 5.128814929388029, "review_time_days_median": 0.7601, "review_time_pending_days_avg": 75.547256818181822, "review_time_pending_days_median": 46.058099999999996, "submitted": 4775}