{"abandoned": 35, "merged": 466, "new": 12, "pending": 12, "review_time_days_avg": 4.715459803921569, "review_time_days_median": 0.5243, "review_time_pending_days_avg": 86.609108333333367, "review_time_pending_days_median": 93.464850000000013, "review_time_pending_update_days_avg": 67.975066666666677, "review_time_pending_update_days_median": 61.451500000000003, "submitted": 513}