{"abandoned": 9, "merged": 176, "new": 3, "pending": 3, "review_time_days_avg": 6.922603370786515, "review_time_days_median": 1.7909, "review_time_pending_days_avg": 12.853666666666667, "review_time_pending_days_median": 12.681900000000001, "submitted": 188}