{"abandoned": 23, "merged": 198, "new": 10, "pending": 10, "review_time_days_avg": 17.94364166666667, "review_time_days_median": 2.5356, "review_time_pending_days_avg": 141.38168888888885, "review_time_pending_days_median": 164.68049999999999, "submitted": 231}