{"abandoned": 26, "merged": 317, "new": 15, "pending": 15, "review_time_days_avg": 4.503800746268657, "review_time_days_median": 0.15875, "review_time_pending_days_avg": 79.391646666666674, "review_time_pending_days_median": 65.610600000000005, "review_time_pending_update_days_avg": 54.955026666666676, "review_time_pending_update_days_median": 26.795500000000001, "submitted": 358}