{"abandoned": 37, "merged": 274, "new": 4, "pending": 4, "review_time_days_avg": 4.647562352941173, "review_time_days_median": 0.2945, "review_time_pending_days_avg": 219.60636666666667, "review_time_pending_days_median": 216.23920000000001, "review_time_pending_update_days_avg": 219.48533333333333, "review_time_pending_update_days_median": 216.23869999999999, "submitted": 315}