{"abandoned": 347, "merged": 3179, "new": 21, "pending": 21, "review_time_days_avg": 3.142726030534353, "review_time_days_median": 0.81965, "review_time_pending_days_avg": 22.570966666666671, "review_time_pending_days_median": 13.2683, "review_time_pending_update_days_avg": 12.043285714285712, "review_time_pending_update_days_median": 1.9463999999999999, "submitted": 3547}