{"abandoned": 110, "merged": 658, "new": 7, "pending": 7, "review_time_days_avg": 2.9147260273972604, "review_time_days_median": 0.364, "review_time_pending_days_avg": 94.957957142857154, "review_time_pending_days_median": 91.956699999999998, "review_time_pending_update_days_avg": 45.642085714285713, "review_time_pending_update_days_median": 50.738900000000001, "submitted": 775}