{"abandoned": 837, "merged": 12443, "new": 143, "pending": 143, "review_time_days_avg": 6.663527836611197, "review_time_days_median": 0.3278, "review_time_pending_days_avg": 70.921129323308193, "review_time_pending_days_median": 33.789400000000001, "submitted": 13423}