{"abandoned": 6, "merged": 57, "new": 4, "pending": 4, "review_time_days_avg": 6.853017021276595, "review_time_days_median": 0.939, "review_time_pending_days_avg": 124.55719999999999, "review_time_pending_days_median": 124.67999999999999, "review_time_pending_update_days_avg": 84.931574999999995, "review_time_pending_update_days_median": 67.433899999999994, "submitted": 67}