{"abandoned": 2, "merged": 66, "new": 4, "pending": 4, "review_time_days_avg": 23.242199999999997, "review_time_days_median": 0.10025, "review_time_pending_days_avg": 204.70906666666667, "review_time_pending_days_median": 305.64760000000001, "submitted": 72}