{"abandoned": 1, "merged": 16, "new": 1, "pending": 1, "review_time_days_avg": 9.307242857142857, "review_time_days_median": 0.9293, "review_time_pending_days_avg": 58.193100000000001, "review_time_pending_days_median": 58.193100000000001, "review_time_pending_update_days_avg": 58.193100000000001, "review_time_pending_update_days_median": 58.193100000000001, "submitted": 18}