{"abandoned": 68, "merged": 379, "new": 42, "pending": 42, "review_time_days_avg": 15.243354794520544, "review_time_days_median": 1.36415, "review_time_pending_days_avg": 198.87199200000003, "review_time_pending_days_median": 178.59540000000001, "review_time_pending_update_days_avg": 159.16508400000004, "review_time_pending_update_days_median": 156.72139999999999, "submitted": 489}