{"abandoned": 15, "merged": 222, "new": 7, "pending": 7, "review_time_days_avg": 9.312122222222223, "review_time_days_median": 1.9961, "review_time_pending_days_avg": 182.89109999999999, "review_time_pending_days_median": 216.14490000000001, "review_time_pending_update_days_avg": 125.65824000000001, "review_time_pending_update_days_median": 124.7779, "submitted": 244}