{"abandoned": 3, "merged": 8, "new": 5, "pending": 5, "review_time_days_avg": 7.84685, "review_time_days_median": 4.8165000000000004, "review_time_pending_days_avg": 3.8698199999999998, "review_time_pending_days_median": 3.6474000000000002, "submitted": 16}