{"abandoned": 62, "merged": 612, "new": 29, "pending": 29, "review_time_days_avg": 4.437415902964962, "review_time_days_median": 1.0383, "review_time_pending_days_avg": 67.844251724137933, "review_time_pending_days_median": 23.579999999999998, "submitted": 703}