{"abandoned": 6, "merged": 58, "new": 3, "pending": 3, "review_time_days_avg": 11.593397777777776, "review_time_days_median": 2.3152, "review_time_pending_days_avg": 25.307833333333335, "review_time_pending_days_median": 16.243500000000001, "review_time_pending_update_days_avg": 19.408933333333334, "review_time_pending_update_days_median": 0.40910000000000002, "submitted": 67}