{"abandoned": 27, "merged": 271, "new": 2, "pending": 2, "review_time_days_avg": 11.450705063291139, "review_time_days_median": 1.8874, "review_time_pending_days_avg": 12.024900000000001, "review_time_pending_days_median": 12.024900000000001, "review_time_pending_update_days_avg": 11.598850000000001, "review_time_pending_update_days_median": 11.598850000000001, "submitted": 300}