{"abandoned": 24, "merged": 712, "new": 11, "pending": 11, "review_time_days_avg": 19.463630263157903, "review_time_days_median": 3.77035, "review_time_pending_days_avg": 123.46104, "review_time_pending_days_median": 141.36025000000001, "submitted": 747}