{"abandoned": 68, "merged": 379, "new": 42, "pending": 42, "review_time_days_avg": 15.243354794520544, "review_time_days_median": 1.36415, "review_time_pending_days_avg": 197.86992799999999, "review_time_pending_days_median": 177.5934, "review_time_pending_update_days_avg": 158.16303200000002, "review_time_pending_update_days_median": 155.71940000000001, "submitted": 489}