{"abandoned": 34, "merged": 242, "new": 6, "pending": 6, "review_time_days_avg": 6.552644776119405, "review_time_days_median": 1.0372, "review_time_pending_days_avg": 55.479966666666662, "review_time_pending_days_median": 23.532549999999997, "review_time_pending_update_days_avg": 50.288049999999998, "review_time_pending_update_days_median": 22.479200000000002, "submitted": 282}