{"abandoned": 5, "merged": 172, "new": 9, "pending": 9, "review_time_days_avg": 35.23437142857143, "review_time_days_median": 17.0082, "review_time_pending_days_avg": 174.28480000000002, "review_time_pending_days_median": 175.77969999999999, "review_time_pending_update_days_avg": 135.46525, "review_time_pending_update_days_median": 70.202299999999994, "submitted": 186}