{"abandoned": 154, "merged": 1705, "new": 18, "pending": 18, "review_time_days_avg": 5.09656272493573, "review_time_days_median": 0.8233, "review_time_pending_days_avg": 160.28907272727272, "review_time_pending_days_median": 154.5359, "submitted": 1877}