{"abandoned": 2, "merged": 20, "new": 3, "pending": 3, "review_time_days_avg": 21.343671428571422, "review_time_days_median": 0.1311, "review_time_pending_days_avg": 321.42270000000002, "review_time_pending_days_median": 321.42270000000002, "review_time_pending_update_days_avg": 208.27825000000001, "review_time_pending_update_days_median": 208.27825000000001, "submitted": 25}