{"abandoned": 5, "merged": 25, "new": 2, "pending": 2, "review_time_days_avg": 11.358566666666668, "review_time_days_median": 6.439, "review_time_pending_days_avg": 196.23829999999998, "review_time_pending_days_median": 196.23829999999998, "review_time_pending_update_days_avg": 143.69434999999999, "review_time_pending_update_days_median": 143.69434999999999, "submitted": 32}