{"abandoned": 12, "merged": 75, "new": 9, "pending": 9, "review_time_days_avg": 14.016493333333337, "review_time_days_median": 7.2355, "review_time_pending_days_avg": 117.04125555555555, "review_time_pending_days_median": 99.575900000000004, "submitted": 96}