{"abandoned": 12, "merged": 76, "new": 10, "pending": 10, "review_time_days_avg": 19.59809411764706, "review_time_days_median": 7.2355, "review_time_pending_days_avg": 105.10830000000001, "review_time_pending_days_median": 99.734250000000003, "review_time_pending_update_days_avg": 48.793040000000005, "review_time_pending_update_days_median": 16.009399999999999, "submitted": 98}