{"abandoned": 20, "merged": 221, "new": 8, "pending": 8, "review_time_days_avg": 16.752765625, "review_time_days_median": 0.6789000000000001, "review_time_pending_days_avg": 95.386359999999982, "review_time_pending_days_median": 104.0311, "review_time_pending_update_days_avg": 62.762199999999993, "review_time_pending_update_days_median": 82.428299999999993, "submitted": 249}