{"abandoned": 68, "merged": 379, "new": 43, "pending": 43, "review_time_days_avg": 15.243354794520544, "review_time_days_median": 1.36415, "review_time_pending_days_avg": 194.10363846153845, "review_time_pending_days_median": 174.41679999999999, "review_time_pending_update_days_avg": 155.92392692307695, "review_time_pending_update_days_median": 159.69229999999999, "submitted": 490}