{"abandoned": 63, "merged": 1001, "new": 12, "pending": 12, "review_time_days_avg": 2.2800698275862055, "review_time_days_median": 0.18180000000000002, "review_time_pending_days_avg": 53.852291666666652, "review_time_pending_days_median": 15.695599999999999, "review_time_pending_update_days_avg": 16.573033333333331, "review_time_pending_update_days_median": 10.921600000000002, "submitted": 1076}