{"abandoned": 18, "merged": 246, "new": 5, "pending": 5, "review_time_days_avg": 3.368722727272727, "review_time_days_median": 0.45775, "review_time_pending_days_avg": 27.879580000000004, "review_time_pending_days_median": 37.285200000000003, "review_time_pending_update_days_avg": 6.8244400000000001, "review_time_pending_update_days_median": 4.6447000000000003, "submitted": 269}