{"abandoned": 20, "merged": 219, "new": 8, "pending": 8, "review_time_days_avg": 16.981421599999994, "review_time_days_median": 0.6739, "review_time_pending_days_avg": 92.360600000000005, "review_time_pending_days_median": 99.005600000000001, "review_time_pending_update_days_avg": 57.962559999999996, "review_time_pending_update_days_median": 77.402699999999996, "submitted": 247}