{"abandoned": 351, "merged": 3207, "new": 22, "pending": 22, "review_time_days_avg": 3.12101278195489, "review_time_days_median": 0.8094, "review_time_pending_days_avg": 20.790313636363635, "review_time_pending_days_median": 11.942, "review_time_pending_update_days_avg": 7.3376500000000027, "review_time_pending_update_days_median": 0.43235000000000001, "submitted": 3580}