{"abandoned": 34, "merged": 239, "new": 9, "pending": 9, "review_time_days_avg": 4.826051562500003, "review_time_days_median": 0.9290499999999999, "review_time_pending_days_avg": 50.750566666666685, "review_time_pending_days_median": 43.300199999999997, "review_time_pending_update_days_avg": 47.742755555555554, "review_time_pending_update_days_median": 43.296599999999998, "submitted": 282}