{"abandoned": 3, "merged": 20, "new": 1, "pending": 1, "review_time_days_avg": 0.5087333333333334, "review_time_days_median": 0.011550000000000001, "review_time_pending_days_avg": 14.658899999999999, "review_time_pending_days_median": 14.658899999999999, "submitted": 24}