{"abandoned": 20, "merged": 218, "new": 9, "pending": 9, "review_time_days_avg": 16.981421599999994, "review_time_days_median": 0.6739, "review_time_pending_days_avg": 75.485000000000014, "review_time_pending_days_median": 92.966399999999993, "review_time_pending_update_days_avg": 46.923633333333335, "review_time_pending_update_days_median": 53.393450000000001, "submitted": 247}