{"abandoned": 10, "merged": 80, "new": 2, "pending": 2, "review_time_days_avg": 1.2256880597014925, "review_time_days_median": 0.0999, "review_time_pending_days_avg": 245.80155000000002, "review_time_pending_days_median": 245.80155000000002, "review_time_pending_update_days_avg": 230.24155000000002, "review_time_pending_update_days_median": 230.24155000000002, "submitted": 92}