{"abandoned": 87, "merged": 1559, "new": 9, "pending": 9, "review_time_days_avg": 4.606383035714282, "review_time_days_median": 0.30545, "review_time_pending_days_avg": 69.038522222222241, "review_time_pending_days_median": 41.381100000000004, "review_time_pending_update_days_avg": 22.467344444444446, "review_time_pending_update_days_median": 9.3697999999999997, "submitted": 1655}