{"abandoned": 848, "merged": 12671, "new": 120, "pending": 120, "review_time_days_avg": 6.875010684357546, "review_time_days_median": 0.3698, "review_time_pending_days_avg": 82.089149090909075, "review_time_pending_days_median": 48.380899999999997, "review_time_pending_update_days_avg": 51.569851818181824, "review_time_pending_update_days_median": 22.034149999999997, "submitted": 13639}