{"abandoned": 20, "merged": 215, "new": 7, "pending": 7, "review_time_days_avg": 23.590953333333324, "review_time_days_median": 1.8401999999999998, "review_time_pending_days_avg": 95.388950000000008, "review_time_pending_days_median": 89.98429999999999, "submitted": 242}