{"abandoned": 3, "merged": 48, "pending": 1, "review_time_days_avg": 162.55784210526318, "review_time_days_median": 138.38060000000002, "submitted": 52}