{"abandoned": 2, "merged": 15, "new": 2, "pending": 2, "review_time_days_avg": 6.498233333333334, "review_time_days_median": 7.4547, "review_time_pending_days_avg": 40.278750000000002, "review_time_pending_days_median": 40.278750000000002, "review_time_pending_update_days_avg": 2.9101499999999998, "review_time_pending_update_days_median": 2.9101499999999998, "submitted": 19}