{"abandoned": 32, "merged": 255, "new": 5, "pending": 5, "review_time_days_avg": 5.7401568627450965, "review_time_days_median": 0.71, "review_time_pending_days_avg": 71.751659999999987, "review_time_pending_days_median": 77.418899999999994, "submitted": 292}