{"abandoned": 2, "merged": 23, "new": 1, "pending": 1, "review_time_days_avg": 31.291566666666668, "review_time_days_median": 0.8632, "review_time_pending_days_avg": 314.71190000000001, "review_time_pending_days_median": 314.71190000000001, "review_time_pending_update_days_avg": 194.64869999999999, "review_time_pending_update_days_median": 194.64869999999999, "submitted": 26}