{"abandoned": 5, "merged": 187, "pending": 0, "review_time_days_avg": 3.2925333333333335, "review_time_days_median": 1.6049000000000002, "submitted": 192}