{"abandoned": 12, "merged": 36, "new": 1, "pending": 1, "review_time_days_avg": 0.27164285714285713, "review_time_days_median": 0.2578, "review_time_pending_days_avg": 71.842100000000002, "review_time_pending_days_median": 71.842100000000002, "submitted": 49}