{"abandoned": 5, "merged": 25, "new": 2, "pending": 2, "review_time_days_avg": 14.59887142857143, "review_time_days_median": 9.3697, "review_time_pending_days_avg": 190.01724999999999, "review_time_pending_days_median": 190.01724999999999, "submitted": 32}