{"abandoned": 60, "merged": 488, "new": 19, "pending": 19, "review_time_days_avg": 32.77889999999999, "review_time_days_median": 10.6663, "review_time_pending_days_avg": 286.50199333333336, "review_time_pending_days_median": 311.53930000000003, "review_time_pending_update_days_avg": 259.25561333333337, "review_time_pending_update_days_median": 298.61270000000002, "submitted": 567}