{"abandoned": 20, "merged": 57, "new": 1, "pending": 1, "review_time_days_avg": 7.544684848484849, "review_time_days_median": 0.9933, "review_time_pending_days_avg": 4.3533999999999997, "review_time_pending_days_median": 4.3533999999999997, "submitted": 78}