{"abandoned": 57, "merged": 328, "new": 24, "pending": 24, "review_time_days_avg": 5.1727608695652165, "review_time_days_median": 0.0504, "review_time_pending_days_avg": 190.81113478260863, "review_time_pending_days_median": 293.29480000000001, "review_time_pending_update_days_avg": 166.62761304347825, "review_time_pending_update_days_median": 177.37299999999999, "submitted": 409}