{"abandoned": 23, "merged": 434, "new": 3, "pending": 3, "review_time_days_avg": 2.252710526315789, "review_time_days_median": 0.9911, "review_time_pending_days_avg": 104.14949999999999, "review_time_pending_days_median": 36.512799999999999, "submitted": 460}