{"abandoned": 1, "merged": 10, "new": 4, "pending": 4, "review_time_days_avg": 3.202925, "review_time_days_median": 1.35135, "review_time_pending_days_avg": 21.569725000000002, "review_time_pending_days_median": 6.7729499999999998, "review_time_pending_update_days_avg": 19.335725000000004, "review_time_pending_update_days_median": 4.7607999999999997, "submitted": 15}