{"abandoned": 37, "merged": 278, "new": 5, "pending": 5, "review_time_days_avg": 4.540744827586204, "review_time_days_median": 0.2559, "review_time_pending_days_avg": 170.12267500000002, "review_time_pending_days_median": 182.23519999999999, "review_time_pending_update_days_avg": 169.18679999999998, "review_time_pending_update_days_median": 182.23475000000002, "submitted": 320}