{"abandoned": 339, "merged": 3627, "new": 25, "pending": 25, "review_time_days_avg": 4.235785995623632, "review_time_days_median": 1.78505, "submitted": 3991}