{"abandoned": 142, "merged": 846, "new": 9, "pending": 9, "review_time_days_avg": 12.63650666666667, "review_time_days_median": 0.25855, "review_time_pending_days_avg": 218.77284285714288, "review_time_pending_days_median": 244.10169999999999, "review_time_pending_update_days_avg": 86.381042857142873, "review_time_pending_update_days_median": 96.643000000000001, "submitted": 997}