{"abandoned": 48, "merged": 287, "new": 11, "pending": 11, "review_time_days_avg": 7.224521874999999, "review_time_days_median": 3.326, "review_time_pending_days_avg": 52.649811111111113, "review_time_pending_days_median": 18.049800000000001, "submitted": 346}