{"abandoned": 154, "merged": 1705, "new": 18, "pending": 18, "review_time_days_avg": 3.2922834162520713, "review_time_days_median": 0.1392, "review_time_pending_days_avg": 185.32650000000001, "review_time_pending_days_median": 179.57339999999999, "review_time_pending_update_days_avg": 137.1926, "review_time_pending_update_days_median": 126.29049999999999, "submitted": 1877}