{"abandoned": 27, "merged": 712, "new": 4, "pending": 4, "review_time_days_avg": 14.211456666666667, "review_time_days_median": 2.5097500000000004, "review_time_pending_days_avg": 12.366999999999999, "review_time_pending_days_median": 12.616949999999999, "submitted": 743}