{"abandoned": 13, "merged": 77, "new": 6, "pending": 6, "review_time_days_avg": 1.7799599999999998, "review_time_days_median": 0.25775000000000003, "review_time_pending_days_avg": 86.021940000000001, "review_time_pending_days_median": 53.289400000000001, "submitted": 96}