{"abandoned": 4, "merged": 558, "pending": 3, "review_time_days_avg": 83.57516595, "review_time_days_median": 6.771050000000001, "submitted": 565}