{"abandoned": 1, "merged": 32, "new": 5, "pending": 5, "review_time_days_avg": 2.0955583333333334, "review_time_days_median": 0.1158, "review_time_pending_days_avg": 59.95709999999999, "review_time_pending_days_median": 0.78469999999999995, "submitted": 38}