{"abandoned": 20, "merged": 218, "new": 9, "pending": 9, "review_time_days_avg": 16.981421599999994, "review_time_days_median": 0.6739, "review_time_pending_days_avg": 74.538200000000003, "review_time_pending_days_median": 92.019599999999997, "review_time_pending_update_days_avg": 45.976816666666672, "review_time_pending_update_days_median": 52.446649999999998, "submitted": 247}