{"abandoned": 321, "merged": 3765, "new": 45, "pending": 45, "review_time_days_avg": 5.229293341478313, "review_time_days_median": 0.7588, "review_time_pending_days_avg": 53.803149999999988, "review_time_pending_days_median": 8.57165, "review_time_pending_update_days_avg": 25.387059090909091, "review_time_pending_update_days_median": 1.9130500000000001, "submitted": 4131}