{"abandoned": 40, "merged": 228, "new": 10, "pending": 10, "review_time_days_avg": 18.381447457627118, "review_time_days_median": 2.8124, "review_time_pending_days_avg": 94.465137499999997, "review_time_pending_days_median": 73.635450000000006, "review_time_pending_update_days_avg": 70.30028750000001, "review_time_pending_update_days_median": 71.796500000000009, "submitted": 278}