{"abandoned": 3, "merged": 26, "new": 1, "pending": 1, "review_time_days_avg": 6.433599999999999, "review_time_days_median": 0.2114, "review_time_pending_days_avg": 18.461400000000001, "review_time_pending_days_median": 18.461400000000001, "review_time_pending_update_days_avg": 18.461400000000001, "review_time_pending_update_days_median": 18.461400000000001, "submitted": 30}