{"abandoned": 2, "merged": 67, "new": 2, "pending": 2, "review_time_days_avg": 8.576466666666667, "review_time_days_median": 0.3146, "review_time_pending_days_avg": 9.4288000000000007, "review_time_pending_days_median": 9.4288000000000007, "submitted": 71}