{"abandoned": 4, "merged": 571, "new": 3, "pending": 3, "review_time_days_avg": 14.15932258064516, "review_time_days_median": 3.0711, "review_time_pending_days_avg": 84.549033333333341, "review_time_pending_days_median": 32.615200000000002, "submitted": 578}