{"abandoned": 2, "merged": 53, "new": 1, "pending": 1, "review_time_days_avg": 244.59228095238103, "review_time_days_median": 271.9344, "review_time_pending_days_avg": 0.83850000000000002, "review_time_pending_days_median": 0.83850000000000002, "review_time_pending_update_days_avg": 0.83589999999999998, "review_time_pending_update_days_median": 0.83589999999999998, "submitted": 56}