{"abandoned": 13, "merged": 130, "new": 1, "pending": 1, "review_time_days_avg": 39.27281666666667, "review_time_days_median": 7.041300000000001, "review_time_pending_days_avg": 8.3364999999999991, "review_time_pending_days_median": 8.3364999999999991, "review_time_pending_update_days_avg": 0.37819999999999998, "review_time_pending_update_days_median": 0.37819999999999998, "submitted": 144}