{"abandoned": 30, "merged": 613, "new": 10, "pending": 10, "review_time_days_avg": 4.433829166666669, "review_time_days_median": 0.44015, "review_time_pending_days_avg": 78.880379999999988, "review_time_pending_days_median": 48.305149999999998, "review_time_pending_update_days_avg": 42.770830000000004, "review_time_pending_update_days_median": 21.048400000000001, "submitted": 653}