{"abandoned": 1, "merged": 63, "pending": 0, "review_time_days_avg": 227.09566666666657, "review_time_days_median": 249.85680000000002, "submitted": 64}