{"abandoned": 49, "merged": 158, "new": 10, "pending": 10, "review_time_days_avg": 6.261909259259259, "review_time_days_median": 0.8285, "review_time_pending_days_avg": 70.003687500000012, "review_time_pending_days_median": 39.782400000000003, "review_time_pending_update_days_avg": 38.018299999999989, "review_time_pending_update_days_median": 17.9178, "submitted": 217}