{"abandoned": 24, "merged": 711, "new": 11, "pending": 11, "review_time_days_avg": 19.463630263157903, "review_time_days_median": 3.77035, "review_time_pending_days_avg": 122.70809000000001, "review_time_pending_days_median": 140.60730000000001, "submitted": 746}