{"abandoned": 1, "merged": 78, "pending": 3, "review_time_days_avg": 168.4014388888889, "review_time_days_median": 150.69819999999999, "submitted": 82}