{"abandoned": 37, "merged": 310, "new": 21, "pending": 21, "review_time_days_avg": 4.022177734375001, "review_time_days_median": 1.09155, "review_time_pending_days_avg": 35.256295238095241, "review_time_pending_days_median": 23.487400000000001, "review_time_pending_update_days_avg": 25.368109523809522, "review_time_pending_update_days_median": 15.402799999999999, "submitted": 368}