{"abandoned": 2, "merged": 20, "new": 3, "pending": 3, "review_time_days_avg": 21.343671428571422, "review_time_days_median": 0.1311, "review_time_pending_days_avg": 318.45010000000002, "review_time_pending_days_median": 318.45010000000002, "review_time_pending_update_days_avg": 205.30554999999998, "review_time_pending_update_days_median": 205.30554999999998, "submitted": 25}