{"abandoned": 32, "merged": 255, "new": 5, "pending": 5, "review_time_days_avg": 5.7401568627450965, "review_time_days_median": 0.71, "review_time_pending_days_avg": 70.750700000000009, "review_time_pending_days_median": 76.417900000000003, "submitted": 292}