{"abandoned": 12, "merged": 36, "new": 1, "pending": 1, "review_time_days_avg": 0.2129777777777778, "review_time_days_median": 0.2574, "review_time_pending_days_avg": 73.671199999999999, "review_time_pending_days_median": 73.671199999999999, "submitted": 49}