{"abandoned": 5, "merged": 162, "new": 9, "pending": 9, "review_time_days_avg": 35.23437142857143, "review_time_days_median": 17.0082, "review_time_pending_days_avg": 168.34736666666666, "review_time_pending_days_median": 169.84224999999998, "review_time_pending_update_days_avg": 129.52781666666667, "review_time_pending_update_days_median": 64.264899999999997, "submitted": 176}