{"abandoned": 200, "merged": 3650, "pending": 32, "review_time_days_avg": 8.392179328621907, "review_time_days_median": 3.0477999999999996, "submitted": 3883}