{"abandoned": 1, "merged": 15, "new": 2, "pending": 2, "review_time_days_avg": 48.663128571428565, "review_time_days_median": 3.1805, "review_time_pending_days_avg": 237.82560000000001, "review_time_pending_days_median": 237.82560000000001, "review_time_pending_update_days_avg": 180.19965000000002, "review_time_pending_update_days_median": 180.19965000000002, "submitted": 18}