{"abandoned": 62, "merged": 606, "new": 24, "pending": 24, "review_time_days_avg": 4.460108401084013, "review_time_days_median": 1.069, "review_time_pending_days_avg": 78.431825000000018, "review_time_pending_days_median": 54.590699999999998, "submitted": 692}