{"abandoned": 24, "merged": 656, "new": 2, "pending": 2, "review_time_days_avg": 2.947386538461537, "review_time_days_median": 0.7945, "review_time_pending_days_avg": 21.163700000000002, "review_time_pending_days_median": 21.163700000000002, "submitted": 682}