{"abandoned": 1, "merged": 6, "new": 1, "pending": 1, "review_time_days_avg": 0.15925999999999998, "review_time_days_median": 0.0214, "review_time_pending_days_avg": 0.40189999999999998, "review_time_pending_days_median": 0.40189999999999998, "review_time_pending_update_days_avg": 0.39000000000000001, "review_time_pending_update_days_median": 0.39000000000000001, "submitted": 8}