{"abandoned": 13, "merged": 167, "new": 14, "pending": 14, "review_time_days_avg": 10.186578494623657, "review_time_days_median": 1.3901, "review_time_pending_days_avg": 102.08724285714287, "review_time_pending_days_median": 117.2244, "review_time_pending_update_days_avg": 56.127257142857147, "review_time_pending_update_days_median": 53.865899999999996, "submitted": 194}