{"abandoned": 4, "merged": 29, "new": 6, "pending": 6, "review_time_days_avg": 7.529068421052631, "review_time_days_median": 2.519, "review_time_pending_days_avg": 29.980383333333332, "review_time_pending_days_median": 6.4707500000000007, "review_time_pending_update_days_avg": 5.5760833333333331, "review_time_pending_update_days_median": 6.3049499999999998, "submitted": 39}