{"abandoned": 375, "merged": 4831, "new": 48, "pending": 48, "review_time_days_avg": 7.118243666026872, "review_time_days_median": 2.14745, "review_time_pending_days_avg": 64.94691489361702, "review_time_pending_days_median": 40.979100000000003, "submitted": 5254}