{"abandoned": 60, "merged": 488, "new": 19, "pending": 19, "review_time_days_avg": 32.77889999999999, "review_time_days_median": 10.6663, "review_time_pending_days_avg": 267.53205999999994, "review_time_pending_days_median": 292.56939999999997, "submitted": 567}