{"abandoned": 22, "merged": 708, "new": 7, "pending": 7, "review_time_days_avg": 23.590953333333324, "review_time_days_median": 1.8401999999999998, "submitted": 737}