{"abandoned": 14, "merged": 412, "new": 6, "pending": 6, "review_time_days_avg": 2.2227875, "review_time_days_median": 0.43789999999999996, "review_time_pending_days_avg": 84.272499999999994, "review_time_pending_days_median": 51.539900000000003, "submitted": 432}