{"abandoned": 4, "merged": 11, "new": 1, "pending": 1, "review_time_days_avg": 18.079933333333333, "review_time_days_median": 0.1835, "review_time_pending_days_avg": 1.2770999999999999, "review_time_pending_days_median": 1.2770999999999999, "review_time_pending_update_days_avg": 1.2769999999999999, "review_time_pending_update_days_median": 1.2769999999999999, "submitted": 16}