{"abandoned": 2, "merged": 11, "new": 2, "pending": 2, "review_time_days_avg": 181.11366666666666, "review_time_days_median": 10.9387, "review_time_pending_days_avg": 25.333950000000002, "review_time_pending_days_median": 25.333950000000002, "submitted": 15}