{"abandoned": 37, "merged": 274, "new": 4, "pending": 4, "review_time_days_avg": 4.647562352941173, "review_time_days_median": 0.2945, "review_time_pending_days_avg": 217.57736666666665, "review_time_pending_days_median": 214.21019999999999, "submitted": 315}