{"abandoned": 340, "merged": 3647, "new": 15, "pending": 15, "review_time_days_avg": 4.272874082073434, "review_time_days_median": 1.8258, "review_time_pending_days_avg": 31.639246666666672, "review_time_pending_days_median": 22.8826, "submitted": 4002}