{"abandoned": 13, "merged": 78, "new": 6, "pending": 6, "review_time_days_avg": 2.1693666666666664, "review_time_days_median": 0.3058, "review_time_pending_days_avg": 94.706279999999992, "review_time_pending_days_median": 64.3339, "review_time_pending_update_days_avg": 65.039299999999997, "review_time_pending_update_days_median": 61.608400000000003, "submitted": 97}