{"abandoned": 6, "merged": 56, "new": 7, "pending": 7, "review_time_days_avg": 13.138724000000002, "review_time_days_median": 5.9316, "review_time_pending_days_avg": 217.21296666666663, "review_time_pending_days_median": 298.65989999999999, "review_time_pending_update_days_avg": 106.40986666666667, "review_time_pending_update_days_median": 99.343699999999998, "submitted": 69}