{"abandoned": 60, "merged": 488, "new": 19, "pending": 19, "review_time_days_avg": 32.77889999999999, "review_time_days_median": 10.6663, "review_time_pending_days_avg": 273.55574666666666, "review_time_pending_days_median": 298.59309999999999, "review_time_pending_update_days_avg": 246.30936000000003, "review_time_pending_update_days_median": 285.66649999999998, "submitted": 567}