{"abandoned": 204, "merged": 3419, "new": 34, "pending": 34, "review_time_days_avg": 4.156304133685131, "review_time_days_median": 0.9091, "review_time_pending_days_avg": 102.24240294117646, "review_time_pending_days_median": 86.953000000000003, "submitted": 3657}