{"abandoned": 11, "merged": 52, "new": 2, "pending": 2, "review_time_days_avg": 8.634959523809526, "review_time_days_median": 1.3671000000000002, "review_time_pending_days_avg": 20.026250000000001, "review_time_pending_days_median": 20.026250000000001, "review_time_pending_update_days_avg": 6.3805999999999994, "review_time_pending_update_days_median": 6.3805999999999994, "submitted": 65}