{"abandoned": 28, "merged": 578, "new": 11, "pending": 11, "review_time_days_avg": 6.249454000000002, "review_time_days_median": 0.82195, "review_time_pending_days_avg": 64.932145454545449, "review_time_pending_days_median": 33.953099999999999, "submitted": 617}