{"abandoned": 13, "merged": 78, "new": 6, "pending": 6, "review_time_days_avg": 2.1693666666666664, "review_time_days_median": 0.3058, "review_time_pending_days_avg": 97.647379999999998, "review_time_pending_days_median": 67.275000000000006, "review_time_pending_update_days_avg": 67.980400000000003, "review_time_pending_update_days_median": 64.549499999999995, "submitted": 97}