{"abandoned": 0, "merged": 269, "pending": 0, "review_time_days_avg": 169.2821670886076, "review_time_days_median": 181.34429999999998, "submitted": 269}