{"abandoned": 1282, "merged": 10545, "new": 461, "pending": 461, "review_time_days_avg": 14.881421411843435, "review_time_days_median": 0.9043, "review_time_pending_days_avg": 109.86633314917111, "review_time_pending_days_median": 79.692599999999999, "submitted": 12288}