{"abandoned": 14, "merged": 235, "new": 2, "pending": 2, "review_time_days_avg": 7.564580303030301, "review_time_days_median": 0.8491500000000001, "review_time_pending_days_avg": 140.84745000000001, "review_time_pending_days_median": 140.84745000000001, "review_time_pending_update_days_avg": 127.2739, "review_time_pending_update_days_median": 127.2739, "submitted": 251}