{"abandoned": 4, "merged": 29, "new": 7, "pending": 7, "review_time_days_avg": 7.529068421052631, "review_time_days_median": 2.519, "review_time_pending_days_avg": 26.620599999999996, "review_time_pending_days_median": 7.4774000000000003, "review_time_pending_update_days_avg": 3.1531142857142855, "review_time_pending_update_days_median": 0.63839999999999997, "submitted": 40}