{"abandoned": 20, "merged": 218, "new": 9, "pending": 9, "review_time_days_avg": 16.981421599999994, "review_time_days_median": 0.6739, "review_time_pending_days_avg": 71.553749999999994, "review_time_pending_days_median": 89.0351, "review_time_pending_update_days_avg": 43.81103333333332, "review_time_pending_update_days_median": 49.462200000000003, "submitted": 247}