{"abandoned": 205, "merged": 3038, "new": 41, "pending": 41, "review_time_days_avg": 2.9620783139889992, "review_time_days_median": 0.245, "review_time_pending_days_avg": 90.129495121951223, "review_time_pending_days_median": 57.336799999999997, "review_time_pending_update_days_avg": 51.289795121951215, "review_time_pending_update_days_median": 14.232900000000001, "submitted": 3284}