{"abandoned": 8, "merged": 190, "pending": 5, "review_time_days_avg": 275.10917249999994, "review_time_days_median": 322.78475000000003, "submitted": 203}