{"abandoned": 16, "merged": 504, "new": 5, "pending": 5, "review_time_days_avg": 1.9845988281250007, "review_time_days_median": 0.8284499999999999, "submitted": 525}