{"abandoned": 110, "merged": 658, "new": 7, "pending": 7, "review_time_days_avg": 2.9147260273972604, "review_time_days_median": 0.364, "review_time_pending_days_avg": 90.010628571428583, "review_time_pending_days_median": 87.009399999999999, "review_time_pending_update_days_avg": 41.856757142857148, "review_time_pending_update_days_median": 45.791600000000003, "submitted": 775}