{"abandoned": 11, "merged": 50, "new": 14, "pending": 14, "review_time_days_avg": 10.644491176470586, "review_time_days_median": 3.82495, "review_time_pending_days_avg": 154.68845714285712, "review_time_pending_days_median": 90.758649999999989, "review_time_pending_update_days_avg": 123.85140714285716, "review_time_pending_update_days_median": 83.890050000000002, "submitted": 75}