{"abandoned": 354, "merged": 3223, "new": 16, "pending": 16, "review_time_days_avg": 3.1359740492170056, "review_time_days_median": 0.809, "review_time_pending_days_avg": 25.770918749999993, "review_time_pending_days_median": 16.9815, "review_time_pending_update_days_avg": 13.366850000000001, "review_time_pending_update_days_median": 5.3625500000000006, "submitted": 3593}