{"abandoned": 2, "merged": 12, "new": 2, "pending": 2, "review_time_days_avg": 81.7788857142857, "review_time_days_median": 0.2468, "review_time_pending_days_avg": 17.889049999999997, "review_time_pending_days_median": 17.889049999999997, "review_time_pending_update_days_avg": 17.549699999999998, "review_time_pending_update_days_median": 17.549699999999998, "submitted": 16}