{"abandoned": 7, "merged": 120, "pending": 12, "review_time_days_avg": 21.71317627, "review_time_days_median": 0.056249999999999994, "submitted": 139}