{"abandoned": 30, "merged": 612, "new": 10, "pending": 10, "review_time_days_avg": 4.433829166666669, "review_time_days_median": 0.44015, "review_time_pending_days_avg": 74.949149999999989, "review_time_pending_days_median": 44.373850000000004, "review_time_pending_update_days_avg": 38.839610000000008, "review_time_pending_update_days_median": 17.1172, "submitted": 652}