{"abandoned": 142, "merged": 846, "new": 9, "pending": 9, "review_time_days_avg": 12.63650666666667, "review_time_days_median": 0.25855, "review_time_pending_days_avg": 197.74752857142857, "review_time_pending_days_median": 223.07640000000001, "submitted": 997}