{"abandoned": 26, "merged": 372, "new": 8, "pending": 8, "review_time_days_avg": 4.956903571428568, "review_time_days_median": 0.3038, "review_time_pending_days_avg": 72.153199999999998, "review_time_pending_days_median": 58.315649999999998, "submitted": 406}