{"abandoned": 43, "merged": 490, "new": 20, "pending": 20, "review_time_days_avg": 8.926303517587941, "review_time_days_median": 2.0951, "review_time_pending_days_avg": 152.48413888888888, "review_time_pending_days_median": 148.27494999999999, "review_time_pending_update_days_avg": 106.97711111111113, "review_time_pending_update_days_median": 99.267750000000007, "submitted": 553}