{"abandoned": 194, "merged": 3331, "pending": 53, "review_time_days_avg": 3.9469671903881665, "review_time_days_median": 0.88015, "submitted": 3578}