{"abandoned": 5, "merged": 138, "new": 12, "pending": 12, "review_time_days_avg": 10.243430909090911, "review_time_days_median": 1.8345, "review_time_pending_days_avg": 158.37729166666665, "review_time_pending_days_median": 200.9572, "review_time_pending_update_days_avg": 144.93031666666667, "review_time_pending_update_days_median": 188.98480000000001, "submitted": 155}