{"abandoned": 1, "merged": 7, "new": 1, "pending": 1, "review_time_days_avg": 48.666650000000004, "review_time_days_median": 48.666650000000004, "review_time_pending_days_avg": 28.453399999999998, "review_time_pending_days_median": 28.453399999999998, "review_time_pending_update_days_avg": 28.424099999999999, "review_time_pending_update_days_median": 28.424099999999999, "submitted": 9}