{"abandoned": 349, "merged": 3194, "new": 17, "pending": 17, "review_time_days_avg": 3.1405059046177164, "review_time_days_median": 0.8278, "review_time_pending_days_avg": 27.562952941176473, "review_time_pending_days_median": 17.464600000000001, "review_time_pending_update_days_avg": 9.3858058823529422, "review_time_pending_update_days_median": 4.3021000000000003, "submitted": 3560}