{"abandoned": 5, "merged": 282, "new": 11, "pending": 11, "review_time_days_avg": 9.52352380952381, "review_time_days_median": 4.0173, "review_time_pending_days_avg": 165.6151090909091, "review_time_pending_days_median": 182.43729999999999, "submitted": 298}