{"abandoned": 1282, "merged": 11174, "new": 460, "pending": 460, "review_time_days_avg": 19.848665863453824, "review_time_days_median": 2.7885, "review_time_pending_days_avg": 108.64036897506912, "review_time_pending_days_median": 78.388800000000003, "submitted": 12916}