{"abandoned": 3, "merged": 52, "new": 1, "pending": 1, "review_time_days_avg": 7.94735, "review_time_days_median": 4.8165000000000004, "review_time_pending_days_avg": 1.0537000000000001, "review_time_pending_days_median": 1.0537000000000001, "submitted": 56}