{"abandoned": 9, "merged": 72, "new": 11, "pending": 11, "review_time_days_avg": 5.569298591549296, "review_time_days_median": 0.7899, "review_time_pending_days_avg": 61.25333636363635, "review_time_pending_days_median": 35.436399999999999, "review_time_pending_update_days_avg": 42.551645454545451, "review_time_pending_update_days_median": 21.792200000000001, "submitted": 92}