{"abandoned": 12, "merged": 669, "pending": 10, "review_time_days_avg": 121.3875819819819, "review_time_days_median": 132.93155000000002, "submitted": 691}