{"abandoned": 12, "merged": 673, "pending": 10, "review_time_days_avg": 15.89236290322581, "review_time_days_median": 3.2158499999999997, "submitted": 695}