{"abandoned": 17, "merged": 408, "new": 4, "pending": 4, "review_time_days_avg": 1.9845988281250007, "review_time_days_median": 0.8284499999999999, "review_time_pending_days_avg": 10.406675, "review_time_pending_days_median": 7.7283500000000007, "submitted": 429}