{"abandoned": 6, "merged": 57, "new": 8, "pending": 8, "review_time_days_avg": 12.636638461538464, "review_time_days_median": 5.91535, "review_time_pending_days_avg": 166.03827500000003, "review_time_pending_days_median": 172.19745, "review_time_pending_update_days_avg": 72.793700000000001, "review_time_pending_update_days_median": 51.861049999999999, "submitted": 71}