{"abandoned": 49, "merged": 155, "new": 10, "pending": 10, "review_time_days_avg": 5.2333279999999975, "review_time_days_median": 0.8285, "review_time_pending_days_avg": 69.825937499999995, "review_time_pending_days_median": 30.864100000000001, "review_time_pending_update_days_avg": 34.779499999999999, "review_time_pending_update_days_median": 9.0022500000000001, "submitted": 214}