{"abandoned": 34, "merged": 246, "new": 5, "pending": 5, "review_time_days_avg": 6.37353623188406, "review_time_days_median": 0.9426, "review_time_pending_days_avg": 79.200219999999987, "review_time_pending_days_median": 56.267899999999997, "review_time_pending_update_days_avg": 73.220159999999993, "review_time_pending_update_days_median": 56.246899999999997, "submitted": 285}