{"abandoned": 68, "merged": 379, "new": 43, "pending": 43, "review_time_days_avg": 15.243354794520544, "review_time_days_median": 1.36415, "review_time_pending_days_avg": 195.12103846153846, "review_time_pending_days_median": 175.4342, "review_time_pending_update_days_avg": 156.94131923076924, "review_time_pending_update_days_median": 160.70965000000001, "submitted": 490}