{"abandoned": 13, "merged": 130, "new": 1, "pending": 1, "review_time_days_avg": 39.27281666666667, "review_time_days_median": 7.041300000000001, "review_time_pending_days_avg": 9.3343000000000007, "review_time_pending_days_median": 9.3343000000000007, "review_time_pending_update_days_avg": 0.95030000000000003, "review_time_pending_update_days_median": 0.95030000000000003, "submitted": 144}