{"abandoned": 12, "merged": 77, "new": 9, "pending": 9, "review_time_days_avg": 18.555411111111113, "review_time_days_median": 5.26265, "review_time_pending_days_avg": 117.68395555555554, "review_time_pending_days_median": 109.36450000000001, "review_time_pending_update_days_avg": 55.111444444444452, "review_time_pending_update_days_median": 21.665800000000001, "submitted": 98}