{"abandoned": 2, "merged": 25, "new": 4, "pending": 4, "review_time_days_avg": 56.01163571428572, "review_time_days_median": 9.5441, "review_time_pending_days_avg": 62.000166666666665, "review_time_pending_days_median": 68.397099999999995, "review_time_pending_update_days_avg": 61.650533333333328, "review_time_pending_update_days_median": 68.396699999999996, "submitted": 31}