{"abandoned": 3, "merged": 228, "new": 1, "pending": 1, "review_time_days_avg": 37.549420000000005, "review_time_days_median": 0.9041, "review_time_pending_days_avg": 296.68529999999998, "review_time_pending_days_median": 296.68529999999998, "submitted": 232}