{"abandoned": 62, "merged": 632, "new": 30, "pending": 30, "review_time_days_avg": 3.960744047619047, "review_time_days_median": 0.71455, "review_time_pending_days_avg": 65.891153333333321, "review_time_pending_days_median": 21.550699999999999, "review_time_pending_update_days_avg": 47.780183333333319, "review_time_pending_update_days_median": 17.801749999999998, "submitted": 724}