{"abandoned": 4, "merged": 34, "new": 4, "pending": 4, "review_time_days_avg": 11.482642857142858, "review_time_days_median": 0.0842, "review_time_pending_days_avg": 143.63939999999999, "review_time_pending_days_median": 108.6927, "review_time_pending_update_days_avg": 69.608549999999994, "review_time_pending_update_days_median": 33.667999999999999, "submitted": 42}