{"abandoned": 26, "merged": 372, "new": 8, "pending": 8, "review_time_days_avg": 4.956903571428568, "review_time_days_median": 0.3038, "review_time_pending_days_avg": 72.520812499999991, "review_time_pending_days_median": 58.683250000000001, "review_time_pending_update_days_avg": 70.89892500000002, "review_time_pending_update_days_median": 58.671750000000003, "submitted": 406}