{"abandoned": 338, "merged": 3114, "new": 20, "pending": 20, "review_time_days_avg": 3.2182743178170163, "review_time_days_median": 0.838, "review_time_pending_days_avg": 27.030735, "review_time_pending_days_median": 25.614699999999999, "submitted": 3472}