{"abandoned": 339, "merged": 3124, "new": 18, "pending": 18, "review_time_days_avg": 3.210963788968827, "review_time_days_median": 0.834, "review_time_pending_days_avg": 26.884255555555551, "review_time_pending_days_median": 26.400600000000001, "submitted": 3481}