{"abandoned": 29, "merged": 334, "new": 13, "pending": 13, "review_time_days_avg": 4.453336734693878, "review_time_days_median": 0.1615, "review_time_pending_days_avg": 103.50209999999998, "review_time_pending_days_median": 121.42659999999999, "review_time_pending_update_days_avg": 39.957200000000007, "review_time_pending_update_days_median": 40.0852, "submitted": 376}