{"abandoned": 208, "merged": 3721, "new": 37, "pending": 37, "review_time_days_avg": 6.895921187584348, "review_time_days_median": 1.812, "review_time_pending_days_avg": 40.052391666666665, "review_time_pending_days_median": 14.695050000000002, "submitted": 3966}