{"abandoned": 59, "merged": 990, "pending": 16, "review_time_days_avg": 238.1163278061224, "review_time_days_median": 255.94035000000002, "submitted": 1070}