{"abandoned": 31, "merged": 616, "new": 10, "pending": 10, "review_time_days_avg": 4.317452702702704, "review_time_days_median": 0.40915, "review_time_pending_days_avg": 76.446020000000004, "review_time_pending_days_median": 43.028350000000003, "review_time_pending_update_days_avg": 43.321250000000006, "review_time_pending_update_days_median": 23.0547, "submitted": 657}