{"abandoned": 375, "merged": 4838, "new": 50, "pending": 50, "review_time_days_avg": 7.111542473633749, "review_time_days_median": 2.1379, "review_time_pending_days_avg": 63.055365306122468, "review_time_pending_days_median": 30.319600000000001, "submitted": 5263}