{"abandoned": 28, "merged": 575, "new": 10, "pending": 10, "review_time_days_avg": 6.249454000000002, "review_time_days_median": 0.82195, "review_time_pending_days_avg": 70.323189999999997, "review_time_pending_days_median": 41.138249999999999, "submitted": 613}