{"abandoned": 4, "merged": 10, "new": 3, "pending": 3, "review_time_days_avg": 0.9587333333333334, "review_time_days_median": 0.0939, "review_time_pending_days_avg": 134.12266666666667, "review_time_pending_days_median": 124.46639999999999, "review_time_pending_update_days_avg": 108.07619999999999, "review_time_pending_update_days_median": 50.509099999999997, "submitted": 17}