{"abandoned": 1293, "merged": 10650, "new": 481, "pending": 481, "review_time_days_avg": 14.72860094186425, "review_time_days_median": 0.8949, "review_time_pending_days_avg": 107.68309686684061, "review_time_pending_days_median": 70.394000000000005, "review_time_pending_update_days_avg": 58.877218015665854, "review_time_pending_update_days_median": 30.559999999999999, "submitted": 12424}