{"abandoned": 5, "merged": 81, "new": 13, "pending": 13, "review_time_days_avg": 21.671042857142854, "review_time_days_median": 16.5602, "review_time_pending_days_avg": 95.975892307692305, "review_time_pending_days_median": 96.767200000000003, "review_time_pending_update_days_avg": 90.642576923076902, "review_time_pending_update_days_median": 85.701400000000007, "submitted": 99}