{"abandoned": 56, "merged": 716, "new": 25, "pending": 25, "review_time_days_avg": 10.819737209302325, "review_time_days_median": 1.4257, "review_time_pending_days_avg": 175.21650833333334, "review_time_pending_days_median": 218.75690000000003, "submitted": 797}