{"abandoned": 3, "merged": 52, "new": 5, "pending": 5, "review_time_days_avg": 7.94735, "review_time_days_median": 4.8165000000000004, "review_time_pending_days_avg": 3.6574199999999997, "review_time_pending_days_median": 3.4350000000000001, "submitted": 60}