{"abandoned": 142, "merged": 846, "new": 9, "pending": 9, "review_time_days_avg": 12.63650666666667, "review_time_days_median": 0.25855, "review_time_pending_days_avg": 207.79947142857142, "review_time_pending_days_median": 233.1283, "review_time_pending_update_days_avg": 75.407671428571433, "review_time_pending_update_days_median": 85.669600000000003, "submitted": 997}