{"abandoned": 110, "merged": 658, "new": 8, "pending": 8, "review_time_days_avg": 2.9147260273972604, "review_time_days_median": 0.364, "review_time_pending_days_avg": 85.065412500000008, "review_time_pending_days_median": 86.307299999999998, "review_time_pending_update_days_avg": 41.872649999999986, "review_time_pending_update_days_median": 49.940550000000002, "submitted": 776}