{"abandoned": 13, "merged": 78, "new": 6, "pending": 6, "review_time_days_avg": 2.1693666666666664, "review_time_days_median": 0.3058, "review_time_pending_days_avg": 103.69532, "review_time_pending_days_median": 73.322999999999993, "review_time_pending_update_days_avg": 74.028319999999994, "review_time_pending_update_days_median": 70.597499999999997, "submitted": 97}