{"abandoned": 6, "merged": 55, "new": 4, "pending": 4, "review_time_days_avg": 11.884073809523809, "review_time_days_median": 2.25155, "review_time_pending_days_avg": 16.150600000000001, "review_time_pending_days_median": 6.1691000000000003, "submitted": 65}