{"abandoned": 211, "merged": 3743, "new": 39, "pending": 39, "review_time_days_avg": 6.897089214380829, "review_time_days_median": 1.7778, "review_time_pending_days_avg": 41.075039473684193, "review_time_pending_days_median": 14.14405, "review_time_pending_update_days_avg": 24.848378947368428, "review_time_pending_update_days_median": 11.239049999999999, "submitted": 3993}