{"abandoned": 17, "merged": 419, "new": 5, "pending": 5, "review_time_days_avg": 1.3805276595744684, "review_time_days_median": 0.13740000000000002, "review_time_pending_days_avg": 8.4160199999999996, "review_time_pending_days_median": 6.3566000000000003, "submitted": 441}