{"abandoned": 1286, "merged": 10592, "new": 474, "pending": 474, "review_time_days_avg": 14.855248349834994, "review_time_days_median": 0.8999, "review_time_pending_days_avg": 106.52460266666677, "review_time_pending_days_median": 71.422499999999999, "submitted": 12352}