{"abandoned": 5, "merged": 342, "pending": 3, "review_time_days_avg": 162.3064616822431, "review_time_days_median": 153.82184999999998, "submitted": 350}