{"abandoned": 154, "merged": 1705, "new": 18, "pending": 18, "review_time_days_avg": 3.2922834162520713, "review_time_days_median": 0.1392, "review_time_pending_days_avg": 171.31903636363637, "review_time_pending_days_median": 165.5659, "review_time_pending_update_days_avg": 135.31822727272726, "review_time_pending_update_days_median": 126.28789999999999, "submitted": 1877}