{"abandoned": 20, "merged": 219, "new": 9, "pending": 9, "review_time_days_avg": 16.917007142857138, "review_time_days_median": 0.6789000000000001, "review_time_pending_days_avg": 78.805216666666666, "review_time_pending_days_median": 97.953100000000006, "review_time_pending_update_days_avg": 50.137666666666661, "review_time_pending_update_days_median": 58.380200000000002, "submitted": 248}