{"abandoned": 192, "merged": 3293, "pending": 48, "review_time_days_avg": 76.97803737911019, "review_time_days_median": 6.9323999999999995, "submitted": 3533}