{"abandoned": 9, "merged": 136, "new": 9, "pending": 9, "review_time_days_avg": 8.993973170731705, "review_time_days_median": 0.02815, "review_time_pending_days_avg": 123.99915, "review_time_pending_days_median": 99.888350000000003, "review_time_pending_update_days_avg": 103.91742500000001, "review_time_pending_update_days_median": 99.887500000000003, "submitted": 154}