{"abandoned": 62, "merged": 624, "new": 28, "pending": 28, "review_time_days_avg": 3.4826889558232934, "review_time_days_median": 0.6719999999999999, "review_time_pending_days_avg": 75.913753571428586, "review_time_pending_days_median": 35.483249999999998, "review_time_pending_update_days_avg": 54.748535714285744, "review_time_pending_update_days_median": 35.441800000000001, "submitted": 714}