{"abandoned": 40, "merged": 422, "new": 9, "pending": 9, "review_time_days_avg": 22.06057346938775, "review_time_days_median": 3.076, "review_time_pending_days_avg": 96.849828571428588, "review_time_pending_days_median": 82.807000000000002, "submitted": 471}