{"abandoned": 12, "merged": 345, "new": 10, "pending": 10, "review_time_days_avg": 12.464354651162795, "review_time_days_median": 1.1571500000000001, "review_time_pending_days_avg": 66.961500000000001, "review_time_pending_days_median": 62.200050000000005, "review_time_pending_update_days_avg": 55.884480000000011, "review_time_pending_update_days_median": 60.657350000000001, "submitted": 367}