{"abandoned": 1, "merged": 7, "new": 1, "pending": 1, "review_time_days_avg": 48.666650000000004, "review_time_days_median": 48.666650000000004, "review_time_pending_days_avg": 35.399299999999997, "review_time_pending_days_median": 35.399299999999997, "review_time_pending_update_days_avg": 35.369999999999997, "review_time_pending_update_days_median": 35.369999999999997, "submitted": 9}