{"abandoned": 40, "merged": 228, "new": 10, "pending": 10, "review_time_days_avg": 18.381447457627118, "review_time_days_median": 2.8124, "review_time_pending_days_avg": 95.079137500000002, "review_time_pending_days_median": 74.249449999999996, "review_time_pending_update_days_avg": 70.789549999999991, "review_time_pending_update_days_median": 72.410499999999999, "submitted": 278}