{"abandoned": 31, "merged": 232, "new": 8, "pending": 8, "review_time_days_avg": 5.185318644067799, "review_time_days_median": 1.0372, "review_time_pending_days_avg": 60.912985714285732, "review_time_pending_days_median": 33.656599999999997, "submitted": 271}