{"abandoned": 154, "merged": 1705, "new": 18, "pending": 18, "review_time_days_avg": 3.2922834162520713, "review_time_days_median": 0.1392, "review_time_pending_days_avg": 177.31434545454547, "review_time_pending_days_median": 171.56120000000001, "review_time_pending_update_days_avg": 129.18044545454546, "review_time_pending_update_days_median": 118.2783, "submitted": 1877}