{"abandoned": 31, "merged": 232, "new": 8, "pending": 8, "review_time_days_avg": 5.945522916666669, "review_time_days_median": 1.7660999999999998, "review_time_pending_days_avg": 60.697485714285719, "review_time_pending_days_median": 33.441099999999999, "submitted": 271}