{"abandoned": 3, "merged": 25, "new": 5, "pending": 5, "review_time_days_avg": 0.9373166666666667, "review_time_days_median": 0.41835, "review_time_pending_days_avg": 62.228149999999999, "review_time_pending_days_median": 52.159199999999998, "review_time_pending_update_days_avg": 60.859625000000008, "review_time_pending_update_days_median": 52.152500000000003, "submitted": 33}