{"abandoned": 15, "merged": 533, "pending": 2, "review_time_days_avg": 130.35419754601227, "review_time_days_median": 110.60365, "submitted": 550}