{"abandoned": 40, "merged": 419, "new": 9, "pending": 9, "review_time_days_avg": 20.522665957446804, "review_time_days_median": 3.076, "review_time_pending_days_avg": 95.966271428571446, "review_time_pending_days_median": 81.923500000000004, "submitted": 468}