{"abandoned": 26, "merged": 363, "new": 8, "pending": 8, "review_time_days_avg": 7.450696969696968, "review_time_days_median": 2.0807, "review_time_pending_days_avg": 65.990350000000007, "review_time_pending_days_median": 49.458999999999996, "submitted": 397}