{"abandoned": 9, "merged": 264, "new": 6, "pending": 6, "review_time_days_avg": 4.506578571428571, "review_time_days_median": 0.56165, "review_time_pending_days_avg": 60.930900000000008, "review_time_pending_days_median": 62.143700000000003, "submitted": 279}