{"abandoned": 9, "merged": 104, "new": 6, "pending": 6, "review_time_days_avg": 18.058781818181817, "review_time_days_median": 2.6518, "review_time_pending_days_avg": 65.523233333333323, "review_time_pending_days_median": 57.945050000000002, "submitted": 119}