{"abandoned": 14, "merged": 235, "new": 1, "pending": 1, "review_time_days_avg": 7.564580303030301, "review_time_days_median": 0.8491500000000001, "review_time_pending_days_avg": 276.25819999999999, "review_time_pending_days_median": 276.25819999999999, "review_time_pending_update_days_avg": 249.3802, "review_time_pending_update_days_median": 249.3802, "submitted": 250}