{"abandoned": 14, "merged": 235, "new": 1, "pending": 1, "review_time_days_avg": 7.564580303030301, "review_time_days_median": 0.8491500000000001, "review_time_pending_days_avg": 278.22519999999997, "review_time_pending_days_median": 278.22519999999997, "review_time_pending_update_days_avg": 251.34719999999999, "review_time_pending_update_days_median": 251.34719999999999, "submitted": 250}