{"abandoned": 25, "merged": 474, "new": 3, "pending": 3, "review_time_days_avg": 10.767329166666668, "review_time_days_median": 3.0408, "review_time_pending_days_avg": 42.519933333333334, "review_time_pending_days_median": 17.462499999999999, "submitted": 502}