{"abandoned": 5, "merged": 26, "new": 2, "pending": 2, "review_time_days_avg": 10.225200000000001, "review_time_days_median": 4.50145, "review_time_pending_days_avg": 209.79849999999999, "review_time_pending_days_median": 209.79849999999999, "review_time_pending_update_days_avg": 157.25454999999999, "review_time_pending_update_days_median": 157.25454999999999, "submitted": 33}