{"abandoned": 377, "merged": 4404, "new": 44, "pending": 44, "review_time_days_avg": 5.2311778067885095, "review_time_days_median": 0.75925, "review_time_pending_days_avg": 59.875886046511631, "review_time_pending_days_median": 28.919, "review_time_pending_update_days_avg": 31.171400000000002, "review_time_pending_update_days_median": 3.6044999999999998, "submitted": 4825}