{"abandoned": 5, "merged": 138, "new": 12, "pending": 12, "review_time_days_avg": 10.243430909090911, "review_time_days_median": 1.8345, "review_time_pending_days_avg": 160.35115000000005, "review_time_pending_days_median": 202.93110000000001, "review_time_pending_update_days_avg": 146.74323333333334, "review_time_pending_update_days_median": 190.95864999999998, "submitted": 155}