{"abandoned": 208, "merged": 3698, "new": 33, "pending": 33, "review_time_days_avg": 8.626231228668942, "review_time_days_median": 3.0426, "review_time_pending_days_avg": 47.699043749999994, "review_time_pending_days_median": 16.645099999999999, "submitted": 3939}