{"abandoned": 6, "merged": 39, "new": 1, "pending": 1, "review_time_days_avg": 7.5890666666666675, "review_time_days_median": 0.4781, "review_time_pending_days_avg": 99.229500000000002, "review_time_pending_days_median": 99.229500000000002, "review_time_pending_update_days_avg": 70.710899999999995, "review_time_pending_update_days_median": 70.710899999999995, "submitted": 46}