{"abandoned": 29, "merged": 533, "pending": 5, "review_time_days_avg": 84.17649374999993, "review_time_days_median": 3.9301000000000004, "submitted": 567}