{"abandoned": 31, "merged": 408, "new": 5, "pending": 5, "review_time_days_avg": 4.641888235294116, "review_time_days_median": 1.6552, "review_time_pending_days_avg": 215.31627499999999, "review_time_pending_days_median": 238.61214999999999, "submitted": 444}