{"abandoned": 371, "merged": 4332, "new": 48, "pending": 48, "review_time_days_avg": 5.15865737704918, "review_time_days_median": 0.77195, "review_time_pending_days_avg": 67.511574468085129, "review_time_pending_days_median": 33.041200000000003, "submitted": 4751}