{"abandoned": 9, "merged": 74, "new": 10, "pending": 10, "review_time_days_avg": 5.4590493150684924, "review_time_days_median": 0.7899, "review_time_pending_days_avg": 68.923309999999987, "review_time_pending_days_median": 46.825050000000005, "review_time_pending_update_days_avg": 48.453890000000001, "review_time_pending_update_days_median": 25.04805, "submitted": 93}