{"abandoned": 59, "merged": 989, "pending": 21, "review_time_days_avg": 188.4223273809527, "review_time_days_median": 211.13605, "submitted": 1069}