{"abandoned": 836, "merged": 12427, "new": 141, "pending": 141, "review_time_days_avg": 10.42840580568721, "review_time_days_median": 1.78145, "review_time_pending_days_avg": 70.652577862595464, "review_time_pending_days_median": 33.861899999999999, "submitted": 13404}