{"abandoned": 204, "merged": 3420, "new": 33, "pending": 33, "review_time_days_avg": 2.9507309419837773, "review_time_days_median": 0.2504, "review_time_pending_days_avg": 106.49909393939396, "review_time_pending_days_median": 91.923400000000001, "submitted": 3657}