{"abandoned": 34, "merged": 453, "new": 13, "pending": 13, "review_time_days_avg": 4.299226027397261, "review_time_days_median": 1.38635, "review_time_pending_days_avg": 95.776461538461518, "review_time_pending_days_median": 92.679000000000002, "submitted": 500}