{"abandoned": 208, "merged": 3712, "new": 40, "pending": 40, "review_time_days_avg": 8.621340715502555, "review_time_days_median": 3.0475, "review_time_pending_days_avg": 41.296351282051269, "review_time_pending_days_median": 14.026899999999999, "submitted": 3960}