{"abandoned": 845, "merged": 12543, "new": 140, "pending": 140, "review_time_days_avg": 6.6689790204678365, "review_time_days_median": 0.3537, "review_time_pending_days_avg": 73.594711538461553, "review_time_pending_days_median": 36.9985, "review_time_pending_update_days_avg": 47.541185384615417, "review_time_pending_update_days_median": 26.237200000000001, "submitted": 13528}