{"abandoned": 5, "merged": 162, "new": 9, "pending": 9, "review_time_days_avg": 35.23437142857143, "review_time_days_median": 17.0082, "review_time_pending_days_avg": 165.36656666666667, "review_time_pending_days_median": 166.86144999999999, "review_time_pending_update_days_avg": 126.54701666666666, "review_time_pending_update_days_median": 61.284099999999995, "submitted": 176}