{"abandoned": 4, "merged": 57, "pending": 0, "review_time_days_avg": 180.41907708333335, "review_time_days_median": 210.82164999999998, "submitted": 61}