{"abandoned": 13, "merged": 77, "new": 6, "pending": 6, "review_time_days_avg": 2.2227875, "review_time_days_median": 0.43789999999999996, "review_time_pending_days_avg": 85.22872000000001, "review_time_pending_days_median": 52.496099999999998, "submitted": 96}