{"abandoned": 6, "merged": 55, "new": 4, "pending": 4, "review_time_days_avg": 14.678067647058825, "review_time_days_median": 3.33335, "review_time_pending_days_avg": 15.950750000000001, "review_time_pending_days_median": 5.9692500000000006, "submitted": 65}