{"abandoned": 12, "merged": 128, "new": 2, "pending": 2, "review_time_days_avg": 38.189375000000005, "review_time_days_median": 7.041300000000001, "review_time_pending_days_avg": 74.561549999999997, "review_time_pending_days_median": 74.561549999999997, "submitted": 142}