{"abandoned": 6, "merged": 111, "new": 1, "pending": 1, "review_time_days_avg": 12.77457083333333, "review_time_days_median": 0.6529, "review_time_pending_days_avg": 82.547499999999999, "review_time_pending_days_median": 82.547499999999999, "review_time_pending_update_days_avg": 8.5828000000000007, "review_time_pending_update_days_median": 8.5828000000000007, "submitted": 118}