{"abandoned": 0, "merged": 57, "new": 1, "pending": 1, "review_time_days_avg": 12.006977192982456, "review_time_days_median": 10.7847, "review_time_pending_days_avg": 9.7439999999999998, "review_time_pending_days_median": 9.7439999999999998, "review_time_pending_update_days_avg": 8.4103999999999992, "review_time_pending_update_days_median": 8.4103999999999992, "submitted": 58}