{"abandoned": 3, "merged": 14, "new": 2, "pending": 2, "review_time_days_avg": 41.832433333333334, "review_time_days_median": 10.7538, "review_time_pending_days_avg": 108.11670000000001, "review_time_pending_days_median": 108.11670000000001, "submitted": 19}