{"abandoned": 18, "merged": 246, "new": 6, "pending": 6, "review_time_days_avg": 3.368722727272727, "review_time_days_median": 0.45775, "review_time_pending_days_avg": 25.948350000000005, "review_time_pending_days_median": 30.937750000000001, "review_time_pending_update_days_avg": 6.7952333333333321, "review_time_pending_update_days_median": 4.7953999999999999, "submitted": 270}