{"abandoned": 11, "merged": 50, "new": 13, "pending": 13, "review_time_days_avg": 10.644491176470586, "review_time_days_median": 3.82495, "review_time_pending_days_avg": 154.05496153846153, "review_time_pending_days_median": 81.027500000000003, "review_time_pending_update_days_avg": 123.89506153846153, "review_time_pending_update_days_median": 76.560199999999995, "submitted": 74}