{"abandoned": 9, "merged": 105, "new": 8, "pending": 8, "review_time_days_avg": 17.868611538461536, "review_time_days_median": 2.69825, "review_time_pending_days_avg": 61.426812500000004, "review_time_pending_days_median": 71.324649999999991, "review_time_pending_update_days_avg": 32.398362499999998, "review_time_pending_update_days_median": 31.660350000000001, "submitted": 122}