{"abandoned": 2, "merged": 17, "new": 2, "pending": 2, "review_time_days_avg": 11.710171428571428, "review_time_days_median": 5.3892, "review_time_pending_days_avg": 216.29315000000003, "review_time_pending_days_median": 216.29315000000003, "review_time_pending_update_days_avg": 215.50664999999998, "review_time_pending_update_days_median": 215.50664999999998, "submitted": 21}