{"abandoned": 5, "merged": 95, "new": 5, "pending": 5, "review_time_days_avg": 2.8298625, "review_time_days_median": 0.66905, "review_time_pending_days_avg": 79.272199999999998, "review_time_pending_days_median": 85.356899999999996, "review_time_pending_update_days_avg": 56.684424999999997, "review_time_pending_update_days_median": 44.455750000000002, "submitted": 105}