{"abandoned": 6, "merged": 56, "new": 7, "pending": 7, "review_time_days_avg": 13.138724000000002, "review_time_days_median": 5.9316, "review_time_pending_days_avg": 215.23926666666662, "review_time_pending_days_median": 296.68619999999999, "review_time_pending_update_days_avg": 104.4361, "review_time_pending_update_days_median": 97.370000000000005, "submitted": 69}