{"abandoned": 2, "merged": 24, "new": 3, "pending": 3, "review_time_days_avg": 59.784076923076924, "review_time_days_median": 12.1183, "review_time_pending_days_avg": 78.527100000000004, "review_time_pending_days_median": 78.527100000000004, "submitted": 29}