{"abandoned": 19, "merged": 248, "new": 8, "pending": 8, "review_time_days_avg": 3.2462630434782604, "review_time_days_median": 0.45775, "review_time_pending_days_avg": 21.308849999999996, "review_time_pending_days_median": 17.15165, "review_time_pending_update_days_avg": 4.4505999999999997, "review_time_pending_update_days_median": 0.55319999999999991, "submitted": 275}