{"abandoned": 59, "merged": 968, "new": 9, "pending": 9, "review_time_days_avg": 2.232177231329688, "review_time_days_median": 0.1761, "review_time_pending_days_avg": 67.398911111111104, "review_time_pending_days_median": 32.990400000000001, "submitted": 1036}