{"abandoned": 57, "merged": 325, "new": 23, "pending": 23, "review_time_days_avg": 5.306896629213482, "review_time_days_median": 0.0478, "review_time_pending_days_avg": 194.70484090909093, "review_time_pending_days_median": 288.77250000000004, "submitted": 405}