{"abandoned": 215, "merged": 3819, "new": 31, "pending": 31, "review_time_days_avg": 6.824658386683744, "review_time_days_median": 1.8722, "review_time_pending_days_avg": 53.069269999999996, "review_time_pending_days_median": 25.576350000000001, "review_time_pending_update_days_avg": 34.751316666666668, "review_time_pending_update_days_median": 22.80875, "submitted": 4065}