{"abandoned": 3, "merged": 14, "new": 2, "pending": 2, "review_time_days_avg": 41.764316666666666, "review_time_days_median": 10.7538, "review_time_pending_days_avg": 127.89795000000001, "review_time_pending_days_median": 127.89795000000001, "review_time_pending_update_days_avg": 46.094200000000001, "review_time_pending_update_days_median": 46.094200000000001, "submitted": 19}