{"abandoned": 29, "merged": 608, "new": 11, "pending": 11, "review_time_days_avg": 4.553734285714288, "review_time_days_median": 0.45575, "review_time_pending_days_avg": 65.492227272727277, "review_time_pending_days_median": 36.314999999999998, "review_time_pending_update_days_avg": 32.662936363636362, "review_time_pending_update_days_median": 8.8633000000000006, "submitted": 648}