{"abandoned": 372, "merged": 4336, "new": 50, "pending": 50, "review_time_days_avg": 5.148292842535787, "review_time_days_median": 0.7698, "review_time_pending_days_avg": 65.232599999999977, "review_time_pending_days_median": 33.546199999999999, "submitted": 4758}