{"abandoned": 11, "merged": 50, "new": 14, "pending": 14, "review_time_days_avg": 10.644491176470586, "review_time_days_median": 3.82495, "review_time_pending_days_avg": 151.87037142857142, "review_time_pending_days_median": 87.940600000000003, "review_time_pending_update_days_avg": 121.03332857142857, "review_time_pending_update_days_median": 81.071950000000001, "submitted": 75}