{"abandoned": 5, "merged": 95, "new": 5, "pending": 5, "review_time_days_avg": 2.8298625, "review_time_days_median": 0.66905, "review_time_pending_days_avg": 88.854100000000003, "review_time_pending_days_median": 94.938799999999986, "review_time_pending_update_days_avg": 66.266324999999995, "review_time_pending_update_days_median": 54.037649999999999, "submitted": 105}