{"abandoned": 86, "merged": 1546, "new": 11, "pending": 11, "review_time_days_avg": 4.636185125858121, "review_time_days_median": 0.3067, "review_time_pending_days_avg": 61.52596363636362, "review_time_pending_days_median": 31.395199999999999, "review_time_pending_update_days_avg": 25.996327272727275, "review_time_pending_update_days_median": 5.9286000000000003, "submitted": 1643}