{"abandoned": 209, "merged": 3737, "new": 34, "pending": 34, "review_time_days_avg": 6.941772922252012, "review_time_days_median": 1.8682500000000002, "review_time_pending_days_avg": 43.583730303030293, "review_time_pending_days_median": 14.3931, "submitted": 3980}