{"abandoned": 209, "merged": 3714, "new": 37, "pending": 37, "review_time_days_avg": 8.649050084889643, "review_time_days_median": 3.0481, "review_time_pending_days_avg": 39.140816666666652, "review_time_pending_days_median": 13.69425, "submitted": 3960}