{"abandoned": 15, "merged": 545, "new": 2, "pending": 2, "review_time_days_avg": 10.78061395348837, "review_time_days_median": 3.3511, "review_time_pending_days_avg": 140.69630000000001, "review_time_pending_days_median": 140.69630000000001, "submitted": 562}