{"abandoned": 8, "merged": 131, "new": 10, "pending": 10, "review_time_days_avg": 19.566124324324317, "review_time_days_median": 1.7971, "review_time_pending_days_avg": 89.984399999999994, "review_time_pending_days_median": 61.791899999999998, "submitted": 149}