{"abandoned": 4, "merged": 13, "new": 1, "pending": 1, "review_time_days_avg": 1.4563166666666667, "review_time_days_median": 0.36795, "review_time_pending_days_avg": 3.6143000000000001, "review_time_pending_days_median": 3.6143000000000001, "submitted": 18}