{"abandoned": 20, "merged": 215, "new": 7, "pending": 7, "review_time_days_avg": 17.25723333333333, "review_time_days_median": 0.6839, "review_time_pending_days_avg": 95.604399999999998, "review_time_pending_days_median": 90.199749999999995, "submitted": 242}