{"abandoned": 5, "merged": 95, "new": 5, "pending": 5, "review_time_days_avg": 2.8298625, "review_time_days_median": 0.66905, "review_time_pending_days_avg": 95.867525000000001, "review_time_pending_days_median": 101.95225000000001, "review_time_pending_update_days_avg": 73.279749999999993, "review_time_pending_update_days_median": 61.051100000000005, "submitted": 105}