{"abandoned": 63, "merged": 982, "new": 7, "pending": 7, "review_time_days_avg": 2.2786950089126545, "review_time_days_median": 0.1761, "review_time_pending_days_avg": 73.694014285714289, "review_time_pending_days_median": 27.996200000000002, "review_time_pending_update_days_avg": 17.309400000000004, "review_time_pending_update_days_median": 13.023899999999999, "submitted": 1052}