{"abandoned": 6, "merged": 84, "new": 1, "pending": 1, "review_time_days_avg": 10.275030612244896, "review_time_days_median": 1.291, "review_time_pending_days_avg": 2.6019999999999999, "review_time_pending_days_median": 2.6019999999999999, "review_time_pending_update_days_avg": 0.46300000000000002, "review_time_pending_update_days_median": 0.46300000000000002, "submitted": 91}