{"abandoned": 814, "merged": 12162, "pending": 126, "review_time_days_avg": 229.6560461731494, "review_time_days_median": 222.38745, "submitted": 13112}