{"abandoned": 49, "merged": 155, "new": 10, "pending": 10, "review_time_days_avg": 5.136972549019606, "review_time_days_median": 0.685, "review_time_pending_days_avg": 71.802537499999985, "review_time_pending_days_median": 32.840699999999998, "review_time_pending_update_days_avg": 34.711312500000005, "review_time_pending_update_days_median": 10.977550000000001, "submitted": 214}