{"abandoned": 17, "merged": 239, "new": 6, "pending": 6, "review_time_days_avg": 4.852382142857143, "review_time_days_median": 0.89635, "review_time_pending_days_avg": 19.606183333333334, "review_time_pending_days_median": 24.805949999999999, "submitted": 262}