{"abandoned": 11, "merged": 49, "new": 14, "pending": 14, "review_time_days_avg": 12.19478214285714, "review_time_days_median": 4.0157, "review_time_pending_days_avg": 132.14970714285715, "review_time_pending_days_median": 65.743499999999997, "submitted": 74}