{"abandoned": 9, "merged": 372, "pending": 3, "review_time_days_avg": 37.25637676767675, "review_time_days_median": 26.716700000000003, "submitted": 384}