{"abandoned": 60, "merged": 488, "new": 19, "pending": 19, "review_time_days_avg": 32.77889999999999, "review_time_days_median": 10.6663, "review_time_pending_days_avg": 269.57095999999996, "review_time_pending_days_median": 294.60829999999999, "submitted": 567}