{"abandoned": 15, "merged": 232, "new": 6, "pending": 6, "review_time_days_avg": 8.399070588235295, "review_time_days_median": 0.8869499999999999, "review_time_pending_days_avg": 233.96530000000001, "review_time_pending_days_median": 247.78289999999998, "review_time_pending_update_days_avg": 170.13664999999997, "review_time_pending_update_days_median": 139.5933, "submitted": 253}