{"abandoned": 5, "merged": 174, "new": 9, "pending": 9, "review_time_days_avg": 35.23437142857143, "review_time_days_median": 17.0082, "review_time_pending_days_avg": 178.32656666666665, "review_time_pending_days_median": 179.82145000000003, "review_time_pending_update_days_avg": 139.50698333333335, "review_time_pending_update_days_median": 74.244050000000001, "submitted": 188}