{"abandoned": 32, "merged": 236, "new": 8, "pending": 8, "review_time_days_avg": 4.8696920634920655, "review_time_days_median": 0.9155, "review_time_pending_days_avg": 64.336714285714294, "review_time_pending_days_median": 37.080300000000001, "submitted": 276}