{"abandoned": 33, "merged": 693, "pending": 5, "review_time_days_avg": 120.28579324324328, "review_time_days_median": 119.73159999999999, "submitted": 731}