{"abandoned": 31, "merged": 410, "new": 5, "pending": 5, "review_time_days_avg": 4.158973684210525, "review_time_days_median": 1.0069, "review_time_pending_days_avg": 229.46777500000002, "review_time_pending_days_median": 252.76364999999998, "review_time_pending_update_days_avg": 144.44447500000001, "review_time_pending_update_days_median": 148.18565000000001, "submitted": 446}