{"abandoned": 24, "merged": 714, "new": 11, "pending": 11, "review_time_days_avg": 19.21146623376624, "review_time_days_median": 3.3864, "review_time_pending_days_avg": 126.44207999999999, "review_time_pending_days_median": 144.34129999999999, "submitted": 749}