{"abandoned": 142, "merged": 846, "new": 9, "pending": 9, "review_time_days_avg": 12.63650666666667, "review_time_days_median": 0.25855, "review_time_pending_days_avg": 211.73070000000001, "review_time_pending_days_median": 237.05950000000001, "review_time_pending_update_days_avg": 79.338885714285723, "review_time_pending_update_days_median": 89.600800000000007, "submitted": 997}