{"abandoned": 29, "merged": 598, "new": 10, "pending": 10, "review_time_days_avg": 4.553734285714288, "review_time_days_median": 0.45575, "review_time_pending_days_avg": 64.301320000000004, "review_time_pending_days_median": 33.726050000000001, "submitted": 637}