{"abandoned": 20, "merged": 461, "new": 1, "pending": 1, "review_time_days_avg": 1.32966286407767, "review_time_days_median": 0.13395, "review_time_pending_days_avg": 43.494100000000003, "review_time_pending_days_median": 43.494100000000003, "review_time_pending_update_days_avg": 35.685699999999997, "review_time_pending_update_days_median": 35.685699999999997, "submitted": 482}