{"abandoned": 1, "merged": 64, "pending": 0, "review_time_days_avg": 292.9894642857143, "review_time_days_median": 307.24620000000004, "submitted": 65}