{"abandoned": 2, "merged": 25, "new": 4, "pending": 4, "review_time_days_avg": 56.01163571428572, "review_time_days_median": 9.5441, "review_time_pending_days_avg": 64.972766666666658, "review_time_pending_days_median": 71.369699999999995, "review_time_pending_update_days_avg": 63.450933333333325, "review_time_pending_update_days_median": 71.369299999999996, "submitted": 31}