{"abandoned": 37, "merged": 279, "new": 8, "pending": 8, "review_time_days_avg": 4.497313636363633, "review_time_days_median": 0.2752, "review_time_pending_days_avg": 103.50272857142853, "review_time_pending_days_median": 11.764699999999999, "review_time_pending_update_days_avg": 102.5846142857143, "review_time_pending_update_days_median": 8.3844999999999992, "submitted": 324}