{"abandoned": 61, "merged": 999, "new": 20, "pending": 20, "review_time_days_avg": 32.20032545454545, "review_time_days_median": 10.1583, "review_time_pending_days_avg": 259.13644374999996, "review_time_pending_days_median": 290.55894999999998, "submitted": 1080}