{"abandoned": 12, "merged": 75, "new": 9, "pending": 9, "review_time_days_avg": 13.140518750000004, "review_time_days_median": 5.26265, "review_time_pending_days_avg": 117.25674444444445, "review_time_pending_days_median": 99.791399999999996, "submitted": 96}