{"abandoned": 31, "merged": 409, "new": 5, "pending": 5, "review_time_days_avg": 4.384066666666666, "review_time_days_median": 1.3310499999999998, "review_time_pending_days_avg": 227.479975, "review_time_pending_days_median": 250.77584999999999, "review_time_pending_update_days_avg": 142.45667500000002, "review_time_pending_update_days_median": 146.19785000000002, "submitted": 445}