{"abandoned": 5, "merged": 134, "new": 12, "pending": 12, "review_time_days_avg": 7.844482352941177, "review_time_days_median": 2.1408, "review_time_pending_days_avg": 152.94754166666667, "review_time_pending_days_median": 180.33019999999999, "submitted": 151}