{"abandoned": 1, "merged": 34, "new": 3, "pending": 3, "review_time_days_avg": 56.82531428571429, "review_time_days_median": 4.68815, "review_time_pending_days_avg": 81.017049999999998, "review_time_pending_days_median": 81.017049999999998, "review_time_pending_update_days_avg": 46.657399999999996, "review_time_pending_update_days_median": 46.657399999999996, "submitted": 38}