{"abandoned": 62, "merged": 624, "new": 25, "pending": 25, "review_time_days_avg": 3.4826889558232934, "review_time_days_median": 0.6719999999999999, "review_time_pending_days_avg": 80.835424000000003, "review_time_pending_days_median": 60.422400000000003, "submitted": 711}