{"abandoned": 2, "merged": 24, "new": 4, "pending": 4, "review_time_days_avg": 59.784076923076924, "review_time_days_median": 12.1183, "review_time_pending_days_avg": 54.435966666666666, "review_time_pending_days_median": 58.417000000000002, "submitted": 30}