{"abandoned": 59, "merged": 1238, "new": 9, "pending": 9, "review_time_days_avg": 3.1644216145833295, "review_time_days_median": 0.91015, "review_time_pending_days_avg": 62.675777777777775, "review_time_pending_days_median": 27.448399999999999, "submitted": 1306}