{"abandoned": 6, "merged": 241, "new": 1, "pending": 1, "review_time_days_avg": 11.202824999999999, "review_time_days_median": 0.9268000000000001, "submitted": 248}