{"abandoned": 12, "merged": 688, "new": 10, "pending": 10, "review_time_days_avg": 15.613153846153848, "review_time_days_median": 2.8699, "review_time_pending_days_avg": 49.505759999999995, "review_time_pending_days_median": 38.687799999999996, "submitted": 710}