{"abandoned": 13, "merged": 405, "pending": 4, "review_time_days_avg": 2.2227875, "review_time_days_median": 0.43789999999999996, "submitted": 423}