{"abandoned": 23, "merged": 330, "new": 3, "pending": 3, "review_time_days_avg": 1.710107692307692, "review_time_days_median": 0.50805, "review_time_pending_days_avg": 111.3111, "review_time_pending_days_median": 43.674399999999999, "review_time_pending_update_days_avg": 96.42349999999999, "review_time_pending_update_days_median": 41.121099999999998, "submitted": 356}