{"abandoned": 110, "merged": 654, "new": 8, "pending": 8, "review_time_days_avg": 2.875014418604651, "review_time_days_median": 0.3502, "review_time_pending_days_avg": 75.224812500000013, "review_time_pending_days_median": 73.386200000000002, "submitted": 772}