{"abandoned": 15, "merged": 450, "pending": 7, "review_time_days_avg": 128.01779965034964, "review_time_days_median": 116.73395, "submitted": 472}