{"abandoned": 12, "merged": 341, "new": 10, "pending": 10, "review_time_days_avg": 12.374297560975613, "review_time_days_median": 1.1571500000000001, "review_time_pending_days_avg": 56.111169999999994, "review_time_pending_days_median": 45.293199999999999, "submitted": 363}