{"abandoned": 43, "merged": 491, "new": 19, "pending": 19, "review_time_days_avg": 9.015918000000001, "review_time_days_median": 2.11335, "review_time_pending_days_avg": 162.90895882352942, "review_time_pending_days_median": 154.03059999999999, "review_time_pending_update_days_avg": 115.99019999999999, "review_time_pending_update_days_median": 102.3267, "submitted": 553}