{"abandoned": 15, "merged": 235, "new": 8, "pending": 8, "review_time_days_avg": 7.737410810810812, "review_time_days_median": 0.6249, "review_time_pending_days_avg": 160.24460000000002, "review_time_pending_days_median": 189.06645, "review_time_pending_update_days_avg": 117.49738333333335, "review_time_pending_update_days_median": 141.96359999999999, "submitted": 258}