{"abandoned": 45, "merged": 918, "new": 19, "pending": 19, "review_time_days_avg": 10.63592634730539, "review_time_days_median": 4.0747, "review_time_pending_days_avg": 144.72206470588233, "review_time_pending_days_median": 135.29920000000001, "submitted": 982}