{"abandoned": 6, "merged": 139, "new": 12, "pending": 12, "review_time_days_avg": 10.060985714285717, "review_time_days_median": 1.6699000000000002, "review_time_pending_days_avg": 161.35210000000004, "review_time_pending_days_median": 203.93205, "review_time_pending_update_days_avg": 147.74419166666667, "review_time_pending_update_days_median": 191.95959999999999, "submitted": 157}