{"abandoned": 8, "merged": 39, "new": 4, "pending": 4, "review_time_days_avg": 9.537525, "review_time_days_median": 2.4466, "review_time_pending_days_avg": 149.03020000000001, "review_time_pending_days_median": 149.03020000000001, "review_time_pending_update_days_avg": 138.50360000000001, "review_time_pending_update_days_median": 138.50360000000001, "submitted": 51}