{"abandoned": 8, "merged": 50, "new": 1, "pending": 1, "review_time_days_avg": 16.013287499999997, "review_time_days_median": 1.6478000000000002, "review_time_pending_days_avg": 15.028700000000001, "review_time_pending_days_median": 15.028700000000001, "review_time_pending_update_days_avg": 14.790800000000001, "review_time_pending_update_days_median": 14.790800000000001, "submitted": 59}