{"abandoned": 4, "merged": 29, "new": 7, "pending": 7, "review_time_days_avg": 7.529068421052631, "review_time_days_median": 2.519, "review_time_pending_days_avg": 27.838557142857152, "review_time_pending_days_median": 8.6953999999999994, "review_time_pending_update_days_avg": 4.3711142857142855, "review_time_pending_update_days_median": 1.8564000000000001, "submitted": 40}