{"abandoned": 6, "merged": 248, "new": 3, "pending": 3, "review_time_days_avg": 14.270868571428572, "review_time_days_median": 3.1405, "review_time_pending_days_avg": 16.119433333333333, "review_time_pending_days_median": 2.1894999999999998, "submitted": 257}