{"abandoned": 29, "merged": 596, "new": 10, "pending": 10, "review_time_days_avg": 6.249454000000002, "review_time_days_median": 0.82195, "review_time_pending_days_avg": 64.070719999999994, "review_time_pending_days_median": 33.495450000000005, "submitted": 635}