{"abandoned": 5, "merged": 81, "new": 8, "pending": 8, "review_time_days_avg": 21.671042857142854, "review_time_days_median": 16.5602, "review_time_pending_days_avg": 149.75781250000003, "review_time_pending_days_median": 136.91005000000001, "review_time_pending_update_days_avg": 141.14952499999998, "review_time_pending_update_days_median": 136.9093, "submitted": 94}