{"abandoned": 10, "merged": 80, "new": 2, "pending": 2, "review_time_days_avg": 1.2256880597014925, "review_time_days_median": 0.0999, "review_time_pending_days_avg": 249.62835000000001, "review_time_pending_days_median": 249.62835000000001, "review_time_pending_update_days_avg": 234.06844999999998, "review_time_pending_update_days_median": 234.06844999999998, "submitted": 92}