{"abandoned": 5, "merged": 81, "new": 12, "pending": 12, "review_time_days_avg": 21.671042857142854, "review_time_days_median": 16.5602, "review_time_pending_days_avg": 100.73239166666669, "review_time_pending_days_median": 115.75165000000001, "review_time_pending_update_days_avg": 94.992899999999977, "review_time_pending_update_days_median": 82.705150000000003, "submitted": 98}