{"abandoned": 86, "merged": 957, "new": 37, "pending": 37, "review_time_days_avg": 3.506277455919397, "review_time_days_median": 0.85395, "review_time_pending_days_avg": 32.614532432432433, "review_time_pending_days_median": 22.282800000000002, "review_time_pending_update_days_avg": 21.396378378378387, "review_time_pending_update_days_median": 2.7553999999999998, "submitted": 1080}