{"abandoned": 31, "merged": 541, "new": 7, "pending": 7, "review_time_days_avg": 7.58110956521739, "review_time_days_median": 1.7158, "review_time_pending_days_avg": 46.791414285714282, "review_time_pending_days_median": 14.035600000000001, "submitted": 579}