{"abandoned": 26, "merged": 322, "new": 16, "pending": 16, "review_time_days_avg": 4.3783536231884055, "review_time_days_median": 0.15875, "review_time_pending_days_avg": 80.829806250000004, "review_time_pending_days_median": 66.146900000000002, "review_time_pending_update_days_avg": 57.349431250000009, "review_time_pending_update_days_median": 33.322249999999997, "submitted": 364}