{"abandoned": 1, "merged": 302, "new": 4, "pending": 4, "review_time_days_avg": 76.32167000000001, "review_time_days_median": 5.94345, "review_time_pending_days_avg": 41.337833333333329, "review_time_pending_days_median": 47.998899999999999, "submitted": 307}