{"abandoned": 2, "merged": 25, "new": 3, "pending": 3, "review_time_days_avg": 56.01163571428572, "review_time_days_median": 9.5441, "review_time_pending_days_avg": 88.363200000000006, "review_time_pending_days_median": 88.363200000000006, "review_time_pending_update_days_avg": 88.360150000000004, "review_time_pending_update_days_median": 88.360150000000004, "submitted": 30}