{"abandoned": 5, "merged": 81, "new": 13, "pending": 13, "review_time_days_avg": 21.671042857142854, "review_time_days_median": 16.5602, "review_time_pending_days_avg": 108.94859230769228, "review_time_pending_days_median": 109.73990000000001, "review_time_pending_update_days_avg": 103.61526923076923, "review_time_pending_update_days_median": 98.674000000000007, "submitted": 99}