{"abandoned": 61, "merged": 974, "new": 7, "pending": 7, "review_time_days_avg": 2.2642855334538856, "review_time_days_median": 0.1763, "review_time_pending_days_avg": 72.132971428571423, "review_time_pending_days_median": 22.963899999999999, "submitted": 1042}