{"abandoned": 15, "merged": 224, "new": 6, "pending": 6, "review_time_days_avg": 10.130810714285715, "review_time_days_median": 2.15735, "review_time_pending_days_avg": 224.04310000000004, "review_time_pending_days_median": 237.86070000000001, "review_time_pending_update_days_avg": 160.21447499999999, "review_time_pending_update_days_median": 129.67115000000001, "submitted": 245}