{"abandoned": 27, "merged": 707, "new": 4, "pending": 4, "review_time_days_avg": 14.450862711864406, "review_time_days_median": 2.5817, "review_time_pending_days_avg": 8.3726000000000003, "review_time_pending_days_median": 8.6225500000000004, "submitted": 738}