{"abandoned": 2, "merged": 26, "new": 4, "pending": 4, "review_time_days_avg": 52.282093333333336, "review_time_days_median": 6.9699, "review_time_pending_days_avg": 71.006466666666668, "review_time_pending_days_median": 77.403400000000005, "review_time_pending_update_days_avg": 69.484633333333335, "review_time_pending_update_days_median": 77.403000000000006, "submitted": 32}