{"abandoned": 154, "merged": 1705, "new": 18, "pending": 18, "review_time_days_avg": 3.2922834162520713, "review_time_days_median": 0.1392, "review_time_pending_days_avg": 176.33744545454545, "review_time_pending_days_median": 170.58430000000001, "review_time_pending_update_days_avg": 128.20354545454546, "review_time_pending_update_days_median": 117.3014, "submitted": 1877}