{"abandoned": 43, "merged": 490, "new": 20, "pending": 20, "review_time_days_avg": 8.926303517587941, "review_time_days_median": 2.0951, "review_time_pending_days_avg": 145.57208333333335, "review_time_pending_days_median": 141.3629, "review_time_pending_update_days_avg": 100.98368333333336, "review_time_pending_update_days_median": 92.355649999999997, "submitted": 553}