{"abandoned": 60, "merged": 488, "new": 19, "pending": 19, "review_time_days_avg": 32.77889999999999, "review_time_days_median": 10.6663, "review_time_pending_days_avg": 278.57416666666666, "review_time_pending_days_median": 303.61149999999998, "review_time_pending_update_days_avg": 251.3277866666667, "review_time_pending_update_days_median": 290.68490000000003, "submitted": 567}