{"abandoned": 154, "merged": 1706, "new": 18, "pending": 18, "review_time_days_avg": 3.287243377483442, "review_time_days_median": 0.14015, "review_time_pending_days_avg": 189.31010000000003, "review_time_pending_days_median": 183.55699999999999, "review_time_pending_update_days_avg": 141.17619999999999, "review_time_pending_update_days_median": 130.2741, "submitted": 1878}