{"abandoned": 830, "merged": 12381, "new": 147, "pending": 147, "review_time_days_avg": 10.396210179640724, "review_time_days_median": 1.7905, "review_time_pending_days_avg": 68.226690510948899, "review_time_pending_days_median": 35.266500000000001, "submitted": 13358}