{"abandoned": 25, "merged": 199, "new": 8, "pending": 8, "review_time_days_avg": 17.73255176470589, "review_time_days_median": 2.1456, "review_time_pending_days_avg": 161.30948571428573, "review_time_pending_days_median": 176.62479999999999, "review_time_pending_update_days_avg": 107.89678571428571, "review_time_pending_update_days_median": 143.80709999999999, "submitted": 232}