{"abandoned": 10, "merged": 346, "new": 1, "pending": 1, "review_time_days_avg": 3.609225757575759, "review_time_days_median": 1.06, "review_time_pending_days_avg": 19.728400000000001, "review_time_pending_days_median": 19.728400000000001, "submitted": 357}