{"abandoned": 28, "merged": 402, "new": 10, "pending": 10, "review_time_days_avg": 4.7955676923076895, "review_time_days_median": 1.0483, "review_time_pending_days_avg": 67.461560000000006, "review_time_pending_days_median": 20.694600000000001, "review_time_pending_update_days_avg": 64.744290000000007, "review_time_pending_update_days_median": 17.648200000000003, "submitted": 440}