{"abandoned": 8, "merged": 132, "new": 10, "pending": 10, "review_time_days_avg": 9.335044303797467, "review_time_days_median": 0.0345, "review_time_pending_days_avg": 110.57883333333334, "review_time_pending_days_median": 82.386300000000006, "review_time_pending_update_days_avg": 92.7284111111111, "review_time_pending_update_days_median": 82.385400000000004, "submitted": 150}