{"abandoned": 40, "merged": 230, "new": 11, "pending": 11, "review_time_days_avg": 17.794550819672132, "review_time_days_median": 2.2272, "review_time_pending_days_avg": 93.947211111111116, "review_time_pending_days_median": 64.186999999999998, "review_time_pending_update_days_avg": 65.101222222222233, "review_time_pending_update_days_median": 30.329599999999999, "submitted": 281}