{"abandoned": 43, "merged": 490, "new": 20, "pending": 20, "review_time_days_avg": 8.926303517587941, "review_time_days_median": 2.0951, "review_time_pending_days_avg": 150.51993333333331, "review_time_pending_days_median": 146.31074999999998, "review_time_pending_update_days_avg": 105.01291111111111, "review_time_pending_update_days_median": 97.303550000000001, "submitted": 553}