{"abandoned": 154, "merged": 1705, "new": 18, "pending": 18, "review_time_days_avg": 5.09656272493573, "review_time_days_median": 0.8233, "review_time_pending_days_avg": 158.96493636363635, "review_time_pending_days_median": 153.21180000000001, "submitted": 1877}