{"abandoned": 1, "merged": 7, "new": 1, "pending": 1, "review_time_days_avg": 48.666650000000004, "review_time_days_median": 48.666650000000004, "review_time_pending_days_avg": 37.387099999999997, "review_time_pending_days_median": 37.387099999999997, "review_time_pending_update_days_avg": 37.357799999999997, "review_time_pending_update_days_median": 37.357799999999997, "submitted": 9}