{"abandoned": 3, "merged": 51, "new": 2, "pending": 2, "review_time_days_avg": 23.674841666666666, "review_time_days_median": 1.3883, "review_time_pending_days_avg": 86.450649999999996, "review_time_pending_days_median": 86.450649999999996, "submitted": 56}