{"abandoned": 5, "merged": 81, "new": 13, "pending": 13, "review_time_days_avg": 21.671042857142854, "review_time_days_median": 16.5602, "review_time_pending_days_avg": 99.925423076923067, "review_time_pending_days_median": 100.71680000000001, "review_time_pending_update_days_avg": 94.592099999999988, "review_time_pending_update_days_median": 89.650899999999993, "submitted": 99}