{"abandoned": 17, "merged": 243, "new": 7, "pending": 7, "review_time_days_avg": 3.527573809523809, "review_time_days_median": 0.52095, "review_time_pending_days_avg": 22.660500000000006, "review_time_pending_days_median": 32.337400000000002, "review_time_pending_update_days_avg": 8.5521142857142856, "review_time_pending_update_days_median": 0.51000000000000001, "submitted": 267}