{"abandoned": 35, "merged": 467, "new": 11, "pending": 11, "review_time_days_avg": 4.694297073170733, "review_time_days_median": 0.5199, "review_time_pending_days_avg": 95.41709090909093, "review_time_pending_days_median": 111.3597, "review_time_pending_update_days_avg": 75.089072727272736, "review_time_pending_update_days_median": 77.537300000000002, "submitted": 513}