{"abandoned": 111, "merged": 658, "new": 8, "pending": 8, "review_time_days_avg": 2.9147260273972604, "review_time_days_median": 0.364, "review_time_pending_days_avg": 89.107237500000011, "review_time_pending_days_median": 90.349099999999993, "review_time_pending_update_days_avg": 45.439562500000001, "review_time_pending_update_days_median": 53.982349999999997, "submitted": 777}