{"abandoned": 142, "merged": 846, "new": 9, "pending": 9, "review_time_days_avg": 12.63650666666667, "review_time_days_median": 0.25855, "review_time_pending_days_avg": 215.71064285714286, "review_time_pending_days_median": 241.0395, "review_time_pending_update_days_avg": 83.318842857142855, "review_time_pending_update_days_median": 93.580799999999996, "submitted": 997}