{"abandoned": 66, "merged": 894, "new": 49, "pending": 49, "review_time_days_avg": 18.478346226415084, "review_time_days_median": 2.5846999999999998, "review_time_pending_days_avg": 156.27530312499997, "review_time_pending_days_median": 153.27120000000002, "submitted": 1009}