{"abandoned": 12, "merged": 77, "new": 9, "pending": 9, "review_time_days_avg": 18.555411111111113, "review_time_days_median": 5.26265, "review_time_pending_days_avg": 119.69017777777776, "review_time_pending_days_median": 111.3707, "review_time_pending_update_days_avg": 57.117666666666665, "review_time_pending_update_days_median": 23.672000000000001, "submitted": 98}