{"abandoned": 14, "merged": 412, "new": 5, "pending": 5, "review_time_days_avg": 2.2227875, "review_time_days_median": 0.43789999999999996, "review_time_pending_days_avg": 101.61895000000001, "review_time_pending_days_median": 98.267500000000013, "submitted": 431}