{"abandoned": 5, "merged": 95, "new": 5, "pending": 5, "review_time_days_avg": 2.8298625, "review_time_days_median": 0.66905, "review_time_pending_days_avg": 87.845699999999994, "review_time_pending_days_median": 93.930399999999992, "review_time_pending_update_days_avg": 65.257900000000006, "review_time_pending_update_days_median": 53.029249999999998, "submitted": 105}