{"abandoned": 204, "merged": 3031, "new": 38, "pending": 38, "review_time_days_avg": 2.969568404907971, "review_time_days_median": 0.2486, "review_time_pending_days_avg": 94.313542105263153, "review_time_pending_days_median": 70.157200000000003, "submitted": 3273}