{"abandoned": 221, "merged": 3127, "new": 24, "pending": 24, "review_time_days_avg": 3.0793151461988266, "review_time_days_median": 0.23665, "review_time_pending_days_avg": 96.484891666666627, "review_time_pending_days_median": 60.552350000000004, "review_time_pending_update_days_avg": 46.324079166666685, "review_time_pending_update_days_median": 24.25545, "submitted": 3372}