{"abandoned": 34, "merged": 456, "new": 13, "pending": 13, "review_time_days_avg": 3.1684150753768856, "review_time_days_median": 0.5081, "review_time_pending_days_avg": 103.65891538461538, "review_time_pending_days_median": 100.56140000000001, "review_time_pending_update_days_avg": 67.285753846153838, "review_time_pending_update_days_median": 39.718699999999998, "submitted": 503}