{"abandoned": 7, "merged": 130, "new": 12, "pending": 12, "review_time_days_avg": 19.566124324324317, "review_time_days_median": 1.7971, "review_time_pending_days_avg": 76.933790909090916, "review_time_pending_days_median": 54.514099999999999, "submitted": 149}