{"abandoned": 9, "merged": 172, "new": 1, "pending": 1, "review_time_days_avg": 3.609225757575759, "review_time_days_median": 1.06, "review_time_pending_days_avg": 24.645099999999999, "review_time_pending_days_median": 24.645099999999999, "submitted": 182}