{"abandoned": 380, "merged": 4440, "new": 52, "pending": 52, "review_time_days_avg": 5.198350287907867, "review_time_days_median": 0.7492, "review_time_pending_days_avg": 52.175484313725484, "review_time_pending_days_median": 13.5685, "review_time_pending_update_days_avg": 24.782129411764707, "review_time_pending_update_days_median": 3.6796000000000002, "submitted": 4872}