{"abandoned": 35, "merged": 705, "new": 4, "pending": 4, "review_time_days_avg": 6.930496491228069, "review_time_days_median": 1.4573, "review_time_pending_days_avg": 208.55536666666669, "review_time_pending_days_median": 205.18819999999999, "submitted": 744}