{"abandoned": 57, "merged": 326, "new": 22, "pending": 22, "review_time_days_avg": 5.2853699999999995, "review_time_days_median": 0.0504, "review_time_pending_days_avg": 205.85583809523806, "review_time_pending_days_median": 291.28460000000001, "submitted": 405}