{"abandoned": 837, "merged": 12443, "new": 143, "pending": 143, "review_time_days_avg": 10.419703905325452, "review_time_days_median": 1.7905, "review_time_pending_days_avg": 70.516212781954891, "review_time_pending_days_median": 33.384500000000003, "submitted": 13423}