{"abandoned": 5, "merged": 128, "new": 2, "pending": 2, "review_time_days_avg": 14.59887142857143, "review_time_days_median": 9.3697, "review_time_pending_days_avg": 189.82784999999998, "review_time_pending_days_median": 189.82784999999998, "submitted": 135}