{"abandoned": 2, "merged": 17, "new": 2, "pending": 2, "review_time_days_avg": 11.710171428571428, "review_time_days_median": 5.3892, "review_time_pending_days_avg": 210.35570000000001, "review_time_pending_days_median": 210.35570000000001, "review_time_pending_update_days_avg": 209.56925000000001, "review_time_pending_update_days_median": 209.56925000000001, "submitted": 21}