{"abandoned": 15, "merged": 225, "new": 6, "pending": 6, "review_time_days_avg": 10.130810714285715, "review_time_days_median": 2.15735, "review_time_pending_days_avg": 226.03744999999998, "review_time_pending_days_median": 239.85505000000001, "review_time_pending_update_days_avg": 162.2088, "review_time_pending_update_days_median": 131.66545000000002, "submitted": 246}