{"abandoned": 375, "merged": 4850, "new": 49, "pending": 49, "review_time_days_avg": 7.103649809885932, "review_time_days_median": 2.1210500000000003, "review_time_pending_days_avg": 66.27206666666666, "review_time_pending_days_median": 32.46425, "submitted": 5274}