{"abandoned": 2, "merged": 19, "new": 4, "pending": 4, "review_time_days_avg": 23.242199999999997, "review_time_days_median": 0.10025, "review_time_pending_days_avg": 204.89676666666665, "review_time_pending_days_median": 305.83530000000002, "submitted": 25}