{"abandoned": 43, "merged": 491, "new": 19, "pending": 19, "review_time_days_avg": 9.015918000000001, "review_time_days_median": 2.11335, "review_time_pending_days_avg": 166.11745294117648, "review_time_pending_days_median": 157.23910000000001, "review_time_pending_update_days_avg": 119.19869411764708, "review_time_pending_update_days_median": 105.5352, "submitted": 553}