{"abandoned": 32, "merged": 236, "new": 8, "pending": 8, "review_time_days_avg": 4.8696920634920655, "review_time_days_median": 0.9155, "review_time_pending_days_avg": 66.918514285714295, "review_time_pending_days_median": 39.662100000000002, "review_time_pending_update_days_avg": 63.350014285714273, "review_time_pending_update_days_median": 39.6586, "submitted": 276}