{"abandoned": 9, "merged": 133, "new": 9, "pending": 9, "review_time_days_avg": 9.218367499999998, "review_time_days_median": 0.031100000000000003, "review_time_pending_days_avg": 123.00494999999998, "review_time_pending_days_median": 98.894149999999996, "review_time_pending_update_days_avg": 102.92325, "review_time_pending_update_days_median": 98.893349999999998, "submitted": 151}