{"abandoned": 0, "merged": 57, "new": 1, "pending": 1, "review_time_days_avg": 12.006977192982456, "review_time_days_median": 10.7847, "review_time_pending_days_avg": 10.752800000000001, "review_time_pending_days_median": 10.752800000000001, "review_time_pending_update_days_avg": 9.4191000000000003, "review_time_pending_update_days_median": 9.4191000000000003, "submitted": 58}