{"abandoned": 9, "merged": 397, "new": 3, "pending": 3, "review_time_days_avg": 8.863756521739129, "review_time_days_median": 4.0205, "review_time_pending_days_avg": 6.8033666666666663, "review_time_pending_days_median": 6.6315999999999997, "submitted": 409}