{"abandoned": 5, "merged": 138, "new": 12, "pending": 12, "review_time_days_avg": 10.243430909090911, "review_time_days_median": 1.8345, "review_time_pending_days_avg": 159.37146666666666, "review_time_pending_days_median": 201.95139999999998, "review_time_pending_update_days_avg": 145.92448333333331, "review_time_pending_update_days_median": 189.97895, "submitted": 155}