{"abandoned": 86, "merged": 1545, "new": 8, "pending": 8, "review_time_days_avg": 4.646811467889905, "review_time_days_median": 0.3092, "review_time_pending_days_avg": 80.248162499999992, "review_time_pending_days_median": 74.390299999999996, "review_time_pending_update_days_avg": 32.017137500000004, "review_time_pending_update_days_median": 9.1127000000000002, "submitted": 1639}