{"abandoned": 204, "merged": 3418, "new": 34, "pending": 34, "review_time_days_avg": 4.156304133685131, "review_time_days_median": 0.9091, "review_time_pending_days_avg": 102.2972823529412, "review_time_pending_days_median": 87.007849999999991, "submitted": 3656}