{"abandoned": 31, "merged": 410, "new": 5, "pending": 5, "review_time_days_avg": 4.158973684210525, "review_time_days_median": 1.0069, "review_time_pending_days_avg": 231.45827500000001, "review_time_pending_days_median": 254.75415000000001, "review_time_pending_update_days_avg": 146.43497500000001, "review_time_pending_update_days_median": 150.17615000000001, "submitted": 446}