{"abandoned": 12, "merged": 345, "new": 10, "pending": 10, "review_time_days_avg": 12.464354651162795, "review_time_days_median": 1.1571500000000001, "review_time_pending_days_avg": 67.968260000000015, "review_time_pending_days_median": 63.20675, "review_time_pending_update_days_avg": 56.891269999999999, "review_time_pending_update_days_median": 61.664149999999999, "submitted": 367}