{"abandoned": 34, "merged": 245, "new": 5, "pending": 5, "review_time_days_avg": 6.37353623188406, "review_time_days_median": 0.9426, "review_time_pending_days_avg": 76.225419999999986, "review_time_pending_days_median": 53.293100000000003, "review_time_pending_update_days_avg": 70.245360000000019, "review_time_pending_update_days_median": 53.272100000000002, "submitted": 284}