{"abandoned": 202, "merged": 3002, "new": 39, "pending": 39, "review_time_days_avg": 2.9459938978829356, "review_time_days_median": 0.2486, "review_time_pending_days_avg": 90.934017948717965, "review_time_pending_days_median": 74.318100000000001, "submitted": 3243}