{"abandoned": 12, "merged": 130, "new": 2, "pending": 2, "review_time_days_avg": 39.27281666666667, "review_time_days_median": 7.041300000000001, "review_time_pending_days_avg": 16.453799999999998, "review_time_pending_days_median": 16.453799999999998, "review_time_pending_update_days_avg": 16.453799999999998, "review_time_pending_update_days_median": 16.453799999999998, "submitted": 144}