{"abandoned": 154, "merged": 1705, "new": 18, "pending": 18, "review_time_days_avg": 3.2922834162520713, "review_time_days_median": 0.1392, "review_time_pending_days_avg": 178.33174545454546, "review_time_pending_days_median": 172.57859999999999, "review_time_pending_update_days_avg": 130.19783636363633, "review_time_pending_update_days_median": 119.2957, "submitted": 1877}