{"abandoned": 815, "merged": 12163, "pending": 124, "review_time_days_avg": 10.584360847880303, "review_time_days_median": 1.78145, "submitted": 13112}