{"abandoned": 40, "merged": 229, "new": 10, "pending": 10, "review_time_days_avg": 18.075766666666667, "review_time_days_median": 2.5198, "review_time_pending_days_avg": 97.101162500000001, "review_time_pending_days_median": 76.271500000000003, "review_time_pending_update_days_avg": 65.841999999999999, "review_time_pending_update_days_median": 57.772549999999995, "submitted": 279}