{"abandoned": 0, "merged": 3, "pending": 0, "review_time_days_avg": 0.47595000000000004, "review_time_days_median": 0.47595000000000004, "submitted": 3}