{"abandoned": 1292, "merged": 10644, "new": 481, "pending": 481, "review_time_days_avg": 14.740294762524407, "review_time_days_median": 0.89485, "review_time_pending_days_avg": 106.42367127937318, "review_time_pending_days_median": 69.025400000000005, "submitted": 12417}