{"abandoned": 49, "merged": 155, "new": 12, "pending": 12, "review_time_days_avg": 5.136972549019606, "review_time_days_median": 0.685, "review_time_pending_days_avg": 60.835590000000003, "review_time_pending_days_median": 36.8294, "review_time_pending_update_days_avg": 29.186529999999994, "review_time_pending_update_days_median": 10.398999999999999, "submitted": 216}