{"abandoned": 25, "merged": 199, "new": 8, "pending": 8, "review_time_days_avg": 17.73255176470589, "review_time_days_median": 2.1456, "review_time_pending_days_avg": 164.30570000000003, "review_time_pending_days_median": 179.62100000000001, "review_time_pending_update_days_avg": 109.41350000000001, "review_time_pending_update_days_median": 146.80330000000001, "submitted": 232}