{"abandoned": 34, "merged": 269, "new": 4, "pending": 4, "review_time_days_avg": 6.930496491228069, "review_time_days_median": 1.4573, "review_time_pending_days_avg": 211.72386666666668, "review_time_pending_days_median": 208.35669999999999, "submitted": 307}