{"abandoned": 49, "merged": 156, "new": 11, "pending": 11, "review_time_days_avg": 5.136972549019606, "review_time_days_median": 0.685, "review_time_pending_days_avg": 61.666888888888899, "review_time_pending_days_median": 38.784599999999998, "review_time_pending_update_days_avg": 33.018122222222217, "review_time_pending_update_days_median": 16.919599999999999, "submitted": 216}