{"abandoned": 8, "merged": 132, "new": 10, "pending": 10, "review_time_days_avg": 9.335044303797467, "review_time_days_median": 0.0345, "review_time_pending_days_avg": 102.65834444444447, "review_time_pending_days_median": 74.465800000000002, "review_time_pending_update_days_avg": 84.807933333333324, "review_time_pending_update_days_median": 74.4649, "submitted": 150}