{"abandoned": 19, "merged": 448, "new": 3, "pending": 3, "review_time_days_avg": 1.3411081885856082, "review_time_days_median": 0.1346, "review_time_pending_days_avg": 12.761799999999999, "review_time_pending_days_median": 2.4746999999999999, "review_time_pending_update_days_avg": 9.5325000000000006, "review_time_pending_update_days_median": 1.5233000000000001, "submitted": 470}