{"abandoned": 3, "merged": 51, "new": 2, "pending": 2, "review_time_days_avg": 25.82701818181818, "review_time_days_median": 1.6461, "review_time_pending_days_avg": 80.612949999999998, "review_time_pending_days_median": 80.612949999999998, "submitted": 56}