{"abandoned": 1330, "merged": 10811, "new": 469, "pending": 469, "review_time_days_avg": 14.746878453383243, "review_time_days_median": 0.9024, "review_time_pending_days_avg": 110.30401212938006, "review_time_pending_days_median": 73.0749, "review_time_pending_update_days_avg": 61.316433153638869, "review_time_pending_update_days_median": 35.331499999999998, "submitted": 12610}