{"abandoned": 40, "merged": 230, "new": 12, "pending": 12, "review_time_days_avg": 17.794550819672132, "review_time_days_median": 2.2272, "review_time_pending_days_avg": 87.465350000000001, "review_time_pending_days_median": 63.194749999999999, "review_time_pending_update_days_avg": 61.280300000000011, "review_time_pending_update_days_median": 22.9374, "submitted": 282}