{"abandoned": 11, "merged": 437, "pending": 8, "review_time_days_avg": 236.01230744680856, "review_time_days_median": 305.87495, "submitted": 456}