{"abandoned": 9, "merged": 104, "new": 6, "pending": 6, "review_time_days_avg": 20.446644117647057, "review_time_days_median": 3.3734, "review_time_pending_days_avg": 58.729316666666669, "review_time_pending_days_median": 51.151150000000001, "submitted": 119}