{"abandoned": 49, "merged": 160, "new": 10, "pending": 10, "review_time_days_avg": 6.261909259259259, "review_time_days_median": 0.8285, "review_time_pending_days_avg": 74.202187500000008, "review_time_pending_days_median": 43.980899999999998, "review_time_pending_update_days_avg": 42.164299999999997, "review_time_pending_update_days_median": 22.116300000000003, "submitted": 219}