{"abandoned": 5, "merged": 26, "new": 2, "pending": 2, "review_time_days_avg": 10.225200000000001, "review_time_days_median": 4.50145, "review_time_pending_days_avg": 210.85974999999999, "review_time_pending_days_median": 210.85974999999999, "review_time_pending_update_days_avg": 158.31574999999998, "review_time_pending_update_days_median": 158.31574999999998, "submitted": 33}