{"abandoned": 27, "merged": 325, "new": 14, "pending": 14, "review_time_days_avg": 4.503652857142857, "review_time_days_median": 0.16535, "review_time_pending_days_avg": 93.066121428571407, "review_time_pending_days_median": 95.276350000000008, "review_time_pending_update_days_avg": 67.736578571428581, "review_time_pending_update_days_median": 38.282650000000004, "submitted": 366}