{"abandoned": 24, "merged": 670, "new": 3, "pending": 3, "review_time_days_avg": 1.751692045454545, "review_time_days_median": 0.1206, "review_time_pending_days_avg": 27.480233333333334, "review_time_pending_days_median": 20.511600000000001, "review_time_pending_update_days_avg": 20.102566666666668, "review_time_pending_update_days_median": 13.4377, "submitted": 697}