{"abandoned": 1, "merged": 303, "new": 4, "pending": 4, "review_time_days_avg": 76.32167000000001, "review_time_days_median": 5.94345, "review_time_pending_days_avg": 43.308600000000006, "review_time_pending_days_median": 49.969700000000003, "submitted": 308}