{"abandoned": 60, "merged": 488, "new": 19, "pending": 19, "review_time_days_avg": 33.39728113207546, "review_time_days_median": 11.1743, "review_time_pending_days_avg": 266.7363866666667, "review_time_pending_days_median": 291.77370000000002, "submitted": 567}