{"abandoned": 40, "merged": 230, "new": 11, "pending": 11, "review_time_days_avg": 17.794550819672132, "review_time_days_median": 2.2272, "review_time_pending_days_avg": 92.949433333333346, "review_time_pending_days_median": 63.189300000000003, "review_time_pending_update_days_avg": 64.103433333333342, "review_time_pending_update_days_median": 29.331800000000001, "submitted": 281}