{"abandoned": 1, "merged": 25, "new": 2, "pending": 2, "review_time_days_avg": 14.57704, "review_time_days_median": 3.8360000000000003, "review_time_pending_days_avg": 97.211100000000002, "review_time_pending_days_median": 97.211100000000002, "review_time_pending_update_days_avg": 78.006900000000002, "review_time_pending_update_days_median": 78.006900000000002, "submitted": 28}