{"abandoned": 35, "merged": 706, "new": 4, "pending": 4, "review_time_days_avg": 4.876234567901231, "review_time_days_median": 0.3809, "review_time_pending_days_avg": 211.75176666666667, "review_time_pending_days_median": 208.38460000000001, "submitted": 745}