{"abandoned": 5, "merged": 162, "new": 9, "pending": 9, "review_time_days_avg": 35.23437142857143, "review_time_days_median": 17.0082, "review_time_pending_days_avg": 164.31913333333333, "review_time_pending_days_median": 165.81399999999999, "review_time_pending_update_days_avg": 125.49955, "review_time_pending_update_days_median": 60.236599999999996, "submitted": 176}