{"abandoned": 85, "merged": 2103, "new": 12, "pending": 12, "review_time_days_avg": 6.620091245791243, "review_time_days_median": 0.9243, "review_time_pending_days_avg": 75.145016666666677, "review_time_pending_days_median": 58.913200000000003, "submitted": 2200}