{"abandoned": 9, "merged": 104, "new": 6, "pending": 6, "review_time_days_avg": 20.446644117647057, "review_time_days_median": 3.3734, "review_time_pending_days_avg": 55.034333333333336, "review_time_pending_days_median": 47.456150000000001, "submitted": 119}