{"abandoned": 142, "merged": 846, "new": 8, "pending": 8, "review_time_days_avg": 12.63650666666667, "review_time_days_median": 0.25855, "review_time_pending_days_avg": 230.60625000000002, "review_time_pending_days_median": 238.81819999999999, "submitted": 996}