{"abandoned": 9, "merged": 173, "new": 3, "pending": 3, "review_time_days_avg": 8.863756521739129, "review_time_days_median": 4.0205, "review_time_pending_days_avg": 7.9860666666666669, "review_time_pending_days_median": 7.8143000000000002, "submitted": 185}