{"abandoned": 8, "merged": 132, "new": 10, "pending": 10, "review_time_days_avg": 9.335044303797467, "review_time_days_median": 0.0345, "review_time_pending_days_avg": 109.57038888888889, "review_time_pending_days_median": 81.377799999999993, "review_time_pending_update_days_avg": 91.719944444444451, "review_time_pending_update_days_median": 81.376900000000006, "submitted": 150}