{"abandoned": 4, "merged": 12, "new": 4, "pending": 4, "review_time_days_avg": 9.84568, "review_time_days_median": 7.4113500000000005, "review_time_pending_days_avg": 17.746775, "review_time_pending_days_median": 20.068199999999997, "review_time_pending_update_days_avg": 6.9032249999999991, "review_time_pending_update_days_median": 4.4548500000000004, "submitted": 20}