{"abandoned": 25, "merged": 314, "new": 18, "pending": 18, "review_time_days_avg": 2.7384847328244275, "review_time_days_median": 0.156, "review_time_pending_days_avg": 77.995699999999999, "review_time_pending_days_median": 56.166849999999997, "submitted": 357}