{"abandoned": 9, "merged": 104, "new": 6, "pending": 6, "review_time_days_avg": 18.058781818181817, "review_time_days_median": 2.6518, "review_time_pending_days_avg": 70.533133333333339, "review_time_pending_days_median": 62.954949999999997, "review_time_pending_update_days_avg": 34.488900000000001, "review_time_pending_update_days_median": 25.494250000000001, "submitted": 119}