{"abandoned": 73, "merged": 63, "review_time_days_avg": 78.57396818181817, "review_time_days_median": 12.861699999999999, "submitted": 148}