{"abandoned": 746, "merged": 6903, "review_time_days_avg": 18.54317419354839, "review_time_days_median": 2.5442, "review_time_pending_days_avg": 104.67937756653998, "review_time_pending_days_median": 72.256900000000002, "submitted": 7967}