{"abandoned": 741, "merged": 6348, "review_time_days_avg": 12.766756224489828, "review_time_days_median": 0.98535, "review_time_pending_days_avg": 124.29996499999997, "review_time_pending_days_median": 98.747799999999998, "review_time_pending_update_days_avg": 78.09202115384609, "review_time_pending_update_days_median": 48.644500000000001, "submitted": 7402}