{"abandoned": 760, "merged": 7081, "review_time_days_avg": 14.616184430337466, "review_time_days_median": 1.1013, "review_time_pending_days_avg": 111.26957680608365, "review_time_pending_days_median": 76.055199999999999, "review_time_pending_update_days_avg": 68.827652471482878, "review_time_pending_update_days_median": 37.5869, "submitted": 8159}