{"abandoned": 747, "merged": 6964, "review_time_days_avg": 18.44036971256972, "review_time_days_median": 2.4951, "review_time_pending_days_avg": 101.37841321428573, "review_time_pending_days_median": 65.992449999999991, "submitted": 8046}