{"abandoned": 747, "merged": 6968, "review_time_days_avg": 18.44036971256972, "review_time_days_median": 2.4951, "review_time_pending_days_avg": 103.91236086956535, "review_time_pending_days_median": 69.527749999999997, "submitted": 8046}