{"abandoned": 764, "merged": 7114, "review_time_days_avg": 14.544834117257382, "review_time_days_median": 1.085, "review_time_pending_days_avg": 114.08186908396958, "review_time_pending_days_median": 81.381200000000007, "review_time_pending_update_days_avg": 71.088896946564859, "review_time_pending_update_days_median": 42.296399999999998, "submitted": 8194}