{"abandoned": 765, "merged": 7116, "review_time_days_avg": 14.535927672955987, "review_time_days_median": 1.085, "review_time_pending_days_avg": 113.08544248120288, "review_time_pending_days_median": 80.020499999999998, "review_time_pending_update_days_avg": 70.474932706766921, "review_time_pending_update_days_median": 37.657600000000002, "submitted": 8201}