{"abandoned": 749, "merged": 6492, "review_time_days_avg": 14.9116002835874, "review_time_days_median": 1.0188, "review_time_pending_days_avg": 113.14295655430702, "review_time_pending_days_median": 79.620400000000004, "review_time_pending_update_days_avg": 71.568404868913831, "review_time_pending_update_days_median": 39.717500000000001, "submitted": 7561}