{"abandoned": 747, "merged": 6968, "review_time_days_avg": 14.891257499134054, "review_time_days_median": 1.0988, "review_time_pending_days_avg": 103.93522826086959, "review_time_pending_days_median": 69.550600000000003, "submitted": 8046}