{"abandoned": 733, "merged": 6784, "review_time_days_avg": 18.743437567811934, "review_time_days_median": 2.6045999999999996, "submitted": 7837}