{"abandoned": 748, "merged": 6361, "review_time_days_avg": 12.740774856176001, "review_time_days_median": 0.9738, "review_time_pending_days_avg": 122.63041764705895, "review_time_pending_days_median": 97.702399999999997, "review_time_pending_update_days_avg": 77.834467450980441, "review_time_pending_update_days_median": 50.265799999999999, "submitted": 7417}