{"abandoned": 754, "merged": 6564, "review_time_days_avg": 14.767198230395588, "review_time_days_median": 1.0179, "review_time_pending_days_avg": 113.06094000000009, "review_time_pending_days_median": 78.084400000000002, "review_time_pending_update_days_avg": 71.515945185185245, "review_time_pending_update_days_median": 41.515450000000001, "submitted": 7641}