{"abandoned": 764, "merged": 7100, "review_time_days_avg": 14.582994882020616, "review_time_days_median": 1.0953, "review_time_pending_days_avg": 113.58021455938682, "review_time_pending_days_median": 82.720799999999997, "review_time_pending_update_days_avg": 70.703577394635957, "review_time_pending_update_days_median": 43.019500000000001, "submitted": 8179}