{"abandoned": 747, "merged": 6975, "review_time_days_avg": 14.873602834427937, "review_time_days_median": 1.1013, "review_time_pending_days_avg": 105.06095927272735, "review_time_pending_days_median": 72.666399999999996, "submitted": 8052}