{"abandoned": 763, "merged": 7091, "review_time_days_avg": 14.594801333333347, "review_time_days_median": 1.0970499999999999, "review_time_pending_days_avg": 111.66694810606052, "review_time_pending_days_median": 77.055000000000007, "review_time_pending_update_days_avg": 69.324582954545363, "review_time_pending_update_days_median": 38.268950000000004, "submitted": 8172}