{"abandoned": 751, "merged": 7036, "review_time_days_avg": 14.728552949152547, "review_time_days_median": 1.0970499999999999, "review_time_pending_days_avg": 106.5183152482269, "review_time_pending_days_median": 71.28595, "review_time_pending_update_days_avg": 66.701490780141839, "review_time_pending_update_days_median": 32.708950000000002, "submitted": 8124}