{"abandoned": 739, "merged": 6326, "review_time_days_avg": 12.807578488372128, "review_time_days_median": 0.98535, "review_time_pending_days_avg": 120.31438157894725, "review_time_pending_days_median": 94.81765, "review_time_pending_update_days_avg": 75.132599248120371, "review_time_pending_update_days_median": 46.1496, "submitted": 7384}