{"abandoned": 747, "merged": 6950, "review_time_days_avg": 18.429186046511635, "review_time_days_median": 2.5119, "review_time_pending_days_avg": 101.92812618181807, "review_time_pending_days_median": 71.476699999999994, "submitted": 8027}