{"abandoned": 751, "merged": 7036, "review_time_days_avg": 14.728552949152547, "review_time_days_median": 1.0970499999999999, "review_time_pending_days_avg": 106.15064716312064, "review_time_pending_days_median": 70.918299999999988, "submitted": 8124}