{"abandoned": 746, "merged": 6355, "review_time_days_avg": 12.770768147896913, "review_time_days_median": 0.98665, "review_time_pending_days_avg": 121.93280351562488, "review_time_pending_days_median": 97.807150000000007, "review_time_pending_update_days_avg": 76.580476171875077, "review_time_pending_update_days_median": 49.139150000000001, "submitted": 7410}