{"abandoned": 752, "merged": 6553, "review_time_days_avg": 14.81200866689874, "review_time_days_median": 1.0181, "review_time_pending_days_avg": 114.65719734848489, "review_time_pending_days_median": 80.924800000000005, "review_time_pending_update_days_avg": 72.239019696969777, "review_time_pending_update_days_median": 40.509999999999998, "submitted": 7622}