{"abandoned": 746, "merged": 6916, "review_time_days_avg": 18.5510517826087, "review_time_days_median": 2.5512, "review_time_pending_days_avg": 105.07135741444888, "review_time_pending_days_median": 72.843999999999994, "submitted": 7980}