{"abandoned": 749, "merged": 6497, "review_time_days_avg": 14.890513026548692, "review_time_days_median": 1.0183, "review_time_pending_days_avg": 110.93622014652013, "review_time_pending_days_median": 74.643799999999999, "review_time_pending_update_days_avg": 70.776279487179494, "review_time_pending_update_days_median": 39.817500000000003, "submitted": 7572}