{"abandoned": 738, "merged": 6314, "review_time_days_avg": 12.839291008922476, "review_time_days_median": 0.9683999999999999, "review_time_pending_days_avg": 117.82896888888867, "review_time_pending_days_median": 88.194950000000006, "review_time_pending_update_days_avg": 74.374284074074097, "review_time_pending_update_days_median": 45.059100000000001, "submitted": 7375}