{"abandoned": 746, "merged": 6916, "review_time_days_avg": 18.5510517826087, "review_time_days_median": 2.5512, "review_time_pending_days_avg": 105.2114608365018, "review_time_pending_days_median": 72.984099999999998, "submitted": 7980}