{"abandoned": 747, "merged": 6934, "review_time_days_avg": 18.46206873920553, "review_time_days_median": 2.5168, "review_time_pending_days_avg": 100.30259891696757, "review_time_pending_days_median": 69.909899999999993, "submitted": 8013}