{"abandoned": 738, "merged": 6314, "review_time_days_avg": 12.839291008922476, "review_time_days_median": 0.9683999999999999, "review_time_pending_days_avg": 117.67237074074072, "review_time_pending_days_median": 88.038349999999994, "review_time_pending_update_days_avg": 74.217684814814774, "review_time_pending_update_days_median": 44.902500000000003, "submitted": 7375}