{"abandoned": 747, "merged": 6972, "review_time_days_avg": 18.42516316916489, "review_time_days_median": 2.5123, "review_time_pending_days_avg": 102.98319316546765, "review_time_pending_days_median": 67.006550000000004, "submitted": 8052}