{"abandoned": 747, "merged": 6964, "review_time_days_avg": 18.44036971256972, "review_time_days_median": 2.4951, "review_time_pending_days_avg": 103.84195510948925, "review_time_pending_days_median": 72.040700000000001, "submitted": 8040}