{"abandoned": 750, "merged": 7033, "review_time_days_avg": 14.736160108548175, "review_time_days_median": 1.0970499999999999, "review_time_pending_days_avg": 105.56361637010669, "review_time_pending_days_median": 70.808999999999997, "submitted": 8119}