{"abandoned": 739, "merged": 6339, "review_time_days_avg": 12.7894381731425, "review_time_days_median": 0.9879, "review_time_pending_days_avg": 122.81905076335879, "review_time_pending_days_median": 97.504750000000001, "review_time_pending_update_days_avg": 76.625157251908277, "review_time_pending_update_days_median": 47.255250000000004, "submitted": 7393}