{"abandoned": 765, "merged": 7119, "review_time_days_avg": 14.536794211048637, "review_time_days_median": 1.0943, "review_time_pending_days_avg": 110.58332116788328, "review_time_pending_days_median": 76.243349999999992, "review_time_pending_update_days_avg": 69.231753649635039, "review_time_pending_update_days_median": 37.762500000000003, "submitted": 8212}