{"abandoned": 747, "merged": 6964, "review_time_days_avg": 18.44036971256972, "review_time_days_median": 2.4951, "review_time_pending_days_avg": 102.5848919708029, "review_time_pending_days_median": 70.783649999999994, "submitted": 8040}