{"abandoned": 747, "merged": 6485, "review_time_days_avg": 14.875415428368312, "review_time_days_median": 1.0188, "review_time_pending_days_avg": 112.54413122676578, "review_time_pending_days_median": 78.967799999999997, "review_time_pending_update_days_avg": 70.769359107806707, "review_time_pending_update_days_median": 38.999699999999997, "submitted": 7554}