{"abandoned": 749, "merged": 6530, "review_time_days_avg": 14.884452120574856, "review_time_days_median": 1.0196, "review_time_pending_days_avg": 115.21023612167315, "review_time_pending_days_median": 81.964100000000002, "review_time_pending_update_days_avg": 73.160443726235783, "review_time_pending_update_days_median": 41.705300000000001, "submitted": 7595}