{"abandoned": 750, "merged": 7025, "review_time_days_avg": 14.75570051072523, "review_time_days_median": 1.0953, "review_time_pending_days_avg": 104.52210604982197, "review_time_pending_days_median": 69.595600000000005, "submitted": 8111}