{"abandoned": 747, "merged": 6924, "review_time_days_avg": 18.52189934952299, "review_time_days_median": 2.5442, "review_time_pending_days_avg": 104.82646943396226, "review_time_pending_days_median": 72.440299999999993, "submitted": 7991}