{"abandoned": 748, "merged": 6985, "review_time_days_avg": 14.854845626721769, "review_time_days_median": 1.10005, "review_time_pending_days_avg": 101.18750383275268, "review_time_pending_days_median": 64.966899999999995, "submitted": 8075}