{"abandoned": 752, "merged": 7048, "review_time_days_avg": 14.685277987846058, "review_time_days_median": 1.0948, "review_time_pending_days_avg": 106.96555815602828, "review_time_pending_days_median": 71.900100000000009, "review_time_pending_update_days_avg": 66.870454964539064, "review_time_pending_update_days_median": 33.323149999999998, "submitted": 8137}