{"abandoned": 747, "merged": 6975, "review_time_days_avg": 14.865434162348883, "review_time_days_median": 1.1083, "review_time_pending_days_avg": 103.565629749104, "review_time_pending_days_median": 68.005200000000002, "submitted": 8056}