{"abandoned": 747, "merged": 6972, "review_time_days_avg": 14.873602834427937, "review_time_days_median": 1.1013, "review_time_pending_days_avg": 103.38807913669068, "review_time_pending_days_median": 67.411450000000002, "submitted": 8052}