{"abandoned": 746, "merged": 6920, "review_time_days_avg": 18.52189934952299, "review_time_days_median": 2.5442, "review_time_pending_days_avg": 102.66372814814818, "review_time_pending_days_median": 70.797300000000007, "submitted": 7991}