{"abandoned": 747, "merged": 6968, "review_time_days_avg": 14.891257499134054, "review_time_days_median": 1.0988, "review_time_pending_days_avg": 103.94033115942021, "review_time_pending_days_median": 69.555700000000002, "submitted": 8046}