{"abandoned": 749, "merged": 7001, "review_time_days_avg": 14.812359774049984, "review_time_days_median": 1.0943, "review_time_pending_days_avg": 101.14315986159173, "review_time_pending_days_median": 63.3337, "submitted": 8094}