{"abandoned": 752, "merged": 7069, "review_time_days_avg": 14.628306773977206, "review_time_days_median": 1.10005, "review_time_pending_days_avg": 111.9044837638375, "review_time_pending_days_median": 81.987399999999994, "review_time_pending_update_days_avg": 69.841170479704743, "review_time_pending_update_days_median": 40.574300000000001, "submitted": 8147}