{"data":{"years":[2004,2005,2006,2007,2008,2009,2010,2011,2012,2013,2014],"X0.99":[3513782.1,3666493.46,3072873.83999999,2754282.29,2390726.72,2157899.84,1737104.6,1157757.96,795532.04,370602.909999999,37299.28],"X0.95":[2161470.2,2062569.6,1677793.2,1539888.3,1411107.2,1599279.8,1330698,829462.1,514131.1,227699.2,28175.95],"X0.5":[38775,8581,2350.5,3392.5,7183,10284,12110,8271.5,19108,10797,2750],"X0.25":[453.5,238,131.25,179,401,507,556,479.75,1388,1155,285.75]},"labels":[0.99,0.95,0.5,0.25]}