{"data":{"years":[2004,2005,2006,2007,2008,2009,2010,2011,2012,2013],"X0.99":[3509558.4,3379869.93,2904742.1,2766509.6,2312285.14,2101031.95,1541949.45,1069504.7,584152.740000001,217186.15],"X0.95":[2188898.6,2043941.1,1739941.1,1749407.3,1389521.7,1503011.9,1276224.75,755179.799999999,381391.699999999,113085],"X0.5":[45542,10142.5,1555.5,2953,5032,7721.5,13700,7395.5,17129,6885.5],"X0.25":[716,253.5,115.75,146,280.5,416.25,527,412.5,1342,684.75]},"labels":[0.99,0.95,0.5,0.25]}