{"data":{"years":[2004,2005,2006,2007,2008,2009,2010,2011,2012,2013,2014],"X0.99":[3548567.49,3689488.71999999,3186874.28,2764512.5,2460028.68,2227754.09,1791496.06,1290722,871082.250000003,410881.649999999,72816.25],"X0.95":[2166336.1,2063133,1727018.1,1557683.25,1452588.8,1628415.5,1363467.5,882110.7,543447.5,267300.75,46561.4999999999],"X0.5":[38901.5,8593,2383,3418,7419,10553,12313.5,8565,19569,12645,3177.5],"X0.25":[454.75,239,132,179,401,508.75,561.25,489.25,1427.75,1274,364.25]},"labels":[0.99,0.95,0.5,0.25]}