{"data":{"years":[2004,2005,2006,2007,2008,2009,2010,2011,2012,2013],"X0.99":[3535812.67,3451017.21000001,2944851.94,2766287.7,2392995.4,2118921.76,1640681.65,1093205.74,636537.82,286704.559999999],"X0.95":[2199873.9,2062646.35,1768110.45,1749286.35,1424647,1577619,1326850.35,803923.3,445073.4,160955.9],"X0.5":[45704,10242,1564.5,2947,5153,7962,15439,7620,18492,8689.5],"X0.25":[719,254.75,116,145,282,420.5,550.75,422.5,1397,981.5]},"labels":[0.99,0.95,0.5,0.25]}