{"data":{"years":[2004,2005,2006,2007,2008,2009,2010,2011,2012,2013],"X0.99":[3513782.1,3579932.61999997,2964443.26,2723205.4,2352168.35999999,2105979.53,1626794.38,1091238.84,657191,293827.459999999],"X0.95":[2161470.2,2052388.6,1657296.25,1489008,1389521.7,1529798.05,1286684.1,773401.600000001,456315.9,168187.7],"X0.5":[38775,8573,2320,3371,7154,9983,11301,7605,17474,8387],"X0.25":[453.5,236.5,131,179,399,498,539.5,470.5,1327,787]},"labels":[0.99,0.95,0.5,0.25]}