{"data":{"years":[2004,2005,2006,2007,2008,2009,2010,2011,2012,2013],"X0.99":[3509558.4,3379869.93,2936429.8,2766509.6,2361016.78,2116403.68,1560910.02,1079509.61,596204.499999999,237587.110000001],"X0.95":[2188898.6,2043941.1,1745663.8,1749407.3,1410122,1532548.8,1290618.8,782078.15,394706.4,122202.9],"X0.5":[45542,10142.5,1559,2953,5120,7791,14214,7530.5,17352,7361],"X0.25":[716,253.5,116,146,281.5,418,531,417.5,1349,785.5]},"labels":[0.99,0.95,0.5,0.25]}