{"ASSIGNED":{"old_value":["0","0","ASSIGNED","ASSIGNED","0","ASSIGNED","ASSIGNED","0"],"new_value":["ASSIGNED","CLOSED","NEW","PATCH_TO_REVIEW","REOPENED","RESOLVED","UNCONFIRMED","VERIFIED"],"issue":[0,0,868,965,0,5654,32,0],"f":[0,0,0.115440883096156,0.128341534778561,0,0.75196169703418,0.00425588509110254,0]},"CLOSED":{"old_value":["0","0","0","0","CLOSED","CLOSED","0","0"],"new_value":["ASSIGNED","CLOSED","NEW","PATCH_TO_REVIEW","REOPENED","RESOLVED","UNCONFIRMED","VERIFIED"],"issue":[0,0,0,0,68,15,0,0],"f":[0,0,0,0,0.819277108433735,0.180722891566265,0,0]},"NEW":{"old_value":["NEW","0","0","NEW","0","NEW","NEW","0"],"new_value":["ASSIGNED","CLOSED","NEW","PATCH_TO_REVIEW","REOPENED","RESOLVED","UNCONFIRMED","VERIFIED"],"issue":[7267,0,0,2580,0,38947,534,0],"f":[0.147319980538437,0,0,0.0523029516704509,0,0.789551573143042,0.0108254946480701,0]},"PATCH_TO_REVIEW":{"old_value":["PATCH_TO_REVIEW","0","PATCH_TO_REVIEW","0","0","PATCH_TO_REVIEW","PATCH_TO_REVIEW","0"],"new_value":["ASSIGNED","CLOSED","NEW","PATCH_TO_REVIEW","REOPENED","RESOLVED","UNCONFIRMED","VERIFIED"],"issue":[135,0,302,0,0,3016,1,0],"f":[0.0390851187029531,0,0.0874348581354951,0,0,0.873190503763752,0.000289519397799653,0]},"REOPENED":{"old_value":["REOPENED","REOPENED","REOPENED","REOPENED","0","REOPENED","REOPENED","0"],"new_value":["ASSIGNED","CLOSED","NEW","PATCH_TO_REVIEW","REOPENED","RESOLVED","UNCONFIRMED","VERIFIED"],"issue":[355,1,303,144,0,5754,20,0],"f":[0.0539759768891592,0.000152045005321575,0.0460696366124373,0.0218944807663068,0,0.874866960620344,0.0030409001064315,0]},"RESOLVED":{"old_value":["RESOLVED","RESOLVED","0","RESOLVED","RESOLVED","0","0","RESOLVED"],"new_value":["ASSIGNED","CLOSED","NEW","PATCH_TO_REVIEW","REOPENED","RESOLVED","UNCONFIRMED","VERIFIED"],"issue":[15,634,0,276,7432,0,0,2012],"f":[0.00144661973189314,0.0611437940013502,0,0.0266178030668338,0.716751856495323,0,0,0.1940399267046]},"UNCONFIRMED":{"old_value":["UNCONFIRMED","0","UNCONFIRMED","UNCONFIRMED","0","UNCONFIRMED","0","0"],"new_value":["ASSIGNED","CLOSED","NEW","PATCH_TO_REVIEW","REOPENED","RESOLVED","UNCONFIRMED","VERIFIED"],"issue":[340,0,1016,152,0,1487,0,0],"f":[0.113522537562604,0,0.339232053422371,0.0507512520868114,0,0.496494156928214,0,0]},"VERIFIED":{"old_value":["0","VERIFIED","0","0","VERIFIED","VERIFIED","0","0"],"new_value":["ASSIGNED","CLOSED","NEW","PATCH_TO_REVIEW","REOPENED","RESOLVED","UNCONFIRMED","VERIFIED"],"issue":[0,65,0,0,73,32,0,0],"f":[0,0.382352941176471,0,0,0.429411764705882,0.188235294117647,0,0]}}