{"data":{"years":[2004,2005,2006,2007,2008,2009,2010,2011,2012,2013,2014],"X0.99":[3513782.1,3650720.75,3007326,2742399.68,2383928.44,2139483.36,1671842.08,1142452.48,763977.530000001,353869.7,1535.96],"X0.95":[2161470.2,2061506.5,1675614.2,1519162.19999999,1404217.5,1594188.8,1306982.7,820042.3,497989,209624.5,1488.95],"X0.5":[38775,8581,2348,3377,7179,10174,11726,8100,18782,9863,593.5],"X0.25":[453.5,237.5,131,179,400.5,506,548.75,478,1378,1043.5,83.5]},"labels":[0.99,0.95,0.5,0.25]}