{"data":{"years":[2004,2005,2006,2007,2008,2009,2010,2011,2012,2013,2014],"X0.99":[3513782.1,3666493.46,3072873.83999999,2754282.29,2390726.72,2157899.84,1707051.86,1150514.6,793686.16,366954.850000001,36252.24],"X0.95":[2161470.2,2062569.6,1677793.2,1539888.3,1411107.2,1599279.8,1325670.5,828761.5,509216.95,224310,25032.2],"X0.5":[38775,8581,2350.5,3392.5,7183,10284,12019,8263,19071.5,10516,2619],"X0.25":[453.5,238,131.25,179,401,507,554.5,479.25,1387,1140,226]},"labels":[0.99,0.95,0.5,0.25]}