{"data":{"years":[2004,2005,2006,2007,2008,2009,2010,2011,2012,2013,2014],"X0.99":[3548567.49,3666493.46,3072873.83999999,2757945.28,2390726.72,2157899.84,1737104.6,1157757.96,795532.04,374315.63,37464.52],"X0.95":[2166336.1,2062569.6,1677793.2,1556514,1411107.2,1599279.8,1330698,829462.1,514131.1,228501.349999999,29969],"X0.5":[38901.5,8581,2350.5,3408,7183,10284,12110,8271.5,19108,10871,2822],"X0.25":[454.75,238,131.25,179,401,507,556,479.75,1388,1157,319]},"labels":[0.99,0.95,0.5,0.25]}