{"data":{"years":[2004,2005,2006,2007,2008,2009,2010,2011,2012,2013],"X0.99":[3510370.65,3369379.96,2803457.57,2569393.78000001,2147103.96,1814643.55,1378079.34,876640.249999999,434364.4,175811.6],"X0.95":[2150891,1994899.7,1708030.45,1492405.6,1294446,1263745.75,1041554.5,567766.5,239233,111028],"X0.5":[45153,10000.5,1484,2893,4651,6578,10354,5211.5,8716,2715],"X0.25":[709,252.5,114,144,275,379,468.5,317.75,719,169]},"labels":[0.99,0.95,0.5,0.25]}