{"data":{"years":[2004,2005,2006,2007,2008,2009,2010,2011,2012,2013,2014],"X0.99":[3513782.1,3666493.46,3072873.83999999,2754282.29,2390726.72,2157899.84,1715970.5,1150514.6,795528.2,367954.019999999,36734.8],"X0.95":[2161470.2,2062569.6,1677793.2,1539888.3,1411107.2,1599279.8,1326617.25,828761.5,512203,225554.799999999,27491.7],"X0.5":[38775,8581,2350.5,3392.5,7183,10284,12035.5,8263,19083,10610,2633],"X0.25":[453.5,238,131.25,179,401,507,555.25,479.25,1387.75,1142.25,251]},"labels":[0.99,0.95,0.5,0.25]}