{"ASSIGNED":{"old_value":["0","0","ASSIGNED","ASSIGNED","0","ASSIGNED","ASSIGNED","0"],"new_value":["ASSIGNED","CLOSED","NEW","PATCH_TO_REVIEW","REOPENED","RESOLVED","UNCONFIRMED","VERIFIED"],"issue":[0,0,870,970,0,5660,32,0],"f":[0,0,0.115507169410515,0.128783855549655,0,0.751460435475305,0.00424853956452469,0]},"CLOSED":{"old_value":["0","0","0","0","CLOSED","CLOSED","0","0"],"new_value":["ASSIGNED","CLOSED","NEW","PATCH_TO_REVIEW","REOPENED","RESOLVED","UNCONFIRMED","VERIFIED"],"issue":[0,0,0,0,68,15,0,0],"f":[0,0,0,0,0.819277108433735,0.180722891566265,0,0]},"NEW":{"old_value":["NEW","0","0","NEW","0","NEW","NEW","0"],"new_value":["ASSIGNED","CLOSED","NEW","PATCH_TO_REVIEW","REOPENED","RESOLVED","UNCONFIRMED","VERIFIED"],"issue":[7283,0,0,2593,0,38971,537,0],"f":[0.147476915600194,0,0,0.0525068848209947,0,0.78914223230196,0.0108739672768508,0]},"PATCH_TO_REVIEW":{"old_value":["PATCH_TO_REVIEW","0","PATCH_TO_REVIEW","0","0","PATCH_TO_REVIEW","PATCH_TO_REVIEW","0"],"new_value":["ASSIGNED","CLOSED","NEW","PATCH_TO_REVIEW","REOPENED","RESOLVED","UNCONFIRMED","VERIFIED"],"issue":[136,0,302,0,0,3043,1,0],"f":[0.0390580126364159,0,0.086731763354394,0,0,0.873923032739805,0.000287191269385411,0]},"REOPENED":{"old_value":["REOPENED","REOPENED","REOPENED","REOPENED","0","REOPENED","REOPENED","0"],"new_value":["ASSIGNED","CLOSED","NEW","PATCH_TO_REVIEW","REOPENED","RESOLVED","UNCONFIRMED","VERIFIED"],"issue":[355,1,303,144,0,5755,20,0],"f":[0.0539677713590757,0.000152021891152326,0.0460626330191548,0.0218911523259349,0,0.874885983581636,0.00304043782304652,0]},"RESOLVED":{"old_value":["RESOLVED","RESOLVED","0","RESOLVED","RESOLVED","0","0","RESOLVED"],"new_value":["ASSIGNED","CLOSED","NEW","PATCH_TO_REVIEW","REOPENED","RESOLVED","UNCONFIRMED","VERIFIED"],"issue":[15,634,0,278,7435,0,0,2012],"f":[0.00144592249855408,0.061114324272219,0,0.0267977636398689,0.716695585116638,0,0,0.19394640447272]},"UNCONFIRMED":{"old_value":["UNCONFIRMED","0","UNCONFIRMED","UNCONFIRMED","0","UNCONFIRMED","0","0"],"new_value":["ASSIGNED","CLOSED","NEW","PATCH_TO_REVIEW","REOPENED","RESOLVED","UNCONFIRMED","VERIFIED"],"issue":[341,0,1020,153,0,1490,0,0],"f":[0.113515312916112,0,0.339547270306258,0.0509320905459387,0,0.496005326231691,0,0]},"VERIFIED":{"old_value":["0","VERIFIED","0","0","VERIFIED","VERIFIED","0","0"],"new_value":["ASSIGNED","CLOSED","NEW","PATCH_TO_REVIEW","REOPENED","RESOLVED","UNCONFIRMED","VERIFIED"],"issue":[0,65,0,0,73,32,0,0],"f":[0,0.382352941176471,0,0,0.429411764705882,0.188235294117647,0,0]}}