{"data":{"years":[2004,2005,2006,2007,2008,2009,2010,2011,2012,2013,2014],"X0.99":[3513782.1,3666493.46,3072873.83999999,2742399.68,2388573.2,2157059.55,1698033.02,1149723.93,789869.95,361101.48,22559.8],"X0.95":[2161470.2,2062569.6,1677793.2,1519162.19999999,1406449.45,1598892,1325082.15,827083.35,506716.25,220403.5,18800.3],"X0.5":[38775,8581,2350.5,3377,7181,10283.5,11991.5,8255.5,19030,10325,1722],"X0.25":[453.5,238,131.25,179,400.75,506.75,553.75,479,1384.75,1124,262.5]},"labels":[0.99,0.95,0.5,0.25]}