{"data":{"years":[2004,2005,2006,2007,2008,2009,2010,2011,2012,2013],"X0.99":[3509558.4,3379869.93,2904742.1,2712879.4,2283046.12,2069428.48,1526284.46,1060623.64,558052.800000002,213408],"X0.95":[2188898.6,2043941.1,1739941.1,1679428,1375946.35,1490741.85,1261625.9,739614.199999999,367297.2,113881.5],"X0.5":[45542,10142.5,1555.5,2933,4993.5,7618.5,13414,6870,15618,7551],"X0.25":[716,253.5,115.75,145,279.25,413.25,524,392,1190,680.5]},"labels":[0.99,0.95,0.5,0.25]}