{"data":{"years":[2004,2005,2006,2007,2008,2009,2010,2011,2012,2013,2014],"X0.99":[3548567.49,3689488.71999999,3186874.28,2764512.5,2447482.4,2225284.64,1780015,1277801.25,855473,406472.24,62129.1799999999],"X0.95":[2166336.1,2063133,1727018.1,1557683.25,1442398,1626679,1355291,873899.25,535828.199999998,260952.2,39326.8],"X0.5":[38901.5,8593,2383,3418,7395.5,10508,12195,8556,19463.5,12105.5,2994],"X0.25":[454.75,239,132,179,401,507.75,559,487.5,1413.5,1255,348.5]},"labels":[0.99,0.95,0.5,0.25]}