{"data":{"years":[2004,2005,2006,2007,2008,2009,2010,2011,2012,2013],"X0.99":[3509558.4,3379869.93,2936429.8,2766509.6,2373593.41,2116403.68,1562946.98,1079466.55,596204.499999999,243480.6],"X0.95":[2188898.6,2043941.1,1745663.8,1749407.3,1413849,1532548.8,1291175.55,785973.149999999,394706.4,124616.8],"X0.5":[45542,10142.5,1559,2953,5129.5,7791,14230,7571.5,17352,7392],"X0.25":[716,253.5,116,146,281.75,418,532.5,418.75,1349,787]},"labels":[0.99,0.95,0.5,0.25]}