{"data":{"years":[2004,2005,2006,2007,2008,2009,2010,2011,2012,2013],"X0.99":[3513782.1,3650720.75,3007326,2742399.68,2383928.44,2125586.11,1658514.45,1139292.48,756180.679999999,351772.35],"X0.95":[2161470.2,2061506.5,1675614.2,1519162.19999999,1404217.5,1580095.9,1306237.9,806558.499999999,497721,209033.5],"X0.5":[38775,8581,2348,3377,7179,10156.5,11609.5,7976.5,18711,9760],"X0.25":[453.5,237.5,131,179,400.5,505.25,547.75,477,1378,1024.75]},"labels":[0.99,0.95,0.5,0.25]}