{"data":{"years":[2004,2005,2006,2007,2008,2009,2010,2011,2012,2013],"X0.99":[3509558.4,3379869.93,2904742.1,2724542.62,2288628.7,2077591.72,1528899.24,1060568.52,574565.999999999,215400.59],"X0.95":[2188898.6,2043941.1,1739941.1,1716883.64999999,1376959.1,1491784,1266564.2,746967.8,374561,117340.5],"X0.5":[45542,10142.5,1555.5,2934,5000,7630,13518,6900,15800,7537.5],"X0.25":[716,253.5,115.75,145,279.5,414,527,395,1205,677.5]},"labels":[0.99,0.95,0.5,0.25]}