{"data":{"years":[2004,2005,2006,2007,2008,2009,2010,2011,2012,2013],"X0.99":[3509558.4,3379869.93,2944851.94,2766287.7,2373593.41,2116403.64,1611821.4,1084565.18,611088.120000001,264600.84],"X0.95":[2188898.6,2043941.1,1768110.45,1749286.35,1413849,1538834.4,1308204.5,791008.4,408862.599999999,136736.8],"X0.5":[45542,10142.5,1564.5,2947,5129.5,7905,14541,7603,17494,7993],"X0.25":[716,253.5,116,145,281.75,419,547,421.5,1371,836]},"labels":[0.99,0.95,0.5,0.25]}