{"data":{"years":[2004,2005,2006,2007,2008,2009,2010,2011,2012,2013,2014],"X0.99":[3548567.49,3689488.71999999,3186874.28,2764512.5,2447482.4,2226259.64,1783345.56,1281550.12,857227.08,409314.63,64212],"X0.95":[2166336.1,2063133,1727018.1,1557683.25,1442398,1626815,1359179.45,877996.499999999,540669,261942.95,39935.5],"X0.5":[38901.5,8593,2383,3418,7395.5,10544,12231.5,8556,19504.5,12201.5,2996],"X0.25":[454.75,239,132,179,401,508,559.75,488,1422.5,1256.5,348.5]},"labels":[0.99,0.95,0.5,0.25]}