{"data":{"years":[2004,2005,2006,2007,2008,2009,2010,2011,2012,2013,2014],"X0.99":[3548567.49,3669370.75,3127111.4,2764512.5,2394866.6,2180807.35,1744103.96,1174306.03,810521.199999995,378514.18,43038.1499999999],"X0.95":[2166336.1,2062788,1686128,1557683.25,1414616,1612972.2,1332870.65,830947.25,517159,233437.05,30809.05],"X0.5":[38901.5,8587,2372,3418,7206,10341,12112,8271.5,19197,11166,2830],"X0.25":[454.75,238.5,132,179,401,507,556.5,480.5,1393.5,1177.5,355.25]},"labels":[0.99,0.95,0.5,0.25]}