{"data":{"years":[2004,2005,2006,2007,2008,2009,2010,2011,2012,2013],"X0.99":[3513782.1,3650720.75,3007326,2742399.68,2383928.44,2128146.5,1666577.56,1142007.67,763995.799999999,353436.55],"X0.95":[2161470.2,2061506.5,1675614.2,1519162.19999999,1404217.5,1585541,1306683.6,813694.999999999,497951,209150.5],"X0.5":[38775,8581,2348,3377,7179,10160,11662,8060.5,18755,9788],"X0.25":[453.5,237.5,131,179,400.5,505.5,548.5,477.75,1378,1025.25]},"labels":[0.99,0.95,0.5,0.25]}