{"data":{"years":[2004,2005,2006,2007,2008,2009,2010,2011,2012,2013,2014],"X0.99":[3548567.49,3669370.75,3170641.02,2764512.5,2447482.4,2219759.84,1774401.92,1207691.89,825222.22,398599.599999999,53037.73],"X0.95":[2166336.1,2062788,1723258.29999999,1557683.25,1442398,1625774.95,1347081.4,839280.6,522318,251255.5,36438.75],"X0.5":[38901.5,8587,2378,3418,7395.5,10428,12126,8394,19216,11638,2688.5],"X0.25":[454.75,238.5,132,179,401,507.25,558,483.25,1399,1221.5,322]},"labels":[0.99,0.95,0.5,0.25]}