{"data":{"years":[2004,2005,2006,2007,2008,2009,2010,2011,2012,2013,2014],"X0.99":[3548567.49,3669370.75,3170641.02,2764512.5,2447482.4,2217379.92,1774401.92,1198783.1,824509.36,395122.059999999,53087.44],"X0.95":[2166336.1,2062788,1723258.29999999,1557683.25,1442398,1624238.8,1347081.4,838522,521956.8,250128.599999999,36148.7],"X0.5":[38901.5,8587,2378,3418,7395.5,10384,12126,8349,19215,11586,2709],"X0.25":[454.75,238.5,132,179,401,507,558,483,1398,1219.25,321]},"labels":[0.99,0.95,0.5,0.25]}