{"data":{"years":[2004,2005,2006,2007,2008,2009,2010,2011,2012,2013],"X0.99":[3513782.1,3617119.88,2964443.26,2734953.92,2379649,2116042.73,1635057.51,1104678.09,720858.479999996,331881.799999999],"X0.95":[2161470.2,2058528.6,1657296.25,1499078.8,1400094.25,1538871.6,1296531.4,791250.05,478381.9,188812],"X0.5":[38775,8581,2320,3374,7171,10023.5,11392.5,7721.5,18327,8875],"X0.25":[453.5,237,131,179,400.25,498.5,544.75,475,1349,914]},"labels":[0.99,0.95,0.5,0.25]}