{"data":{"years":[2004,2005,2006,2007,2008,2009,2010,2011,2012,2013,2014],"X0.99":[3577153.8,3667909.39,3339588.05,2841344.56000001,2561893.28,2303321.44,1852922.56,1313973.46,926540.32,432139.21,82083.82],"X0.95":[2140300,2072686.7,1936383.5,1793865.2,1527585.2,1614508.9,1454400.2,893519.899999999,590726.5,293993.6,53442.9],"X0.5":[42439,9344,1464.5,2652,4288,7776,18875,10115,21769,15548,4315],"X0.25":[588,239.25,107,126.5,262,390,553,507,1603,1492.75,456]},"labels":[0.99,0.95,0.5,0.25]}