{"data":{"years":[2004,2005,2006,2007,2008,2009,2010,2011,2012,2013],"X0.99":[3513782.1,3650720.75,3007326,2742399.68,2383928.44,2125586.11,1661949,1142007.9,763094.49,352927.340000001],"X0.95":[2161470.2,2061506.5,1675614.2,1519162.19999999,1404217.5,1580095.9,1306312,810698.5,497889.25,209244.2],"X0.5":[38775,8581,2348,3377,7179,10156.5,11645,8059,18755,9777],"X0.25":[453.5,237.5,131,179,400.5,505.25,548,477.5,1378,1026]},"labels":[0.99,0.95,0.5,0.25]}