{"data":{"years":[2004,2005,2006,2007,2008,2009,2010,2011,2012,2013,2014],"X0.99":[3577153.8,3667909.39,3339588.05,2841344.56000001,2561893.28,2303321.44,1852922.56,1318989.29,926740.21,432115.24,84668.3],"X0.95":[2140300,2072686.7,1936383.5,1793865.2,1527585.2,1614508.9,1454400.2,895578.25,590998.35,294081.2,54346.9999999999],"X0.5":[42439,9344,1464.5,2652,4288,7776,18875,10115.5,21770,15698,4317],"X0.25":[588,239.25,107,126.5,262,390,553,507,1604.5,1496,463]},"labels":[0.99,0.95,0.5,0.25]}