{"data":{"years":[2004,2005,2006,2007,2008,2009,2010,2011,2012,2013,2014],"X0.99":[3513782.1,3666493.46,3072873.83999999,2742399.68,2388573.2,2155174.86,1691515.5,1149671.21,789873.28,359968,22536.6],"X0.95":[2161470.2,2062569.6,1677793.2,1519162.19999999,1406449.45,1598347.4,1317860.5,824129.3,506172,217760,15554.15],"X0.5":[38775,8581,2350.5,3377,7181,10283,11902,8241.5,19012,10239,1538],"X0.25":[453.5,238,131.25,179,400.75,506.5,551.5,479,1384,1111.5,240]},"labels":[0.99,0.95,0.5,0.25]}