{"data":{"years":[2004,2005,2006,2007,2008,2009,2010,2011,2012,2013,2014],"X0.99":[3513782.1,3666493.46,3072873.83999999,2754282.29,2390726.72,2157899.84,1715948.6,1150514.6,795528.12,368567.359999999,36720.4],"X0.95":[2161470.2,2062569.6,1677793.2,1539888.3,1411107.2,1599279.8,1327316.2,828761.5,513625.3,226170.3,27400.35],"X0.5":[38775,8581,2350.5,3392.5,7183,10284,12052,8263,19088.5,10645.5,2626],"X0.25":[453.5,238,131.25,179,401,507,556,479.25,1388,1144.25,226.5]},"labels":[0.99,0.95,0.5,0.25]}