{"data":{"years":[2004,2005,2006,2007,2008,2009,2010,2011,2012,2013],"X0.99":[3535812.67,3451017.21000001,2944851.94,2766287.7,2392995.4,2118921.76,1640797.8,1093196.78,635349.94,283682.359999998],"X0.95":[2199873.9,2062646.35,1768110.45,1749286.35,1424647,1577619,1325993,801571.35,443718.5,159578.7],"X0.5":[45704,10242,1564.5,2947,5153,7962,15390,7616.5,18471,8650.5],"X0.25":[719,254.75,116,145,282,420.5,550,422.25,1395.5,974.25]},"labels":[0.99,0.95,0.5,0.25]}