{"data":{"years":[2004,2005,2006,2007,2008,2009,2010,2011,2012,2013,2014],"X0.99":[3577153.8,3667909.39,3339588.05,2841344.56000001,2561893.28,2303321.44,1852922.56,1306160.44,926545.08,432013.9,80531.25],"X0.95":[2140300,2072686.7,1936383.5,1793865.2,1527585.2,1614508.9,1454400.2,888281.2,589291.699999999,293938.5,52612.25],"X0.5":[42439,9344,1464.5,2652,4288,7776,18875,10078,21751.5,15535.5,4273],"X0.25":[588,239.25,107,126.5,262,390,553,507,1601.5,1491.75,449]},"labels":[0.99,0.95,0.5,0.25]}