{"data":{"years":[2004,2005,2006,2007,2008,2009,2010,2011,2012,2013,2014],"X0.99":[3577153.8,3667909.39,3339588.05,2841344.56000001,2561893.28,2303101.8,1852922.56,1306160.44,926545.08,432015.38,78672.92],"X0.95":[2140300,2072686.7,1936383.5,1793865.2,1527585.2,1609687.8,1454400.2,888281.2,589291.699999999,293723.8,51306.1999999999],"X0.5":[42439,9344,1464.5,2652,4288,7756,18875,10078,21751.5,15531.5,4214],"X0.25":[588,239.25,107,126.5,262,389.5,553,507,1601.5,1491.25,434]},"labels":[0.99,0.95,0.5,0.25]}