{"ASSIGNED":{"old_value":["0","0","ASSIGNED","ASSIGNED","0","ASSIGNED","ASSIGNED","0"],"new_value":["ASSIGNED","CLOSED","NEW","PATCH_TO_REVIEW","REOPENED","RESOLVED","UNCONFIRMED","VERIFIED"],"issue":[0,0,870,980,0,5663,32,0],"f":[0,0,0.115308151093439,0.129887342611001,0,0.750563286944997,0.00424121935056329,0]},"CLOSED":{"old_value":["0","0","0","0","CLOSED","CLOSED","0","0"],"new_value":["ASSIGNED","CLOSED","NEW","PATCH_TO_REVIEW","REOPENED","RESOLVED","UNCONFIRMED","VERIFIED"],"issue":[0,0,0,0,68,15,0,0],"f":[0,0,0,0,0.819277108433735,0.180722891566265,0,0]},"NEW":{"old_value":["NEW","0","0","NEW","0","NEW","NEW","0"],"new_value":["ASSIGNED","CLOSED","NEW","PATCH_TO_REVIEW","REOPENED","RESOLVED","UNCONFIRMED","VERIFIED"],"issue":[7292,0,0,2601,0,38995,539,0],"f":[0.147530701843122,0,0,0.0526230602707022,0,0.78894126691889,0.0109049709672851,0]},"PATCH_TO_REVIEW":{"old_value":["PATCH_TO_REVIEW","0","PATCH_TO_REVIEW","0","0","PATCH_TO_REVIEW","PATCH_TO_REVIEW","0"],"new_value":["ASSIGNED","CLOSED","NEW","PATCH_TO_REVIEW","REOPENED","RESOLVED","UNCONFIRMED","VERIFIED"],"issue":[136,0,304,0,0,3061,1,0],"f":[0.0388349514563107,0,0.0868075385494003,0,0,0.87407195888064,0.000285551113649343,0]},"REOPENED":{"old_value":["REOPENED","REOPENED","REOPENED","REOPENED","0","REOPENED","REOPENED","0"],"new_value":["ASSIGNED","CLOSED","NEW","PATCH_TO_REVIEW","REOPENED","RESOLVED","UNCONFIRMED","VERIFIED"],"issue":[356,1,303,146,0,5759,20,0],"f":[0.0540622627182992,0.000151860288534548,0.0460136674259681,0.022171602126044,0,0.874563401670463,0.00303720577069096,0]},"RESOLVED":{"old_value":["RESOLVED","RESOLVED","0","RESOLVED","RESOLVED","0","0","RESOLVED"],"new_value":["ASSIGNED","CLOSED","NEW","PATCH_TO_REVIEW","REOPENED","RESOLVED","UNCONFIRMED","VERIFIED"],"issue":[15,634,0,278,7440,0,0,2012],"f":[0.00144522593698815,0.0610848829366991,0,0.0267848540321804,0.716832064746122,0,0,0.19385297234801]},"UNCONFIRMED":{"old_value":["UNCONFIRMED","0","UNCONFIRMED","UNCONFIRMED","0","UNCONFIRMED","0","0"],"new_value":["ASSIGNED","CLOSED","NEW","PATCH_TO_REVIEW","REOPENED","RESOLVED","UNCONFIRMED","VERIFIED"],"issue":[341,0,1021,153,0,1495,0,0],"f":[0.11328903654485,0,0.339202657807309,0.0508305647840532,0,0.496677740863787,0,0]},"VERIFIED":{"old_value":["0","VERIFIED","0","0","VERIFIED","VERIFIED","0","0"],"new_value":["ASSIGNED","CLOSED","NEW","PATCH_TO_REVIEW","REOPENED","RESOLVED","UNCONFIRMED","VERIFIED"],"issue":[0,65,0,0,73,32,0,0],"f":[0,0.382352941176471,0,0,0.429411764705882,0.188235294117647,0,0]}}