{"data":{"years":[2004,2005,2006,2007,2008,2009,2010,2011,2012,2013],"X0.99":[3513782.1,3617119.88,2964443.26,2723205.4,2368717.6,2108703.68,1632886.56,1104420.6,711342.72,305817.700000001],"X0.95":[2161470.2,2058528.6,1657296.25,1489008,1395735.2,1532647.8,1291014.8,790604.599999999,472432.6,175783.7],"X0.5":[38775,8581,2320,3371,7163,9985,11328,7700,18019,8710],"X0.25":[453.5,237,131,179,400,498,541,475,1346.5,853.5]},"labels":[0.99,0.95,0.5,0.25]}