{"data":{"years":[2004,2005,2006,2007,2008,2009,2010,2011,2012,2013],"X0.99":[3513782.1,3650720.75,2969617.45,2734953.92,2383928.44,2125621.72,1653029.33,1137041.22,747031.689999999,350876.2],"X0.95":[2161470.2,2061506.5,1669216.75,1499078.8,1404217.5,1578620.2,1303212.95,804520.2,493894.85,206857.499999999],"X0.5":[38775,8581,2341,3374,7179,10153,11573.5,7975,18646,9675.5],"X0.25":[453.5,237.5,131,179,400.5,505,547.25,477,1376,1016.25]},"labels":[0.99,0.95,0.5,0.25]}