{"data":{"years":[2004,2005,2006,2007,2008,2009,2010,2011,2012,2013],"X0.99":[3509558.4,3397423.44,2944851.94,2766287.7,2373593.41,2116403.64,1624218.02,1090118.01,611008.939999999,266881.439999999],"X0.95":[2188898.6,2049777.4,1768110.45,1749286.35,1413849,1538834.4,1314729.1,795315.899999999,410261.2,139819.85],"X0.5":[45542,10146,1564.5,2947,5129.5,7905,14827,7608.5,17550,8040],"X0.25":[716,254,116,145,281.75,419,548.25,422,1372,836]},"labels":[0.99,0.95,0.5,0.25]}