{"data":{"years":[2004,2005,2006,2007,2008,2009,2010,2011,2012,2013],"X0.99":[3535812.67,3451017.21000001,2944851.94,2766287.7,2391135.22,2116407.24,1634042.85,1093196.78,625205.78,278813.53],"X0.95":[2199873.9,2062646.35,1768110.45,1749286.35,1418086.95,1540935.59999999,1321560.5,801571.35,423190,154644.2],"X0.5":[45704,10242,1564.5,2947,5146,7910.5,15269.5,7616.5,17827,8518.5],"X0.25":[719,254.75,116,145,282,419.5,549.25,422.25,1380,913]},"labels":[0.99,0.95,0.5,0.25]}