{"data":{"years":[2004,2005,2006,2007,2008,2009,2010,2011,2012,2013,2014],"X0.99":[3548567.49,3689488.71999999,3186874.28,2764512.5,2447482.4,2225284.64,1783345.56,1281550.12,857241.639999999,408322.859999999,61850.7699999999],"X0.95":[2166336.1,2063133,1727018.1,1557683.25,1442398,1626679,1359179.45,877996.499999999,538969,261527.899999999,39365.45],"X0.5":[38901.5,8593,2383,3418,7395.5,10508,12231.5,8556,19488,12121,2965.5],"X0.25":[454.75,239,132,179,401,507.75,559.75,488,1421,1255.75,331.75]},"labels":[0.99,0.95,0.5,0.25]}