{"data":{"years":[2004,2005,2006,2007,2008,2009,2010,2011,2012,2013],"X0.99":[3535812.67,3451017.21000001,2944851.94,2766287.7,2391135.22,2116583.2,1636166.96,1093196.78,627729.689999999,278819.69],"X0.95":[2199873.9,2062646.35,1768110.45,1749286.35,1418086.95,1568136,1324213.6,801571.35,425454.35,154954.6],"X0.5":[45704,10242,1564.5,2947,5146,7916,15322,7616.5,17937.5,8539],"X0.25":[719,254.75,116,145,282,420,549.5,422.25,1382.25,913]},"labels":[0.99,0.95,0.5,0.25]}