{"data":{"years":[2004,2005,2006,2007,2008,2009,2010,2011,2012,2013,2014],"X0.99":[3513782.1,3650720.75,3072873.83999999,2742399.68,2388573.2,2155174.86,1691515.5,1146794.62,789820,359761.55,15634.64],"X0.95":[2161470.2,2061506.5,1677793.2,1519162.19999999,1406449.45,1598347.4,1317860.5,821627.6,505613.5,217252.5,12887.1],"X0.5":[38775,8581,2350.5,3377,7181,10283,11902,8193,19009,10230,1327],"X0.25":[453.5,237.5,131.25,179,400.75,506.5,551.5,478.5,1383.5,1108.25,193.5]},"labels":[0.99,0.95,0.5,0.25]}