{"data":{"years":[2004,2005,2006,2007,2008,2009,2010,2011,2012,2013],"X0.99":[3509558.4,3379869.93,2904742.1,2766509.6,2312285.14,2101031.95,1542009.46,1069504.7,578890.719999999,217401.72],"X0.95":[2188898.6,2043941.1,1739941.1,1749407.3,1389521.7,1503011.9,1272140.4,755179.799999999,380424,112060.8],"X0.5":[45542,10142.5,1555.5,2953,5032,7721.5,13626,7395.5,17096.5,6829],"X0.25":[716,253.5,115.75,146,280.5,416.25,527,412.5,1340.25,696]},"labels":[0.99,0.95,0.5,0.25]}