{"data":{"years":[2004,2005,2006,2007,2008,2009,2010,2011,2012,2013],"X0.99":[3513782.1,3617318.76,2964443.26,2723205.4,2352168.35999999,2105979.53,1626794.38,1091224.6,657191,295635.099999999],"X0.95":[2161470.2,2058857.95,1657296.25,1489008,1389521.7,1529798.05,1286684.1,773206.5,456711.6,170409.5],"X0.5":[38775,8577,2320,3371,7154,9983,11301,7608.5,17490,8457.5],"X0.25":[453.5,236.75,131,179,399,498,539.5,470.75,1329.5,796.25]},"labels":[0.99,0.95,0.5,0.25]}