{"data":{"years":[2004,2005,2006,2007,2008,2009,2010,2011,2012,2013,2014],"X0.99":[3513782.1,3666493.46,3072873.83999999,2742399.68,2390726.72,2157059.55,1698033.02,1149748.64,790555.12,364548.24,26507.1799999999],"X0.95":[2161470.2,2062569.6,1677793.2,1519162.19999999,1411107.2,1598892,1325082.15,828389.6,508252,221667.4,19270.65],"X0.5":[38775,8581,2350.5,3377,7183,10283.5,11991.5,8262,19070,10388,2249],"X0.25":[453.5,238,131.25,179,401,506.75,553.75,479,1387,1129,224.25]},"labels":[0.99,0.95,0.5,0.25]}