{"data":{"years":[2004,2005,2006,2007,2008,2009,2010,2011,2012,2013,2014],"X0.99":[3548567.49,3689488.71999999,3186874.28,2764512.5,2447482.4,2219683.2,1774401.92,1207691.89,829011.000000001,399564.44,55465.5],"X0.95":[2166336.1,2063133,1727018.1,1557683.25,1442398,1625674.5,1347081.4,839280.6,523584.199999999,251637.15,38912],"X0.5":[38901.5,8593,2383,3418,7395.5,10472,12126,8394,19239,11687,2822],"X0.25":[454.75,239,132,179,401,507.5,558,483.25,1400,1227,321]},"labels":[0.99,0.95,0.5,0.25]}