{"data":{"years":[2004,2005,2006,2007,2008,2009,2010,2011,2012,2013,2014],"X0.99":[3548567.49,3669370.75,3127111.4,2764512.5,2394866.6,2172928.82,1737104.6,1174355.76,798674.59,378231.48,42258.05],"X0.95":[2166336.1,2062788,1686128,1557683.25,1414616,1603505.05,1330698,831077.999999999,516886.2,231485.599999999,30422.35],"X0.5":[38901.5,8587,2372,3418,7206,10304.5,12110,8279,19196.5,11082,2667],"X0.25":[454.75,238.5,132,179,401,507,556,480,1392.75,1170,342.5]},"labels":[0.99,0.95,0.5,0.25]}