{"data":{"years":[2004,2005,2006,2007,2008,2009,2010,2011,2012,2013],"X0.99":[3518493.15,3373114.12,2870235.36999999,2603754.76,2173336.76,1942284.62,1454144.4,979104.419999999,493926,179958.42],"X0.95":[2207691.65,2043853.4,1727193,1478414.6,1272994.8,1347810.6,1152732.75,647812.05,299728.4,109266.1],"X0.5":[49080,10936,1771.5,3782,5032,8880,16040.5,7080,12808.5,7780],"X0.25":[738.25,265,131,175,293,504,629,399,1075,661]},"labels":[0.99,0.95,0.5,0.25]}