{"data":{"years":[2004,2005,2006,2007,2008,2009,2010,2011,2012,2013],"X0.99":[3509558.4,3397423.44,2944851.94,2766287.7,2373593.41,2116403.64,1614853.62,1084565.18,611088.120000001,265347.08],"X0.95":[2188898.6,2049777.4,1768110.45,1749286.35,1413849,1538834.4,1309855.6,791008.4,408862.599999999,137150],"X0.5":[45542,10146,1564.5,2947,5129.5,7905,14679,7603,17494,8004],"X0.25":[716,254,116,145,281.75,419,547.5,421.5,1371,836]},"labels":[0.99,0.95,0.5,0.25]}