{"data":{"years":[2004,2005,2006,2007,2008,2009,2010,2011,2012,2013],"X0.99":[3513782.1,3617119.88,2964443.26,2723205.4,2352168.35999999,2105979.53,1632886.56,1103343.26,700387.24,305025.44],"X0.95":[2161470.2,2058528.6,1657296.25,1489008,1389521.7,1529798.05,1291014.8,785599.449999998,470388.4,175619.2],"X0.5":[38775,8581,2320,3371,7154,9983,11328,7628,17890.5,8669],"X0.25":[453.5,237,131,179,399,498,541,472.75,1342.5,845]},"labels":[0.99,0.95,0.5,0.25]}