{"data":{"years":[2004,2005,2006,2007,2008,2009,2010,2011,2012,2013],"X0.99":[3513782.1,3617119.88,2964443.26,2723205.4,2379649,2113168.04,1632855.33,1104678.09,720952.239999998,332063.44],"X0.95":[2161470.2,2058528.6,1657296.25,1489008,1400094.25,1536953.6,1294090.2,791250.05,478052.149999999,188781.4],"X0.5":[38775,8581,2320,3371,7171,9992,11360,7721.5,18319.5,8875],"X0.25":[453.5,237,131,179,400.25,498,542.25,475,1349,914]},"labels":[0.99,0.95,0.5,0.25]}