{"data":{"years":[2004,2005,2006,2007,2008,2009,2010,2011,2012,2013,2014],"X0.99":[3513782.1,3666493.46,3072873.83999999,2742399.68,2388573.2,2157059.55,1698033.02,1149723.93,790622.140000001,361096.62,22556.2],"X0.95":[2161470.2,2062569.6,1677793.2,1519162.19999999,1406449.45,1598892,1325082.15,827083.35,507500.5,220875.45,18639.2],"X0.5":[38775,8581,2350.5,3377,7181,10283.5,11991.5,8255.5,19048,10346,2172],"X0.25":[453.5,238,131.25,179,400.75,506.75,553.75,479,1385.5,1124.75,319]},"labels":[0.99,0.95,0.5,0.25]}