{"data":{"years":[2004,2005,2006,2007,2008,2009,2010,2011,2012,2013,2014],"X0.99":[3548567.49,3669370.75,3170641.02,2764512.5,2408040.02,2196341.66,1757163.6,1186563.8,814435.000000001,385553.3,48580.4],"X0.95":[2166336.1,2062788,1723258.29999999,1557683.25,1417594.05,1622451.6,1340974.3,836673.25,519279.75,238899.75,33000],"X0.5":[38901.5,8587,2378,3418,7264.5,10369,12114,8323,19204,11256,2838],"X0.25":[454.75,238.5,132,179,401,507,557,482.75,1395,1188,371]},"labels":[0.99,0.95,0.5,0.25]}