{"data":{"years":[2004,2005,2006,2007,2008,2009,2010,2011,2012,2013],"X0.99":[3509558.4,3379869.93,2904742.1,2712879.4,2283046.12,2069428.48,1528501.5,1060609.86,558010.500000001,212959.599999999],"X0.95":[2188898.6,2043941.1,1739941.1,1679428,1375946.35,1490741.85,1262992.5,742495.55,367291.25,114437.4],"X0.5":[45542,10142.5,1555.5,2933,4993.5,7618.5,13442,6876,15668.5,7550],"X0.25":[716,253.5,115.75,145,279.25,413.25,525,392.75,1190,667]},"labels":[0.99,0.95,0.5,0.25]}