{"data":{"years":[2004,2005,2006,2007,2008,2009,2010,2011,2012,2013],"X0.99":[3535812.67,3451017.21000001,2962158.35,2766287.7,2392995.4,2118921.76,1640681.65,1095193.2,649522.819999999,298254.36],"X0.95":[2199873.9,2062646.35,1805560.5,1749286.35,1424647,1577619,1326850.35,805003.499999999,451888.7,168991.6],"X0.5":[45704,10242,1575.5,2947,5153,7962,15439,7647,18552,8739],"X0.25":[719,254.75,116,145,282,420.5,550.75,423,1400,1017]},"labels":[0.99,0.95,0.5,0.25]}