{"data":{"years":[2004,2005,2006,2007,2008,2009,2010,2011,2012,2013,2014],"X0.99":[3513782.1,3650720.75,3072873.83999999,2742399.68,2383928.44,2155174.86,1687673.06,1146003.94,776234.82,357960.060000001,9840.05],"X0.95":[2161470.2,2061506.5,1677793.2,1519162.19999999,1404217.5,1598347.4,1316287.8,821274.8,504246.05,214031.8,6162.75],"X0.5":[38775,8581,2350.5,3377,7179,10283,11900.5,8165,18887.5,10048.5,641],"X0.25":[453.5,237.5,131.25,179,400.5,506.5,550.75,478.25,1380,1070.25,92.5]},"labels":[0.99,0.95,0.5,0.25]}