{"data":{"years":[2004,2005,2006,2007,2008,2009,2010,2011,2012,2013,2014],"X0.99":[3548567.49,3669370.75,3170641.02,2764512.5,2408040.02,2204897.24,1770228.53,1198783.1,814399,386075.119999998,48910.36],"X0.95":[2166336.1,2062788,1723258.29999999,1557683.25,1417594.05,1623259.85,1344763.05,838522,520137.25,241641,33042.25],"X0.5":[38901.5,8587,2378,3418,7264.5,10376.5,12120,8349,19205,11331,2920.5],"X0.25":[454.75,238.5,132,179,401,507,557.5,483,1395.25,1195.5,373.25]},"labels":[0.99,0.95,0.5,0.25]}