{"data":{"years":[2004,2005,2006,2007,2008,2009,2010,2011,2012,2013,2014],"X0.99":[3548567.49,3689488.71999999,3186874.28,2764512.5,2460028.68,2226259.64,1791496.06,1287152.92,859963.710000002,409865.96,71217.51],"X0.95":[2166336.1,2063133,1727018.1,1557683.25,1452588.8,1626815,1363467.5,880403.6,541770.95,265030.2,45915.9],"X0.5":[38901.5,8593,2383,3418,7419,10544,12313.5,8564,19555,12438,3177.5],"X0.25":[454.75,239,132,179,401,508,561.25,489,1427,1271.25,384.5]},"labels":[0.99,0.95,0.5,0.25]}