{"data":{"years":[2004,2005,2006,2007,2008,2009,2010,2011,2012,2013,2014],"X0.99":[3548567.49,3689488.71999999,3186874.28,2764512.5,2460028.68,2227754.09,1791411.92,1298723.2,876693.399999999,412199.05,77119.52],"X0.95":[2166336.1,2063133,1727018.1,1557683.25,1452588.8,1628415.5,1364421,883471.5,544900.8,268658.15,48165],"X0.5":[38901.5,8593,2383,3418,7419,10553,12359,8566,19635,12757,3504],"X0.25":[454.75,239,132,179,401,508.75,562,489.5,1430,1281,382]},"labels":[0.99,0.95,0.5,0.25]}