{"data":{"years":[2004,2005,2006,2007,2008,2009,2010,2011,2012,2013],"X0.99":[3509558.4,3379869.93,2904742.1,2724542.62,2292857.35,2079776.8,1528899.24,1060540.96,579293.719999999,221052.88],"X0.95":[2188898.6,2043941.1,1739941.1,1716883.64999999,1376980.95,1492976,1266564.2,748488.6,376099.45,121538.4],"X0.5":[45542,10142.5,1555.5,2934,5001,7655,13518,6900,15832,7565],"X0.25":[716,253.5,115.75,145,279.75,414.5,527,395,1205,710]},"labels":[0.99,0.95,0.5,0.25]}