{"data":{"years":[2004,2005,2006,2007,2008,2009,2010,2011,2012,2013,2014],"X0.99":[3548567.49,3689488.71999999,3193265,2789044.58,2460028.68,2234173.02,1798842.14,1304663.31,888928.25,416329.84,77437.0399999999],"X0.95":[2166336.1,2063133,1730296.2,1562582.3,1452588.8,1631696,1365752.9,884747.449999999,548566.5,272076.4,48460.3],"X0.5":[38901.5,8593,2388,3433,7419,10562,12372.5,8582,19734,12830,3809],"X0.25":[454.75,239,132,179.25,401,509.5,563,490,1430,1287,415]},"labels":[0.99,0.95,0.5,0.25]}