{"data":{"years":[2004,2005,2006,2007,2008,2009,2010,2011,2012,2013,2014],"X0.99":[3513782.1,3650720.75,3072873.83999999,2742399.68,2388573.2,2155174.86,1691515.5,1146003.94,782316.969999996,359587.88,15509.17],"X0.95":[2161470.2,2061506.5,1677793.2,1519162.19999999,1406449.45,1598347.4,1317860.5,821274.8,505580.8,217131.6,9919.3],"X0.5":[38775,8581,2350.5,3377,7181,10283,11902,8165,19002,10182,1054],"X0.25":[453.5,237.5,131.25,179,400.75,506.5,551.5,478.25,1383.25,1095,172.25]},"labels":[0.99,0.95,0.5,0.25]}