{"ASSIGNED":{"old_value":["0","0","ASSIGNED","ASSIGNED","0","ASSIGNED","ASSIGNED","0"],"new_value":["ASSIGNED","CLOSED","NEW","PATCH_TO_REVIEW","REOPENED","RESOLVED","UNCONFIRMED","VERIFIED"],"issue":[0,0,868,948,0,5641,32,0],"f":[0,0,0.115903324876486,0.126585658966484,0,0.753238082521031,0.00427293363599947,0]},"CLOSED":{"old_value":["0","0","0","0","CLOSED","CLOSED","0","0"],"new_value":["ASSIGNED","CLOSED","NEW","PATCH_TO_REVIEW","REOPENED","RESOLVED","UNCONFIRMED","VERIFIED"],"issue":[0,0,0,0,68,15,0,0],"f":[0,0,0,0,0.819277108433735,0.180722891566265,0,0]},"NEW":{"old_value":["NEW","0","0","NEW","0","NEW","NEW","0"],"new_value":["ASSIGNED","CLOSED","NEW","PATCH_TO_REVIEW","REOPENED","RESOLVED","UNCONFIRMED","VERIFIED"],"issue":[7251,0,0,2554,0,38924,533,0],"f":[0.147192562218343,0,0,0.0518452356786164,0,0.790142503349438,0.0108196987536032,0]},"PATCH_TO_REVIEW":{"old_value":["PATCH_TO_REVIEW","0","PATCH_TO_REVIEW","0","0","PATCH_TO_REVIEW","PATCH_TO_REVIEW","0"],"new_value":["ASSIGNED","CLOSED","NEW","PATCH_TO_REVIEW","REOPENED","RESOLVED","UNCONFIRMED","VERIFIED"],"issue":[135,0,299,0,0,2969,1,0],"f":[0.0396592244418331,0,0.0878378378378378,0,0,0.872209165687427,0.000293772032902468,0]},"REOPENED":{"old_value":["REOPENED","REOPENED","REOPENED","REOPENED","0","REOPENED","REOPENED","0"],"new_value":["ASSIGNED","CLOSED","NEW","PATCH_TO_REVIEW","REOPENED","RESOLVED","UNCONFIRMED","VERIFIED"],"issue":[354,1,303,143,0,5753,20,0],"f":[0.0538484940675388,0.000152114390021296,0.0460906601764527,0.0217523577730453,0,0.875114085792516,0.00304228780042592,0]},"RESOLVED":{"old_value":["RESOLVED","RESOLVED","0","RESOLVED","RESOLVED","0","0","RESOLVED"],"new_value":["ASSIGNED","CLOSED","NEW","PATCH_TO_REVIEW","REOPENED","RESOLVED","UNCONFIRMED","VERIFIED"],"issue":[15,634,0,268,7430,0,0,2012],"f":[0.00144801621778164,0.0612028188049039,0,0.025871223091032,0.717250699874505,0,0,0.194227242011777]},"UNCONFIRMED":{"old_value":["UNCONFIRMED","0","UNCONFIRMED","UNCONFIRMED","0","UNCONFIRMED","0","0"],"new_value":["ASSIGNED","CLOSED","NEW","PATCH_TO_REVIEW","REOPENED","RESOLVED","UNCONFIRMED","VERIFIED"],"issue":[339,0,1014,150,0,1484,0,0],"f":[0.113491797790425,0,0.33947104117844,0.050217609641781,0,0.496819551389354,0,0]},"VERIFIED":{"old_value":["0","VERIFIED","0","0","VERIFIED","VERIFIED","0","0"],"new_value":["ASSIGNED","CLOSED","NEW","PATCH_TO_REVIEW","REOPENED","RESOLVED","UNCONFIRMED","VERIFIED"],"issue":[0,65,0,0,73,32,0,0],"f":[0,0.382352941176471,0,0,0.429411764705882,0.188235294117647,0,0]}}