{"data":{"years":[2004,2005,2006,2007,2008,2009,2010,2011,2012,2013,2014],"X0.99":[3548567.49,3689488.71999999,3186874.28,2781533.48,2460028.68,2234173.02,1798842.14,1298514.48,888928.25,415099.600000001,77513.48],"X0.95":[2166336.1,2063133,1727018.1,1561457.8,1452588.8,1631696,1365752.9,884367,548566.5,271954,48177.25],"X0.5":[38901.5,8593,2383,3428,7419,10562,12372.5,8580,19734,12797,3640],"X0.25":[454.75,239,132,179,401,509.5,563,490,1430,1285,400.5]},"labels":[0.99,0.95,0.5,0.25]}