{"data":{"years":[2004,2005,2006,2007,2008,2009,2010,2011,2012,2013,2014],"X0.99":[3548567.49,3689488.71999999,3186874.28,2764512.5,2447482.4,2225284.64,1780015,1277929.36,853797.690000001,401805.8,60120.03],"X0.95":[2166336.1,2063133,1727018.1,1557683.25,1442398,1626679,1355291,872925.8,533081.149999999,259073.2,39320.2],"X0.5":[38901.5,8593,2383,3418,7395.5,10508,12195,8556,19430.5,11969,2995],"X0.25":[454.75,239,132,179,401,507.75,559,487,1409.5,1248,346.25]},"labels":[0.99,0.95,0.5,0.25]}