{"data":{"years":[2004,2005,2006,2007,2008,2009,2010,2011,2012,2013,2014],"X0.99":[3513782.1,3650720.75,3072873.83999999,2742399.68,2383928.44,2155174.86,1679137.6,1144194.24,768557.900000002,354445.64,5280.75],"X0.95":[2161470.2,2061506.5,1677793.2,1519162.19999999,1404217.5,1598347.4,1309332.25,821048.2,499895,211353.2,4621],"X0.5":[38775,8581,2350.5,3377,7179,10283,11804.5,8137,18833.5,9935,600],"X0.25":[453.5,237.5,131.25,179,400.5,506.5,549.25,478,1378,1054,78.25]},"labels":[0.99,0.95,0.5,0.25]}