{"data":{"years":[2004,2005,2006,2007,2008,2009,2010,2011,2012,2013],"X0.99":[3509558.4,3407799.85,2944851.94,2766287.7,2391135.22,2116407.24,1634061.64,1093196.78,622267.940000001,276843.6],"X0.95":[2188898.6,2056881.85,1768110.45,1749286.35,1418086.95,1540935.59999999,1318351.6,801571.35,418954.499999999,153164],"X0.5":[45542,10170.5,1564.5,2947,5146,7910.5,15217,7616.5,17763,8464],"X0.25":[716,254.25,116,145,282,419.5,549,422.25,1378.5,901.5]},"labels":[0.99,0.95,0.5,0.25]}