{"data":{"years":[2004,2005,2006,2007,2008,2009,2010,2011,2012,2013,2014],"X0.99":[3548567.49,3669370.75,3127111.4,2764512.5,2394866.6,2174503.65,1737104.6,1174355.76,810521.199999995,378538.12,42002.8699999999],"X0.95":[2166336.1,2062788,1686128,1557683.25,1414616,1607465.95,1330698,831077.999999999,517159,232908.7,30705.45],"X0.5":[38901.5,8587,2372,3418,7206,10304.5,12110,8279,19197,11135,2750],"X0.25":[454.75,238.5,132,179,401,507,556,480,1393.5,1175,346.25]},"labels":[0.99,0.95,0.5,0.25]}