{"data":{"years":[2004,2005,2006,2007,2008,2009,2010,2011,2012,2013],"X0.99":[3510370.65,3373176.72,2803457.57,2569393.78000001,2166776.63,1845319.26,1381871.59,880065.6,434264.980000001,178802.13],"X0.95":[2150891,2034046.1,1708030.45,1492405.6,1303281.4,1273263.9,1050799.35,568133,240066.85,120610.35],"X0.5":[45153,10028,1484,2893,4683.5,6588,10369.5,5223,8716,2970],"X0.25":[709,253,114,144,275,380,470.25,319,719.75,208.25]},"labels":[0.99,0.95,0.5,0.25]}