{"data":{"years":[2004,2005,2006,2007,2008,2009,2010,2011,2012,2013,2014],"X0.99":[3548567.49,3689488.71999999,3193265,2789044.58,2460028.68,2234173.02,1798842.14,1304663.31,890376.07,421457.74,77325.3200000001],"X0.95":[2166336.1,2063133,1730296.2,1562582.3,1452588.8,1631696,1365752.9,884747.449999999,550823.75,275357.8,48475.15],"X0.5":[38901.5,8593,2388,3433,7419,10562,12372.5,8582,19804.5,12893,3941],"X0.25":[454.75,239,132,179.25,401,509.5,563,490,1434.5,1291,432.5]},"labels":[0.99,0.95,0.5,0.25]}