{"data":{"years":[2004,2005,2006,2007,2008,2009,2010,2011,2012,2013],"X0.99":[3510370.65,3369379.96,2803457.57,2569393.78000001,2147103.96,1803030.41,1378095.53,869404.84,434397.54,175944.65],"X0.95":[2150891,1994899.7,1708030.45,1492405.6,1294446,1256471.35,1038393.75,560296.999999996,238941.35,106326.85],"X0.5":[45153,10000.5,1484,2893,4651,6574,10311.5,5198,8707,2591.5],"X0.25":[709,252.5,114,144,275,379,467.75,314,718,170]},"labels":[0.99,0.95,0.5,0.25]}