{"data":{"years":[2004,2005,2006,2007,2008,2009,2010,2011,2012,2013],"X0.99":[3509558.4,3407799.85,2944851.94,2766287.7,2386329.12,2116407.24,1627670.42,1091552.12,615760.87,276392.129999999],"X0.95":[2188898.6,2056881.85,1768110.45,1749286.35,1414768,1540935.59999999,1315319,799291.399999999,412078.85,148337.35],"X0.5":[45542,10170.5,1564.5,2947,5139,7910.5,14837,7613,17629,8389.5],"X0.25":[716,254.25,116,145,282,419.5,548.5,422,1376,867]},"labels":[0.99,0.95,0.5,0.25]}