{"data":{"years":[2004,2005,2006,2007,2008,2009,2010,2011,2012,2013,2014],"X0.99":[3548567.49,3689488.71999999,3186874.28,2764512.5,2447482.4,2219683.2,1776746.38,1266689.72,852043.5,401452.6,59067.2],"X0.95":[2166336.1,2063133,1727018.1,1557683.25,1442398,1625674.5,1352303.9,872261.049999999,528015,256627.4,39054.4],"X0.5":[38901.5,8593,2383,3418,7395.5,10472,12144,8551.5,19379,11926,2996],"X0.25":[454.75,239,132,179,401,507.5,558.5,487,1404,1241,334]},"labels":[0.99,0.95,0.5,0.25]}