{"ASSIGNED":{"old_value":["0","0","ASSIGNED","ASSIGNED","0","ASSIGNED","ASSIGNED","0"],"new_value":["ASSIGNED","CLOSED","NEW","PATCH_TO_REVIEW","REOPENED","RESOLVED","UNCONFIRMED","VERIFIED"],"issue":[0,0,875,1005,0,5678,32,0],"f":[0,0,0.11528326745718,0.132411067193676,0,0.748089591567852,0.00421607378129117,0]},"CLOSED":{"old_value":["0","0","0","0","CLOSED","CLOSED","0","0"],"new_value":["ASSIGNED","CLOSED","NEW","PATCH_TO_REVIEW","REOPENED","RESOLVED","UNCONFIRMED","VERIFIED"],"issue":[0,0,0,0,68,15,0,0],"f":[0,0,0,0,0.819277108433735,0.180722891566265,0,0]},"NEW":{"old_value":["NEW","0","0","NEW","0","NEW","NEW","0"],"new_value":["ASSIGNED","CLOSED","NEW","PATCH_TO_REVIEW","REOPENED","RESOLVED","UNCONFIRMED","VERIFIED"],"issue":[7337,0,0,2660,0,39086,543,0],"f":[0.147845887236529,0,0,0.0536009349937533,0,0.787611332769113,0.0109418450006045,0]},"PATCH_TO_REVIEW":{"old_value":["PATCH_TO_REVIEW","0","PATCH_TO_REVIEW","0","0","PATCH_TO_REVIEW","PATCH_TO_REVIEW","0"],"new_value":["ASSIGNED","CLOSED","NEW","PATCH_TO_REVIEW","REOPENED","RESOLVED","UNCONFIRMED","VERIFIED"],"issue":[143,0,323,0,0,3137,1,0],"f":[0.0396781354051054,0,0.089622641509434,0,0,0.870421753607103,0.000277469478357381,0]},"REOPENED":{"old_value":["REOPENED","REOPENED","REOPENED","REOPENED","0","REOPENED","REOPENED","0"],"new_value":["ASSIGNED","CLOSED","NEW","PATCH_TO_REVIEW","REOPENED","RESOLVED","UNCONFIRMED","VERIFIED"],"issue":[358,1,303,151,0,5765,20,0],"f":[0.0542588663231282,0.000151561079114883,0.0459230069718096,0.0228857229463474,0,0.873749621097302,0.00303122158229767,0]},"RESOLVED":{"old_value":["RESOLVED","RESOLVED","0","RESOLVED","RESOLVED","0","0","RESOLVED"],"new_value":["ASSIGNED","CLOSED","NEW","PATCH_TO_REVIEW","REOPENED","RESOLVED","UNCONFIRMED","VERIFIED"],"issue":[15,634,0,284,7451,0,0,2017],"f":[0.0014421690222094,0.0609556773387174,0,0.027305066820498,0.716373425632151,0,0,0.193923661186424]},"UNCONFIRMED":{"old_value":["UNCONFIRMED","0","UNCONFIRMED","UNCONFIRMED","0","UNCONFIRMED","0","0"],"new_value":["ASSIGNED","CLOSED","NEW","PATCH_TO_REVIEW","REOPENED","RESOLVED","UNCONFIRMED","VERIFIED"],"issue":[342,0,1028,155,0,1515,0,0],"f":[0.1125,0,0.338157894736842,0.0509868421052632,0,0.498355263157895,0,0]},"VERIFIED":{"old_value":["0","VERIFIED","0","0","VERIFIED","VERIFIED","0","0"],"new_value":["ASSIGNED","CLOSED","NEW","PATCH_TO_REVIEW","REOPENED","RESOLVED","UNCONFIRMED","VERIFIED"],"issue":[0,65,0,0,74,32,0,0],"f":[0,0.380116959064327,0,0,0.432748538011696,0.187134502923977,0,0]}}