{"data":{"years":[2004,2005,2006,2007,2008,2009,2010,2011,2012,2013],"X0.99":[3509558.4,3379869.93,2904742.1,2712879.4,2288628.7,2069428.48,1528501.5,1060582.3,566808.539999999,213549.599999999],"X0.95":[2188898.6,2043941.1,1739941.1,1679428,1376959.1,1490741.85,1262992.5,745854.25,368990.15,115515.1],"X0.5":[45542,10142.5,1555.5,2933,5000,7618.5,13442,6891,15745,7507],"X0.25":[716,253.5,115.75,145,279.5,413.25,525,394.25,1196,677.5]},"labels":[0.99,0.95,0.5,0.25]}