{"data":{"years":[2004,2005,2006,2007,2008,2009,2010,2011,2012,2013,2014],"X0.99":[3513782.1,3666493.46,3072873.83999999,2742399.68,2388573.2,2155174.86,1695434.87,1149724.22,789869.95,360818.799999999,22563],"X0.95":[2161470.2,2062569.6,1677793.2,1519162.19999999,1406449.45,1598347.4,1320407.9,826336.099999999,506716.25,220348.8,16411.75],"X0.5":[38775,8581,2350.5,3377,7181,10283,11933,8249,19030,10310,1710.5],"X0.25":[453.5,238,131.25,179,400.75,506.5,552.25,479,1384.75,1120,262.5]},"labels":[0.99,0.95,0.5,0.25]}