{"data":{"years":[2004,2005,2006,2007,2008,2009,2010,2011,2012,2013,2014],"X0.99":[3513782.1,3650720.75,3007326,2742399.68,2383928.44,2131505.1,1671842.08,1142007.44,763995.799999999,353773.49,1333.6],"X0.95":[2161470.2,2061506.5,1675614.2,1519162.19999999,1404217.5,1591361.85,1306982.7,817755.999999999,497951,209207.1,1300],"X0.5":[38775,8581,2348,3377,7179,10167,11726,8062,18755,9795,344],"X0.25":[453.5,237.5,131,179,400.5,505.75,548.75,478,1378,1029.25,142]},"labels":[0.99,0.95,0.5,0.25]}