{"data":{"years":[2004,2005,2006,2007,2008,2009,2010,2011,2012,2013],"X0.99":[3513782.1,3617318.76,2964443.26,2723205.4,2352168.35999999,2105979.53,1626784.17,1091841.4,659386.600000001,296964.32],"X0.95":[2161470.2,2058857.95,1657296.25,1489008,1389521.7,1529798.05,1289419.85,776466.8,457539,170928.8],"X0.5":[38775,8577,2320,3371,7154,9983,11310,7612,17494,8483],"X0.25":[453.5,236.75,131,179,399,498,539.75,471,1330,800]},"labels":[0.99,0.95,0.5,0.25]}