{"data":{"years":[2002,2003,2004,2005,2006,2007,2008,2009,2010,2011,2012,2013,2014],"X0.99":[6658.91,6446.19999999998,6713.28000000001,10047.2300000001,10996.2200000001,8578.80000000003,12714.46,15931.5,21192.52,20670.13,29299.5199999999,31690.7900000001,16026.75],"X0.95":[1642.1,1371.25,1876,2593.49999999999,2364,2111,3273.8,3757.5,4177.19999999999,4615.25,5227.99999999998,5206.6,8354],"X0.5":[79.5,69,103,129.5,83,79,99,104,104,96,90,44,76.5],"X0.25":[23,19,26,32,19,18,22,23,23,20,18,6,15]},"labels":[0.99,0.95,0.5,0.25]}