{"abandoned": 795, "merged": 8379, "review_time_days_avg": 10.303761240554131, "review_time_days_median": 2.61105, "submitted": 9637}