{"abandoned": 1108, "merged": 11712, "review_time_days_avg": 8.950042385549667, "review_time_days_median": 0.8446, "review_time_pending_days_avg": 92.232875151515145, "review_time_pending_days_median": 47.038899999999998, "submitted": 13202}