{"abandoned": 1114, "merged": 11753, "review_time_days_avg": 8.945743769278213, "review_time_days_median": 0.85625, "review_time_pending_days_avg": 97.138024764890289, "review_time_pending_days_median": 52.646900000000002, "review_time_pending_update_days_avg": 65.743139498432612, "review_time_pending_update_days_median": 33.004899999999999, "submitted": 13238}