{"abandoned": 1109, "merged": 11723, "review_time_days_avg": 8.94840295122708, "review_time_days_median": 0.8464, "review_time_pending_days_avg": 93.798664634146505, "review_time_pending_days_median": 48.734000000000002, "submitted": 13212}