{"abandoned": 1100, "merged": 5296, "review_time_days_avg": 12.532267976424361, "review_time_days_median": 1.593, "review_time_pending_days_avg": 102.14816760925443, "review_time_pending_days_median": 66.497699999999995, "review_time_pending_update_days_avg": 66.244112596400967, "review_time_pending_update_days_median": 35.488999999999997, "submitted": 6865}