{"abandoned": 1108, "merged": 5336, "review_time_days_avg": 12.657948839009288, "review_time_days_median": 1.5902, "review_time_pending_days_avg": 100.41141265822789, "review_time_pending_days_median": 64.404899999999998, "review_time_pending_update_days_avg": 66.069421772151927, "review_time_pending_update_days_median": 36.360599999999998, "submitted": 6919}