{"abandoned": 1110, "merged": 11724, "review_time_days_avg": 8.949925403726699, "review_time_days_median": 0.8468, "review_time_pending_days_avg": 93.385848203592786, "review_time_pending_days_median": 49.293549999999996, "review_time_pending_update_days_avg": 63.698747904191613, "review_time_pending_update_days_median": 31.030149999999999, "submitted": 13220}