{"abandoned": 1102, "merged": 11607, "review_time_days_avg": 12.128386890901247, "review_time_days_median": 2.2328, "review_time_pending_days_avg": 92.272873913043497, "review_time_pending_days_median": 45.035650000000004, "submitted": 13083}