{"abandoned": 1123, "merged": 11871, "review_time_days_avg": 9.020445449101784, "review_time_days_median": 0.86695, "review_time_pending_days_avg": 103.02889899999994, "review_time_pending_days_median": 58.535899999999998, "review_time_pending_update_days_avg": 69.500231333333247, "review_time_pending_update_days_median": 34.659149999999997, "submitted": 13346}