{"abandoned": 1101, "merged": 11601, "review_time_days_avg": 12.07158819714656, "review_time_days_median": 2.2597, "review_time_pending_days_avg": 93.147391482649837, "review_time_pending_days_median": 44.779400000000003, "submitted": 13071}