{"abandoned": 1123, "merged": 11862, "review_time_days_avg": 9.04498167617902, "review_time_days_median": 0.8671, "review_time_pending_days_avg": 101.68832724252484, "review_time_pending_days_median": 57.372100000000003, "review_time_pending_update_days_avg": 69.034301661129589, "review_time_pending_update_days_median": 35.527799999999999, "submitted": 13338}