{"abandoned": 990, "merged": 3901, "review_time_days_avg": 13.161811831886691, "review_time_days_median": 1.2732, "review_time_pending_days_avg": 93.892638978494503, "review_time_pending_days_median": 64.074799999999996, "review_time_pending_update_days_avg": 59.267090322580685, "review_time_pending_update_days_median": 34.560699999999997, "submitted": 5336}