{"abandoned": 996, "merged": 3924, "review_time_days_avg": 13.245516976007229, "review_time_days_median": 1.2735, "review_time_pending_days_avg": 94.039346380697168, "review_time_pending_days_median": 65.694800000000001, "review_time_pending_update_days_avg": 58.775102144772134, "review_time_pending_update_days_median": 34.269100000000002, "submitted": 5365}