{"abandoned": 1101, "merged": 11606, "review_time_days_avg": 12.133576402070746, "review_time_days_median": 2.2401999999999997, "review_time_pending_days_avg": 92.608500312500041, "review_time_pending_days_median": 44.484949999999998, "submitted": 13079}