{"abandoned": 1103, "merged": 11613, "review_time_days_avg": 8.957226424705503, "review_time_days_median": 0.842, "review_time_pending_days_avg": 94.634338924050681, "review_time_pending_days_median": 46.705300000000001, "submitted": 13084}