{"abandoned": 1005, "merged": 3958, "review_time_days_avg": 13.432209391771005, "review_time_days_median": 1.2733500000000002, "review_time_pending_days_avg": 93.875964879356573, "review_time_pending_days_median": 60.583100000000002, "review_time_pending_update_days_avg": 58.289680160857905, "review_time_pending_update_days_median": 30.6204, "submitted": 5406}