{"abandoned": 1086, "merged": 11553, "review_time_days_avg": 12.09139433551198, "review_time_days_median": 2.2597, "review_time_pending_days_avg": 95.979870382165558, "review_time_pending_days_median": 47.456599999999995, "submitted": 13012}