{"abandoned": 1115, "merged": 11782, "review_time_days_avg": 9.011906609547111, "review_time_days_median": 0.8638, "review_time_pending_days_avg": 98.486739102564073, "review_time_pending_days_median": 53.884250000000002, "review_time_pending_update_days_avg": 66.930864102564072, "review_time_pending_update_days_median": 32.691699999999997, "submitted": 13261}