{"abandoned": 1098, "merged": 11564, "review_time_days_avg": 12.09139433551198, "review_time_days_median": 2.2597, "review_time_pending_days_avg": 98.168284899328853, "review_time_pending_days_median": 48.880600000000001, "submitted": 13012}