{"abandoned": 1120, "merged": 11804, "review_time_days_avg": 8.987522807551754, "review_time_days_median": 0.8623000000000001, "review_time_pending_days_avg": 98.189328343949114, "review_time_pending_days_median": 54.578299999999999, "review_time_pending_update_days_avg": 66.305780254777119, "review_time_pending_update_days_median": 31.77805, "submitted": 13290}