{"abandoned": 1078, "merged": 11530, "review_time_days_avg": 12.0939167539267, "review_time_days_median": 2.25365, "submitted": 12977}