{"abandoned": 1104, "merged": 11654, "review_time_days_avg": 8.922064087176244, "review_time_days_median": 0.8409, "review_time_pending_days_avg": 92.959640062111745, "review_time_pending_days_median": 46.655649999999994, "submitted": 13132}