{"abandoned": 1112, "merged": 5340, "review_time_days_avg": 12.67595731942835, "review_time_days_median": 1.5924, "review_time_pending_days_avg": 99.071075438596452, "review_time_pending_days_median": 63.915100000000002, "review_time_pending_update_days_avg": 65.447760902255595, "review_time_pending_update_days_median": 37.322299999999998, "submitted": 6931}