{"abandoned": 1084, "merged": 11537, "review_time_days_avg": 12.0939167539267, "review_time_days_median": 2.25365, "review_time_pending_days_avg": 101.10750639730635, "review_time_pending_days_median": 50.507800000000003, "submitted": 12977}