{"abandoned": 1001, "merged": 3943, "review_time_days_avg": 13.195177106804852, "review_time_days_median": 1.2732, "review_time_pending_days_avg": 93.095831648936283, "review_time_pending_days_median": 59.712400000000002, "review_time_pending_update_days_avg": 58.519134308510544, "review_time_pending_update_days_median": 33.868549999999999, "submitted": 5392}