{"abandoned": 1068, "merged": 11512, "review_time_days_avg": 12.116345056867889, "review_time_days_median": 2.2401999999999997, "submitted": 12950}