{"abandoned": 1122, "merged": 11842, "review_time_days_avg": 9.026720989143532, "review_time_days_median": 0.86665, "review_time_pending_days_avg": 102.6405705685619, "review_time_pending_days_median": 57.103099999999998, "review_time_pending_update_days_avg": 69.317659531772591, "review_time_pending_update_days_median": 36.019300000000001, "submitted": 13315}