{"abandoned": 1128, "merged": 11891, "review_time_days_avg": 9.131477037921757, "review_time_days_median": 0.8757, "review_time_pending_days_avg": 102.89216305084736, "review_time_pending_days_median": 59.974499999999999, "review_time_pending_update_days_avg": 69.592336610169554, "review_time_pending_update_days_median": 33.736400000000003, "submitted": 13366}