{"abandoned": 1104, "merged": 11631, "review_time_days_avg": 12.122651636520239, "review_time_days_median": 2.2401999999999997, "review_time_pending_days_avg": 92.958618691588867, "review_time_pending_days_median": 45.937399999999997, "submitted": 13108}