{"abandoned": 1104, "merged": 11631, "review_time_days_avg": 8.950333661792747, "review_time_days_median": 0.84145, "review_time_pending_days_avg": 93.363488785046741, "review_time_pending_days_median": 46.342300000000002, "submitted": 13108}