{"abandoned": 1102, "merged": 11606, "review_time_days_avg": 12.133576402070746, "review_time_days_median": 2.2401999999999997, "review_time_pending_days_avg": 93.190550470219392, "review_time_pending_days_median": 45.366, "submitted": 13079}