{"abandoned": 1104, "merged": 11640, "review_time_days_avg": 8.950333661792747, "review_time_days_median": 0.84145, "review_time_pending_days_avg": 95.918989743589719, "review_time_pending_days_median": 47.858900000000006, "submitted": 13108}