{"abandoned": 1078, "merged": 11526, "review_time_days_avg": 12.112271622212504, "review_time_days_median": 2.2476, "review_time_pending_days_avg": 100.61678609271523, "review_time_pending_days_median": 49.916449999999998, "submitted": 12967}