{"abandoned": 1106, "merged": 11675, "review_time_days_avg": 8.984805599245043, "review_time_days_median": 0.842, "review_time_pending_days_avg": 92.245943558282178, "review_time_pending_days_median": 45.9589, "submitted": 13159}