{"abandoned": 1103, "merged": 11613, "review_time_days_avg": 12.128386890901247, "review_time_days_median": 2.2328, "review_time_pending_days_avg": 94.611465506329139, "review_time_pending_days_median": 46.682400000000001, "submitted": 13084}