{"abandoned": 1124, "merged": 11877, "review_time_days_avg": 9.122607384155444, "review_time_days_median": 0.8709, "review_time_pending_days_avg": 102.88078193979933, "review_time_pending_days_median": 59.170299999999997, "review_time_pending_update_days_avg": 70.294350167224124, "review_time_pending_update_days_median": 33.715699999999998, "submitted": 13352}