{"abandoned": 1105, "merged": 5305, "review_time_days_avg": 12.606882341425218, "review_time_days_median": 1.5928, "review_time_pending_days_avg": 101.88258616187989, "review_time_pending_days_median": 66.227699999999999, "review_time_pending_update_days_avg": 66.2493242819843, "review_time_pending_update_days_median": 35.370199999999997, "submitted": 6873}