{"abandoned": 1099, "merged": 11579, "review_time_days_avg": 12.09715006507592, "review_time_days_median": 2.3022, "review_time_pending_days_avg": 95.299668078175912, "review_time_pending_days_median": 47.234400000000001, "submitted": 13037}