{"abandoned": 1107, "merged": 11697, "review_time_days_avg": 8.961651843749996, "review_time_days_median": 0.8455, "review_time_pending_days_avg": 93.405209567901153, "review_time_pending_days_median": 47.743549999999999, "submitted": 13180}