{"abandoned": 1108, "merged": 5330, "review_time_days_avg": 12.652818844513376, "review_time_days_median": 1.5926, "review_time_pending_days_avg": 101.95078575129537, "review_time_pending_days_median": 64.900000000000006, "review_time_pending_update_days_avg": 66.68866761658029, "review_time_pending_update_days_median": 35.596599999999995, "submitted": 6904}