{"abandoned": 1110, "merged": 11724, "review_time_days_avg": 8.949925403726699, "review_time_days_median": 0.8468, "review_time_pending_days_avg": 93.018184431137641, "review_time_pending_days_median": 48.925899999999999, "submitted": 13220}