{"abandoned": 1098, "merged": 11564, "review_time_days_avg": 12.09139433551198, "review_time_days_median": 2.2597, "review_time_pending_days_avg": 98.172902684563795, "review_time_pending_days_median": 48.885199999999998, "submitted": 13012}