{"abandoned": 1105, "merged": 5316, "review_time_days_avg": 12.558761832358675, "review_time_days_median": 1.5924, "review_time_pending_days_avg": 101.5268832474226, "review_time_pending_days_median": 65.116350000000011, "review_time_pending_update_days_avg": 66.189668298969124, "review_time_pending_update_days_median": 35.317049999999995, "submitted": 6889}