{"abandoned": 990, "merged": 3901, "review_time_days_avg": 13.161811831886691, "review_time_days_median": 1.2732, "review_time_pending_days_avg": 93.736054569892588, "review_time_pending_days_median": 63.918199999999999, "review_time_pending_update_days_avg": 59.110505645161261, "review_time_pending_update_days_median": 34.404150000000001, "submitted": 5336}