{"abandoned": 1060, "merged": 11405, "review_time_days_avg": 12.189140836298929, "review_time_days_median": 2.25365, "submitted": 12819}