{"abandoned": 1005, "merged": 3954, "review_time_days_avg": 13.423246281361992, "review_time_days_median": 1.26615, "review_time_pending_days_avg": 93.706429729729734, "review_time_pending_days_median": 60.721150000000002, "review_time_pending_update_days_avg": 58.315834864864925, "review_time_pending_update_days_median": 30.636700000000001, "submitted": 5399}