{"abandoned": 991, "merged": 3912, "review_time_days_avg": 13.26237395454544, "review_time_days_median": 1.26615, "review_time_pending_days_avg": 93.385400265251988, "review_time_pending_days_median": 63.666200000000003, "review_time_pending_update_days_avg": 58.320075331564951, "review_time_pending_update_days_median": 33.960900000000002, "submitted": 5352}