{"abandoned": 34, "merged": 294, "review_time_days_avg": 0.693187037037037, "review_time_days_median": 0.09575, "review_time_pending_days_avg": 268.70729999999998, "review_time_pending_days_median": 271.21159999999998, "review_time_pending_update_days_avg": 113.93050000000001, "review_time_pending_update_days_median": 68.298000000000002, "submitted": 331}