{"abandoned": 432, "merged": 5105, "review_time_days_avg": 6.261978704910928, "review_time_days_median": 0.9743, "review_time_pending_days_avg": 73.093641666666642, "review_time_pending_days_median": 15.2012, "review_time_pending_update_days_avg": 33.445311904761915, "review_time_pending_update_days_median": 4.7066999999999997, "submitted": 5594}