{"abandoned": 3042, "merged": 40003, "review_time_days_avg": 4.640990090291712, "review_time_days_median": 0.296, "review_time_pending_days_avg": 92.312158879999984, "review_time_pending_days_median": 54.056750000000001, "review_time_pending_update_days_avg": 65.643712000000221, "review_time_pending_update_days_median": 24.255600000000001, "submitted": 43552}