{"abandoned": 3025, "merged": 39976, "review_time_days_avg": 7.469711360123672, "review_time_days_median": 1.18485, "submitted": 43487}