{"abandoned": 516, "merged": 5947, "review_time_days_avg": 6.295548253557582, "review_time_days_median": 0.9285, "review_time_pending_days_avg": 67.633777499999979, "review_time_pending_days_median": 11.705950000000001, "review_time_pending_update_days_avg": 31.041182499999984, "review_time_pending_update_days_median": 4.6448999999999998, "submitted": 6519}