{"abandoned": 3085, "merged": 40553, "review_time_days_avg": 7.569542848512332, "review_time_days_median": 1.1931, "review_time_pending_days_avg": 108.96427727272732, "review_time_pending_days_median": 82.819600000000008, "submitted": 44106}