{"abandoned": 3130, "merged": 41253, "review_time_days_avg": 5.256947771269733, "review_time_days_median": 0.3526, "review_time_pending_days_avg": 109.75851384615369, "review_time_pending_days_median": 72.504099999999994, "review_time_pending_update_days_avg": 77.205501538461377, "review_time_pending_update_days_median": 35.464500000000001, "submitted": 44864}