{"abandoned": 34, "merged": 294, "review_time_days_avg": 0.693187037037037, "review_time_days_median": 0.09575, "review_time_pending_days_avg": 279.75773333333331, "review_time_pending_days_median": 282.262, "review_time_pending_update_days_avg": 124.98089999999998, "review_time_pending_update_days_median": 79.348399999999998, "submitted": 331}