{"abandoned": 34, "merged": 294, "review_time_days_avg": 0.693187037037037, "review_time_days_median": 0.09575, "review_time_pending_days_avg": 270.71353333333337, "review_time_pending_days_median": 273.21780000000001, "review_time_pending_update_days_avg": 115.93669999999999, "review_time_pending_update_days_median": 70.304199999999994, "submitted": 331}