{"abandoned": 3040, "merged": 39956, "review_time_days_avg": 4.709391474628372, "review_time_days_median": 0.31165, "review_time_pending_days_avg": 84.65436982950358, "review_time_pending_days_median": 39.263500000000001, "review_time_pending_update_days_avg": 59.969794736841685, "review_time_pending_update_days_median": 16.3537, "submitted": 43502}