{"abandoned": 435, "merged": 5084, "review_time_days_avg": 6.721936575052859, "review_time_days_median": 2.08025, "review_time_pending_days_avg": 102.30740952380955, "review_time_pending_days_median": 82.351399999999998, "submitted": 5545}