{"abandoned": 1, "merged": 5, "review_time_days_avg": 19.6499, "review_time_days_median": 19.6499, "review_time_pending_days_avg": 23.629899999999999, "review_time_pending_days_median": 23.629899999999999, "review_time_pending_update_days_avg": 15.565200000000001, "review_time_pending_update_days_median": 15.565200000000001, "submitted": 7}