{"abandoned": 433, "merged": 5056, "review_time_days_avg": 6.733818240343353, "review_time_days_median": 2.08495, "submitted": 5515}