{"abandoned": 435, "merged": 5091, "review_time_days_avg": 6.730714044350586, "review_time_days_median": 2.0814, "review_time_pending_days_avg": 94.449304347826057, "review_time_pending_days_median": 74.5852, "submitted": 5554}