{"abandoned": 434, "merged": 5116, "review_time_days_avg": 6.25935809236083, "review_time_days_median": 0.9754, "review_time_pending_days_avg": 77.982429113924056, "review_time_pending_days_median": 19.613199999999999, "review_time_pending_update_days_avg": 35.494117721519018, "review_time_pending_update_days_median": 4.5502000000000002, "submitted": 5605}