{"abandoned": 3035, "merged": 39843, "review_time_days_avg": 4.798692896285936, "review_time_days_median": 0.3462, "review_time_pending_days_avg": 93.703124174917036, "review_time_pending_days_median": 58.409599999999998, "review_time_pending_update_days_avg": 66.762478712871328, "review_time_pending_update_days_median": 26.597799999999999, "submitted": 43388}