{"abandoned": 3118, "merged": 41035, "review_time_days_avg": 5.213700341605548, "review_time_days_median": 0.3478, "review_time_pending_days_avg": 102.87524462809908, "review_time_pending_days_median": 61.586150000000004, "submitted": 44666}