{"abandoned": 441, "merged": 5116, "review_time_days_avg": 4.945375553967125, "review_time_days_median": 0.6671, "review_time_pending_days_avg": 73.709504761904753, "review_time_pending_days_median": 18.8489, "review_time_pending_update_days_avg": 47.961576190476187, "review_time_pending_update_days_median": 10.729100000000001, "submitted": 5583}