{"abandoned": 34, "merged": 294, "review_time_days_avg": 0.693187037037037, "review_time_days_median": 0.09575, "review_time_pending_days_avg": 275.74936666666667, "review_time_pending_days_median": 278.25360000000001, "review_time_pending_update_days_avg": 120.97260000000001, "review_time_pending_update_days_median": 75.340100000000007, "submitted": 331}