{"abandoned": 435, "merged": 5088, "review_time_days_avg": 6.730714044350586, "review_time_days_median": 2.0814, "review_time_pending_days_avg": 97.683118181818188, "review_time_pending_days_median": 77.949550000000002, "submitted": 5550}