{"abandoned": 3009, "merged": 39720, "review_time_days_avg": 7.42136931532666, "review_time_days_median": 1.17045, "submitted": 43197}