{"abandoned": 435, "merged": 5092, "review_time_days_avg": 6.718001475237097, "review_time_days_median": 2.0791, "review_time_pending_days_avg": 99.300636363636372, "review_time_pending_days_median": 82.144350000000003, "submitted": 5554}