{"abandoned": 2991, "merged": 41642, "review_time_days_avg": 5.07814752105944, "review_time_days_median": 0.3344, "review_time_pending_days_avg": 93.218639322671663, "review_time_pending_days_median": 57.006799999999998, "review_time_pending_update_days_avg": 65.61796933207917, "review_time_pending_update_days_median": 26.203299999999999, "submitted": 45125}