{"abandoned": 3108, "merged": 40950, "review_time_days_avg": 5.205448472896444, "review_time_days_median": 0.34945000000000004, "review_time_pending_days_avg": 104.2631215932914, "review_time_pending_days_median": 66.451400000000007, "submitted": 44563}