{"abandoned": 3118, "merged": 41020, "review_time_days_avg": 5.205353526511723, "review_time_days_median": 0.3454, "review_time_pending_days_avg": 102.59560562500018, "review_time_pending_days_median": 60.742400000000004, "submitted": 44646}