{"abandoned": 438, "merged": 5102, "review_time_days_avg": 4.7346937950938015, "review_time_days_median": 0.6726000000000001, "review_time_pending_days_avg": 107.18827499999998, "review_time_pending_days_median": 88.979550000000003, "review_time_pending_update_days_avg": 59.827984999999977, "review_time_pending_update_days_median": 7.1817500000000001, "submitted": 5565}