{"abandoned": 3090, "merged": 40687, "review_time_days_avg": 7.617045745955685, "review_time_days_median": 1.1886999999999999, "review_time_pending_days_avg": 99.23548024439917, "review_time_pending_days_median": 55.905799999999999, "submitted": 44295}