{"abandoned": 441, "merged": 5110, "review_time_days_avg": 4.966016008614507, "review_time_days_median": 0.683, "review_time_pending_days_avg": 87.037005882352929, "review_time_pending_days_median": 38.629800000000003, "review_time_pending_update_days_avg": 55.905064705882353, "review_time_pending_update_days_median": 9.9479000000000006, "submitted": 5573}