{"abandoned": 3016, "merged": 41865, "review_time_days_avg": 5.099620177144951, "review_time_days_median": 0.3381, "review_time_pending_days_avg": 87.479885575220919, "review_time_pending_days_median": 47.665599999999998, "review_time_pending_update_days_avg": 63.329596637168073, "review_time_pending_update_days_median": 23.382999999999999, "submitted": 45381}