{"abandoned": 516, "merged": 5946, "review_time_days_avg": 6.300553646957286, "review_time_days_median": 0.9328, "review_time_pending_days_avg": 65.016493902439009, "review_time_pending_days_median": 10.6934, "review_time_pending_update_days_avg": 29.31423292682927, "review_time_pending_update_days_median": 3.6171000000000002, "submitted": 6519}