{"abandoned": 441, "merged": 5114, "review_time_days_avg": 4.948896709585128, "review_time_days_median": 0.66865, "review_time_pending_days_avg": 85.164749999999984, "review_time_pending_days_median": 33.110999999999997, "review_time_pending_update_days_avg": 55.654255555555551, "review_time_pending_update_days_median": 11.31645, "submitted": 5578}