{"abandoned": 435, "merged": 5091, "review_time_days_avg": 6.718001475237097, "review_time_days_median": 2.0791, "review_time_pending_days_avg": 96.677300000000017, "review_time_pending_days_median": 76.813199999999995, "submitted": 5554}