{"abandoned": 3016, "merged": 39644, "review_time_days_avg": 4.898598638846704, "review_time_days_median": 0.3756, "review_time_pending_days_avg": 85.745925716440595, "review_time_pending_days_median": 42.633400000000002, "review_time_pending_update_days_avg": 61.15274788838633, "review_time_pending_update_days_median": 19.509499999999999, "submitted": 43179}