{"abandoned": 34, "merged": 294, "review_time_days_avg": 0.693187037037037, "review_time_days_median": 0.09575, "review_time_pending_days_avg": 269.71573333333339, "review_time_pending_days_median": 272.22000000000003, "review_time_pending_update_days_avg": 114.9389, "review_time_pending_update_days_median": 69.306399999999996, "submitted": 331}