{"abandoned": 3073, "merged": 40488, "review_time_days_avg": 7.570713606780711, "review_time_days_median": 1.1914, "review_time_pending_days_avg": 110.69842596810928, "review_time_pending_days_median": 84.7286, "submitted": 44029}