{"abandoned": 435, "merged": 5092, "review_time_days_avg": 6.774043894736848, "review_time_days_median": 2.08025, "review_time_pending_days_avg": 99.111359090909076, "review_time_pending_days_median": 81.95505, "submitted": 5554}