{"abandoned": 435, "merged": 5092, "review_time_days_avg": 4.633371822803201, "review_time_days_median": 0.675, "review_time_pending_days_avg": 99.323490909090921, "review_time_pending_days_median": 82.167149999999992, "submitted": 5554}