{"abandoned": 34, "merged": 294, "review_time_days_avg": 0.693187037037037, "review_time_days_median": 0.09575, "review_time_pending_days_avg": 271.70353333333338, "review_time_pending_days_median": 274.20780000000002, "review_time_pending_update_days_avg": 116.9267, "review_time_pending_update_days_median": 71.294200000000004, "submitted": 331}