{"abandoned": 3090, "merged": 40685, "review_time_days_avg": 7.618129872659199, "review_time_days_median": 1.1914, "review_time_pending_days_avg": 100.09997227926077, "review_time_pending_days_median": 58.247100000000003, "submitted": 44289}