{"abandoned": 3056, "merged": 40423, "review_time_days_avg": 7.56253208977861, "review_time_days_median": 1.1886999999999999, "submitted": 43981}