{"abandoned": 3093, "merged": 40743, "review_time_days_avg": 5.223773987075603, "review_time_days_median": 0.3498, "review_time_pending_days_avg": 101.32053731958763, "review_time_pending_days_median": 59.605499999999999, "submitted": 44349}