{"abandoned": 440, "merged": 5107, "review_time_days_avg": 4.856501365923802, "review_time_days_median": 0.675, "review_time_pending_days_avg": 101.36578333333333, "review_time_pending_days_median": 76.535600000000002, "review_time_pending_update_days_avg": 52.112699999999997, "review_time_pending_update_days_median": 7.3432999999999993, "submitted": 5570}