{"abandoned": 3075, "merged": 40539, "review_time_days_avg": 7.569542848512332, "review_time_days_median": 1.1931, "review_time_pending_days_avg": 105.17773995680349, "review_time_pending_days_median": 75.857799999999997, "submitted": 44106}