{"abandoned": 3093, "merged": 40743, "review_time_days_avg": 7.607524166791236, "review_time_days_median": 1.1914, "review_time_pending_days_avg": 100.9156639175259, "review_time_pending_days_median": 59.200600000000001, "submitted": 44349}