{"abandoned": 3006, "merged": 41787, "review_time_days_avg": 5.1106220567434555, "review_time_days_median": 0.3379, "review_time_pending_days_avg": 92.781470163618906, "review_time_pending_days_median": 55.389600000000002, "review_time_pending_update_days_avg": 66.573119634263605, "review_time_pending_update_days_median": 25.356000000000002, "submitted": 45267}