{"abandoned": 3124, "merged": 41188, "review_time_days_avg": 5.242524723688143, "review_time_days_median": 0.3526, "review_time_pending_days_avg": 109.24335076586429, "review_time_pending_days_median": 74.453800000000001, "review_time_pending_update_days_avg": 77.211728665207829, "review_time_pending_update_days_median": 35.918199999999999, "submitted": 44798}