{"abandoned": 438, "merged": 5104, "review_time_days_avg": 4.7284997118155685, "review_time_days_median": 0.6726000000000001, "review_time_pending_days_avg": 113.84387368421051, "review_time_pending_days_median": 94.417699999999996, "review_time_pending_update_days_avg": 63.575784210526294, "review_time_pending_update_days_median": 8.4867000000000008, "submitted": 5566}