{"abandoned": 435, "merged": 5067, "review_time_days_avg": 6.697099893390197, "review_time_days_median": 2.08385, "submitted": 5527}