{"abandoned": 3016, "merged": 41863, "review_time_days_avg": 5.099057311974799, "review_time_days_median": 0.3381, "review_time_pending_days_avg": 88.848678363636736, "review_time_pending_days_median": 50.430300000000003, "review_time_pending_update_days_avg": 64.058938545454353, "review_time_pending_update_days_median": 24.317700000000002, "submitted": 45373}