{"abandoned": 435, "merged": 5091, "review_time_days_avg": 6.718001475237097, "review_time_days_median": 2.0791, "review_time_pending_days_avg": 95.420226086956532, "review_time_pending_days_median": 75.556100000000001, "submitted": 5554}