{"abandoned": 34, "merged": 294, "review_time_days_avg": 0.693187037037037, "review_time_days_median": 0.09575, "review_time_pending_days_avg": 276.72916666666669, "review_time_pending_days_median": 279.23340000000002, "review_time_pending_update_days_avg": 121.9524, "review_time_pending_update_days_median": 76.319900000000004, "submitted": 331}