{"abandoned": 3086, "merged": 40597, "review_time_days_avg": 7.593441038374739, "review_time_days_median": 1.197, "review_time_pending_days_avg": 105.1459953947369, "review_time_pending_days_median": 74.422750000000008, "submitted": 44167}