{"abandoned": 3064, "merged": 40437, "review_time_days_avg": 7.56253208977861, "review_time_days_median": 1.1886999999999999, "review_time_pending_days_avg": 108.62848822222217, "review_time_pending_days_median": 81.923900000000003, "submitted": 43981}