{"abandoned": 435, "merged": 5075, "review_time_days_avg": 6.742730540827153, "review_time_days_median": 2.0836, "review_time_pending_days_avg": 106.57573499999998, "review_time_pending_days_median": 86.679599999999994, "submitted": 5535}