{"abandoned": 3142, "merged": 41403, "review_time_days_avg": 5.262119720802202, "review_time_days_median": 0.35, "review_time_pending_days_avg": 106.61645189873414, "review_time_pending_days_median": 67.380849999999995, "review_time_pending_update_days_avg": 75.407716666666673, "review_time_pending_update_days_median": 31.468800000000002, "submitted": 45040}