{"abandoned": 3094, "merged": 40812, "review_time_days_avg": 5.2072873965887085, "review_time_days_median": 0.3503, "review_time_pending_days_avg": 99.947667004048554, "review_time_pending_days_median": 57.755800000000001, "submitted": 44426}