{"abandoned": 513, "merged": 5907, "review_time_days_avg": 6.303842329670344, "review_time_days_median": 0.9441, "review_time_pending_days_avg": 79.093628985507223, "review_time_pending_days_median": 43.795000000000002, "review_time_pending_update_days_avg": 33.923868115942028, "review_time_pending_update_days_median": 5.4806999999999997, "submitted": 6470}