{"abandoned": 432, "merged": 5089, "review_time_days_avg": 6.298175185995642, "review_time_days_median": 0.9767, "review_time_pending_days_avg": 76.880107594936703, "review_time_pending_days_median": 25.843599999999999, "review_time_pending_update_days_avg": 35.602444303797434, "review_time_pending_update_days_median": 5.7271999999999998, "submitted": 5575}