{"abandoned": 3026, "merged": 40100, "review_time_days_avg": 7.459197921798055, "review_time_days_median": 1.18485, "submitted": 43606}