{"abandoned": 3119, "merged": 41055, "review_time_days_avg": 5.212952916373861, "review_time_days_median": 0.3467, "review_time_pending_days_avg": 103.92012551867215, "review_time_pending_days_median": 62.586950000000002, "submitted": 44685}