{"abandoned": 432, "merged": 5089, "review_time_days_avg": 6.298175185995642, "review_time_days_median": 0.9767, "review_time_pending_days_avg": 77.036697468354433, "review_time_pending_days_median": 26.0002, "review_time_pending_update_days_avg": 35.759029113924051, "review_time_pending_update_days_median": 5.8837999999999999, "submitted": 5575}