{"abandoned": 3013, "merged": 39562, "review_time_days_avg": 4.9162914173158425, "review_time_days_median": 0.3809, "review_time_pending_days_avg": 83.742825110782945, "review_time_pending_days_median": 39.614600000000003, "review_time_pending_update_days_avg": 60.209202363367787, "review_time_pending_update_days_median": 18.438549999999999, "submitted": 43093}