{"abandoned": 435, "merged": 5092, "review_time_days_avg": 4.673520537010165, "review_time_days_median": 0.679, "review_time_pending_days_avg": 99.516236363636366, "review_time_pending_days_median": 82.359949999999998, "submitted": 5554}