{"abandoned": 516, "merged": 5913, "review_time_days_avg": 6.2831815593517435, "review_time_days_median": 0.9356, "review_time_pending_days_avg": 70.590780263157839, "review_time_pending_days_median": 31.3566, "review_time_pending_update_days_avg": 30.256143421052649, "review_time_pending_update_days_median": 2.3092999999999999, "submitted": 6484}