{"abandoned": 3103, "merged": 40866, "review_time_days_avg": 5.202896936386772, "review_time_days_median": 0.3506, "review_time_pending_days_avg": 101.99154435318279, "review_time_pending_days_median": 58.9176, "submitted": 44482}