{"abandoned": 34, "merged": 294, "review_time_days_avg": 0.693187037037037, "review_time_days_median": 0.09575, "review_time_pending_days_avg": 278.73893333333336, "review_time_pending_days_median": 281.2432, "review_time_pending_update_days_avg": 123.96210000000001, "review_time_pending_update_days_median": 78.329599999999999, "submitted": 331}