{"abandoned": 437, "merged": 5102, "review_time_days_avg": 4.7346937950938015, "review_time_days_median": 0.6726000000000001, "review_time_pending_days_avg": 112.9536157894737, "review_time_pending_days_median": 91.387699999999995, "submitted": 5563}