{"abandoned": 3051, "merged": 40372, "review_time_days_avg": 7.559730003036768, "review_time_days_median": 1.19225, "submitted": 43920}