{"abandoned": 435, "merged": 5132, "review_time_days_avg": 6.348232948224236, "review_time_days_median": 0.9754, "review_time_pending_days_avg": 69.36809659090909, "review_time_pending_days_median": 10.59975, "review_time_pending_update_days_avg": 34.203495454545447, "review_time_pending_update_days_median": 4.5117000000000003, "submitted": 5625}