{"abandoned": 435, "merged": 5123, "review_time_days_avg": 6.254403741935501, "review_time_days_median": 0.9754, "review_time_pending_days_avg": 69.751362921348289, "review_time_pending_days_median": 11.328200000000001, "review_time_pending_update_days_avg": 32.172203370786562, "review_time_pending_update_days_median": 2.9371999999999998, "submitted": 5615}