{"abandoned": 3119, "merged": 41055, "review_time_days_avg": 5.212952916373861, "review_time_days_median": 0.3467, "review_time_pending_days_avg": 104.28778713692962, "review_time_pending_days_median": 62.954650000000001, "review_time_pending_update_days_avg": 73.909025933609996, "review_time_pending_update_days_median": 30.9666, "submitted": 44685}