{"abandoned": 3090, "merged": 40671, "review_time_days_avg": 7.605529582331754, "review_time_days_median": 1.19635, "review_time_pending_days_avg": 103.38671120689663, "review_time_pending_days_median": 67.870649999999998, "submitted": 44253}