{"abandoned": 34, "merged": 294, "review_time_days_avg": 0.693187037037037, "review_time_days_median": 0.09575, "review_time_pending_days_avg": 277.7301333333333, "review_time_pending_days_median": 280.23439999999999, "review_time_pending_update_days_avg": 122.95333333333332, "review_time_pending_update_days_median": 77.320899999999995, "submitted": 331}