{"abandoned": 3025, "merged": 40068, "review_time_days_avg": 7.461168801971075, "review_time_days_median": 1.18485, "submitted": 43580}