{"abandoned": 3092, "merged": 40705, "review_time_days_avg": 5.229312755678903, "review_time_days_median": 0.3502, "review_time_pending_days_avg": 104.337410638298, "review_time_pending_days_median": 66.870750000000001, "submitted": 44295}