{"abandoned": 435, "merged": 5132, "review_time_days_avg": 6.348232948224236, "review_time_days_median": 0.9754, "review_time_pending_days_avg": 69.13405287356322, "review_time_pending_days_median": 9.6062999999999992, "review_time_pending_update_days_avg": 33.578597701149441, "review_time_pending_update_days_median": 3.4929000000000001, "submitted": 5624}