{"abandoned": 435, "merged": 5081, "review_time_days_avg": 6.721936575052859, "review_time_days_median": 2.08025, "submitted": 5543}