{"abandoned": 435, "merged": 5092, "review_time_days_avg": 6.718001475237097, "review_time_days_median": 2.0791, "review_time_pending_days_avg": 99.285654545454548, "review_time_pending_days_median": 82.129350000000002, "submitted": 5554}