{"abandoned": 441, "merged": 5114, "review_time_days_avg": 4.948896709585128, "review_time_days_median": 0.66865, "review_time_pending_days_avg": 83.197738888888892, "review_time_pending_days_median": 31.14395, "review_time_pending_update_days_avg": 53.687249999999999, "review_time_pending_update_days_median": 9.3494499999999992, "submitted": 5578}