{"abandoned": 435, "merged": 5091, "review_time_days_avg": 6.718001475237097, "review_time_days_median": 2.0791, "review_time_pending_days_avg": 96.47488260869568, "review_time_pending_days_median": 76.610799999999998, "submitted": 5554}