{"abandoned": 34, "merged": 294, "review_time_days_avg": 0.693187037037037, "review_time_days_median": 0.09575, "review_time_pending_days_avg": 274.91196666666667, "review_time_pending_days_median": 277.4162, "review_time_pending_update_days_avg": 120.13516666666668, "review_time_pending_update_days_median": 74.502700000000004, "submitted": 331}