{"abandoned": 435, "merged": 5091, "review_time_days_avg": 6.718001475237097, "review_time_days_median": 2.0791, "review_time_pending_days_avg": 96.420017391304356, "review_time_pending_days_median": 76.555899999999994, "submitted": 5554}