{"abandoned": 3013, "merged": 39562, "review_time_days_avg": 4.9162914173158425, "review_time_days_median": 0.3809, "review_time_pending_days_avg": 83.586167503692664, "review_time_pending_days_median": 39.457949999999997, "review_time_pending_update_days_avg": 60.052558862629283, "review_time_pending_update_days_median": 18.281849999999999, "submitted": 43093}