{"abandoned": 3093, "merged": 40759, "review_time_days_avg": 5.223773987075603, "review_time_days_median": 0.3498, "review_time_pending_days_avg": 105.24377825159915, "review_time_pending_days_median": 67.910799999999995, "submitted": 44349}