{"abandoned": 3050, "merged": 40356, "review_time_days_avg": 7.548837450622934, "review_time_days_median": 1.1886999999999999, "submitted": 43892}