{"abandoned": 3123, "merged": 41116, "review_time_days_avg": 5.213733500100062, "review_time_days_median": 0.34725, "review_time_pending_days_avg": 106.47659809322043, "review_time_pending_days_median": 65.081950000000006, "review_time_pending_update_days_avg": 75.440208262711906, "review_time_pending_update_days_median": 33.272500000000001, "submitted": 44740}