{"abandoned": 437, "merged": 5102, "review_time_days_avg": 4.7346937950938015, "review_time_days_median": 0.6726000000000001, "review_time_pending_days_avg": 111.74025263157895, "review_time_pending_days_median": 90.174400000000006, "submitted": 5563}