{"abandoned": 435, "merged": 5092, "review_time_days_avg": 4.633371822803201, "review_time_days_median": 0.675, "review_time_pending_days_avg": 99.32861363636367, "review_time_pending_days_median": 82.172300000000007, "submitted": 5554}