{"abandoned": 3141, "merged": 41403, "review_time_days_avg": 5.263569276160504, "review_time_days_median": 0.34945000000000004, "review_time_pending_days_avg": 108.13932850971926, "review_time_pending_days_median": 67.966800000000006, "review_time_pending_update_days_avg": 76.207391792656566, "review_time_pending_update_days_median": 32.061500000000002, "submitted": 45029}