{"abandoned": 435, "merged": 5083, "review_time_days_avg": 6.721936575052859, "review_time_days_median": 2.08025, "review_time_pending_days_avg": 97.910859090909085, "review_time_pending_days_median": 77.508849999999995, "submitted": 5545}