{"abandoned": 3147, "merged": 41483, "review_time_days_avg": 5.273073764221263, "review_time_days_median": 0.35, "review_time_pending_days_avg": 107.84069704641358, "review_time_pending_days_median": 67.83205000000001, "review_time_pending_update_days_avg": 76.924652742616075, "review_time_pending_update_days_median": 32.882350000000002, "submitted": 45127}