{"abandoned": 3073, "merged": 40488, "review_time_days_avg": 7.570713606780711, "review_time_days_median": 1.1914, "review_time_pending_days_avg": 110.55832346241462, "review_time_pending_days_median": 84.588499999999996, "submitted": 44029}