{"abandoned": 34, "merged": 294, "review_time_days_avg": 0.693187037037037, "review_time_days_median": 0.09575, "review_time_pending_days_avg": 274.75543333333331, "review_time_pending_days_median": 277.25970000000001, "review_time_pending_update_days_avg": 119.97859999999999, "review_time_pending_update_days_median": 74.346100000000007, "submitted": 331}