{"abandoned": 436, "merged": 5099, "review_time_days_avg": 4.744886334056405, "review_time_days_median": 0.683, "review_time_pending_days_avg": 117.13653888888894, "review_time_pending_days_median": 95.049049999999994, "submitted": 5558}