{"abandoned": 516, "merged": 5941, "review_time_days_avg": 6.2627448290783345, "review_time_days_median": 0.9227, "review_time_pending_days_avg": 78.071519117647014, "review_time_pending_days_median": 40.214100000000002, "review_time_pending_update_days_avg": 34.471608823529415, "review_time_pending_update_days_median": 6.6932999999999998, "submitted": 6508}