{"abandoned": 437, "merged": 5102, "review_time_days_avg": 4.7346937950938015, "review_time_days_median": 0.6726000000000001, "review_time_pending_days_avg": 114.32204210526315, "review_time_pending_days_median": 92.756200000000007, "review_time_pending_update_days_avg": 65.322494736842103, "review_time_pending_update_days_median": 40.024999999999999, "submitted": 5563}