{"abandoned": 34, "merged": 294, "review_time_days_avg": 0.693187037037037, "review_time_days_median": 0.09575, "review_time_pending_days_avg": 273.69403333333338, "review_time_pending_days_median": 276.19830000000002, "review_time_pending_update_days_avg": 118.91719999999999, "review_time_pending_update_days_median": 73.284700000000001, "submitted": 331}