{"abandoned": 2999, "merged": 41711, "review_time_days_avg": 5.070225243204845, "review_time_days_median": 0.3324, "review_time_pending_days_avg": 92.130967041198133, "review_time_pending_days_median": 54.388500000000001, "review_time_pending_update_days_avg": 64.62447265917605, "review_time_pending_update_days_median": 23.540900000000001, "submitted": 45194}