{"abandoned": 516, "merged": 5945, "review_time_days_avg": 6.302017487046646, "review_time_days_median": 0.93065, "review_time_pending_days_avg": 72.018032876712368, "review_time_pending_days_median": 14.5589, "review_time_pending_update_days_avg": 31.945213698630148, "review_time_pending_update_days_median": 3.4146000000000001, "submitted": 6514}