{"abandoned": 3090, "merged": 40685, "review_time_days_avg": 7.618129872659199, "review_time_days_median": 1.1914, "review_time_pending_days_avg": 100.30238234086234, "review_time_pending_days_median": 58.4495, "submitted": 44289}