{"abandoned": 435, "merged": 5094, "review_time_days_avg": 4.67013248730965, "review_time_days_median": 0.675, "review_time_pending_days_avg": 100.11216818181821, "review_time_pending_days_median": 82.955849999999998, "submitted": 5556}