{"abandoned": 3092, "merged": 40705, "review_time_days_avg": 7.617045745955685, "review_time_days_median": 1.1886999999999999, "review_time_pending_days_avg": 104.3094331914893, "review_time_pending_days_median": 66.842799999999997, "submitted": 44295}