{"abandoned": 34, "merged": 294, "review_time_days_avg": 0.693187037037037, "review_time_days_median": 0.09575, "review_time_pending_days_avg": 272.68723333333338, "review_time_pending_days_median": 275.19150000000002, "review_time_pending_update_days_avg": 117.91043333333334, "review_time_pending_update_days_median": 72.278000000000006, "submitted": 331}