{"abandoned": 3142, "merged": 41412, "review_time_days_avg": 5.260998899479218, "review_time_days_median": 0.3502, "review_time_pending_days_avg": 105.5784946169771, "review_time_pending_days_median": 63.514699999999998, "review_time_pending_update_days_avg": 74.932127950310601, "review_time_pending_update_days_median": 29.521899999999999, "submitted": 45058}