{"abandoned": 433, "merged": 5063, "review_time_days_avg": 6.70999882478633, "review_time_days_median": 2.0845000000000002, "submitted": 5526}