{"abandoned": 435, "merged": 5081, "review_time_days_avg": 6.721936575052859, "review_time_days_median": 2.08025, "review_time_pending_days_avg": 97.614513636363654, "review_time_pending_days_median": 77.212500000000006, "submitted": 5543}