{"abandoned": 441, "merged": 5114, "review_time_days_avg": 4.948896709585128, "review_time_days_median": 0.66865, "review_time_pending_days_avg": 84.187849999999997, "review_time_pending_days_median": 32.134100000000004, "review_time_pending_update_days_avg": 54.677349999999997, "review_time_pending_update_days_median": 10.339549999999999, "submitted": 5578}