{"abandoned": 3014, "merged": 41849, "review_time_days_avg": 5.10005705938416, "review_time_days_median": 0.3381, "review_time_pending_days_avg": 90.914610046948141, "review_time_pending_days_median": 53.443300000000001, "review_time_pending_update_days_avg": 65.347400093896738, "review_time_pending_update_days_median": 24.873000000000001, "submitted": 45343}