{"abandoned": 435, "merged": 5094, "review_time_days_avg": 4.67013248730965, "review_time_days_median": 0.675, "review_time_pending_days_avg": 101.11476363636362, "review_time_pending_days_median": 83.958449999999999, "submitted": 5556}