{"abandoned": 3138, "merged": 41338, "review_time_days_avg": 5.262092585645177, "review_time_days_median": 0.3519, "review_time_pending_days_avg": 110.27584845132741, "review_time_pending_days_median": 73.483049999999992, "review_time_pending_update_days_avg": 77.696688716814222, "review_time_pending_update_days_median": 36.673550000000006, "submitted": 44951}