{"abandoned": 3020, "merged": 39749, "review_time_days_avg": 4.837170194277156, "review_time_days_median": 0.3589, "review_time_pending_days_avg": 95.87349594936714, "review_time_pending_days_median": 62.173000000000002, "review_time_pending_update_days_avg": 68.396784978903099, "review_time_pending_update_days_median": 27.311499999999999, "submitted": 43284}