{"abandoned": 435, "merged": 5084, "review_time_days_avg": 6.721936575052859, "review_time_days_median": 2.08025, "review_time_pending_days_avg": 102.31201904761907, "review_time_pending_days_median": 82.355999999999995, "submitted": 5545}